{
	"credit": "Made by MadstonMagic, using Cubik Pro & Blockbench",
	"textures": {
		"1": "ammunition/7_62x51mm",
		"particle": "ammunition/7_62x51mm"
	},
	"elements": [
		{
			"from": [9.08125, 9.775, 7.5],
			"to": [9.175, 10.275, 8],
			"rotation": {"angle": 0, "axis": "y", "origin": [8.675, 8, 8.375]},
			"faces": {
				"north": {"uv": [3.5, 4, 5.5, 5.75], "texture": "#1"},
				"east": {"uv": [3.5, 4, 5.5, 5.75], "texture": "#1"},
				"south": {"uv": [3.5, 4, 5.5, 5.75], "texture": "#1"},
				"west": {"uv": [3.5, 4, 5.5, 5.75], "texture": "#1"},
				"up": {"uv": [3.5, 4, 5.5, 5.75], "texture": "#1"},
				"down": {"uv": [3.5, 4, 5.5, 5.75], "texture": "#1"}
			}
		},
		{
			"from": [8.45625, 9.8375, 7.5625],
			"to": [9.08125, 10.2125, 7.9375],
			"rotation": {"angle": 0, "axis": "y", "origin": [8.425, 8, 8.375]},
			"faces": {
				"north": {"uv": [3.5, 4, 5.5, 5.75], "texture": "#1"},
				"east": {"uv": [3.5, 4, 5.5, 5.75], "texture": "#1"},
				"south": {"uv": [3.5, 4, 5.5, 5.75], "texture": "#1"},
				"west": {"uv": [3.5, 4, 5.5, 5.75], "texture": "#1"},
				"up": {"uv": [3.5, 4, 5.5, 5.75], "texture": "#1"},
				"down": {"uv": [3.5, 4, 5.5, 5.75], "texture": "#1"}
			}
		},
		{
			"from": [7.8, 9.775, 7.5],
			"to": [9.01875, 10.275, 8],
			"rotation": {"angle": 0, "axis": "y", "origin": [8.425, 8, 8.375]},
			"faces": {
				"north": {"uv": [3.5, 4, 5.5, 5.75], "texture": "#1"},
				"east": {"uv": [3.5, 4, 5.5, 5.75], "texture": "#1"},
				"south": {"uv": [3.5, 4, 5.5, 5.75], "texture": "#1"},
				"west": {"uv": [3.5, 4, 5.5, 5.75], "texture": "#1"},
				"up": {"uv": [3.5, 4, 5.5, 5.75], "texture": "#1"},
				"down": {"uv": [3.5, 4, 5.5, 5.75], "texture": "#1"}
			}
		},
		{
			"from": [7.675, 9.80625, 7.53125],
			"to": [8.425, 10.24375, 7.96875],
			"rotation": {"angle": 0, "axis": "y", "origin": [7.675, 8, 8.375]},
			"faces": {
				"north": {"uv": [10.5, 4, 12.5, 5.75], "texture": "#1"},
				"east": {"uv": [10.5, 4, 12.5, 5.75], "texture": "#1"},
				"south": {"uv": [10.5, 4, 12.5, 5.75], "texture": "#1"},
				"west": {"uv": [10.5, 4, 12.5, 5.75], "texture": "#1"},
				"up": {"uv": [10.5, 4, 12.5, 5.75], "texture": "#1"},
				"down": {"uv": [10.5, 4, 12.5, 5.75], "texture": "#1"}
			}
		},
		{
			"from": [7.55, 9.8375, 7.5625],
			"to": [8.3, 10.2125, 7.9375],
			"rotation": {"angle": 0, "axis": "y", "origin": [7.55, 8, 8.375]},
			"faces": {
				"north": {"uv": [10.5, 4, 12.5, 5.75], "texture": "#1"},
				"east": {"uv": [10.5, 4, 12.5, 5.75], "texture": "#1"},
				"south": {"uv": [10.5, 4, 12.5, 5.75], "texture": "#1"},
				"west": {"uv": [10.5, 4, 12.5, 5.75], "texture": "#1"},
				"up": {"uv": [10.5, 4, 12.5, 5.75], "texture": "#1"},
				"down": {"uv": [10.5, 4, 12.5, 5.75], "texture": "#1"}
			}
		},
		{
			"from": [7.425, 9.86875, 7.59375],
			"to": [8.175, 10.18125, 7.90625],
			"rotation": {"angle": 0, "axis": "y", "origin": [7.425, 8, 8.375]},
			"faces": {
				"north": {"uv": [10.5, 4, 12.5, 5.75], "texture": "#1"},
				"east": {"uv": [10.5, 4, 12.5, 5.75], "texture": "#1"},
				"south": {"uv": [10.5, 4, 12.5, 5.75], "texture": "#1"},
				"west": {"uv": [10.5, 4, 12.5, 5.75], "texture": "#1"},
				"up": {"uv": [10.5, 4, 12.5, 5.75], "texture": "#1"},
				"down": {"uv": [10.5, 4, 12.5, 5.75], "texture": "#1"}
			}
		},
		{
			"from": [7.3, 9.9, 7.625],
			"to": [8.05, 10.15, 7.875],
			"rotation": {"angle": 0, "axis": "y", "origin": [7.3, 8, 8.375]},
			"faces": {
				"north": {"uv": [10.5, 4, 12.5, 5.75], "texture": "#1"},
				"east": {"uv": [10.5, 4, 12.5, 5.75], "texture": "#1"},
				"south": {"uv": [10.5, 4, 12.5, 5.75], "texture": "#1"},
				"west": {"uv": [10.5, 4, 12.5, 5.75], "texture": "#1"},
				"up": {"uv": [10.5, 4, 12.5, 5.75], "texture": "#1"},
				"down": {"uv": [10.5, 4, 12.5, 5.75], "texture": "#1"}
			}
		},
		{
			"from": [7.175, 9.93125, 7.65625],
			"to": [7.925, 10.11875, 7.84375],
			"rotation": {"angle": 0, "axis": "y", "origin": [7.175, 8, 8.375]},
			"faces": {
				"north": {"uv": [10.5, 4, 12.5, 5.75], "texture": "#1"},
				"east": {"uv": [10.5, 4, 12.5, 5.75], "texture": "#1"},
				"south": {"uv": [10.5, 4, 12.5, 5.75], "texture": "#1"},
				"west": {"uv": [10.5, 4, 12.5, 5.75], "texture": "#1"},
				"up": {"uv": [10.5, 4, 12.5, 5.75], "texture": "#1"},
				"down": {"uv": [10.5, 4, 12.5, 5.75], "texture": "#1"}
			}
		}
	],
	"gui_light": "front",
	"display": {
		"thirdperson_righthand": {
			"rotation": [5, -90, 0],
			"translation": [0, -1.5, 0.25],
			"scale": [0.85, 0.85, 0.85]
		},
		"thirdperson_lefthand": {
			"rotation": [5, -90, 0],
			"translation": [0, 0.25, 0.25],
			"scale": [-0.85, 0.85, -0.85]
		},
		"firstperson_righthand": {
			"rotation": [5, -90, -77],
			"translation": [-4, 5, 4]
		},
		"firstperson_lefthand": {
			"rotation": [5, -90, 0],
			"translation": [-3.5, 3.5, 4],
			"scale": [-1, 1, -1]
		},
		"ground": {
			"rotation": [90, 0, 0],
			"translation": [0.5, 2, 0],
			"scale": [0.75, 0.76, 0.76]
		},
		"gui": {
			"rotation": [30, 45, 0],
			"translation": [0, -5.25, 0],
			"scale": [3.41016, 3.25, 3.06641]
		},
		"head": {
			"rotation": [0, 0, -90],
			"translation": [-2, 7.75, 1.25],
			"scale": [1.25, 1.25, 1.25]
		},
		"fixed": {
			"rotation": [0, -180, 0],
			"translation": [0.25, -8.25, -1.5],
			"scale": [4, 4, 4]
		}
	},
	"groups": [
		{
			"name": "09_mk14",
			"origin": [8, 8, 8],
			"color": 0,
			"children": [0, 1, 2, 3, 4, 5, 6, 7]
		}
	]
}