{
	"credit": "Made by SrDarmith - YouTube: Mainclay",
	"textures": {
		"particle": "block/anvil_1",
		"texture": "block/anvil_1",
		"wood door texture": "block/hardened_clay_stained_gray"
	},
	"elements": [
		{
			"from": [-0.5, 9.025, 7.8],
			"to": [6.25, 9.275, 8.2],
			"faces": {
				"north": {"uv": [0, 16, 3, 14], "texture": "#texture", "cullface": "west"},
				"south": {"uv": [3, 16, 0, 14], "texture": "#texture", "cullface": "west"},
				"west": {"uv": [3, 16, 0, 14], "texture": "#texture", "cullface": "west"},
				"up": {"uv": [3, 16, 0, 14], "texture": "#texture", "cullface": "west"},
				"down": {"uv": [0, 14, 3, 16], "texture": "#texture", "cullface": "west"}
			}
		},
		{
			"from": [-0.5, 9.275, 8.2],
			"to": [6.25, 9.675, 8.45],
			"faces": {
				"north": {"uv": [0, 16, 3, 14], "texture": "#texture", "cullface": "west"},
				"south": {"uv": [3, 16, 0, 14], "texture": "#texture", "cullface": "west"},
				"west": {"uv": [3, 16, 0, 14], "texture": "#texture", "cullface": "west"},
				"up": {"uv": [3, 16, 0, 14], "texture": "#texture", "cullface": "west"},
				"down": {"uv": [0, 14, 3, 16], "texture": "#texture", "cullface": "west"}
			}
		},
		{
			"from": [-0.5, 9.275, 7.55],
			"to": [6.25, 9.675, 7.8],
			"faces": {
				"north": {"uv": [0, 16, 3, 14], "texture": "#texture", "cullface": "west"},
				"south": {"uv": [3, 16, 0, 14], "texture": "#texture", "cullface": "west"},
				"west": {"uv": [3, 16, 0, 14], "texture": "#texture", "cullface": "west"},
				"up": {"uv": [3, 16, 0, 14], "texture": "#texture", "cullface": "west"},
				"down": {"uv": [0, 14, 3, 16], "texture": "#texture", "cullface": "west"}
			}
		},
		{
			"from": [-0.5, 9.675, 7.8],
			"to": [6.25, 9.925, 8.2],
			"faces": {
				"north": {"uv": [0, 16, 3, 14], "texture": "#texture", "cullface": "west"},
				"south": {"uv": [3, 16, 0, 14], "texture": "#texture", "cullface": "west"},
				"west": {"uv": [3, 16, 0, 14], "texture": "#texture", "cullface": "west"},
				"up": {"uv": [3, 16, 0, 14], "texture": "#texture", "cullface": "west"},
				"down": {"uv": [0, 14, 3, 16], "texture": "#texture", "cullface": "west"}
			}
		},
		{
			"from": [-2.25, 7.9, 7.8],
			"to": [6.25, 8.15, 8.2],
			"faces": {
				"north": {"uv": [0, 16, 3, 14], "texture": "#texture", "cullface": "west"},
				"south": {"uv": [3, 16, 0, 14], "texture": "#texture", "cullface": "west"},
				"west": {"uv": [3, 16, 0, 14], "texture": "#texture", "cullface": "west"},
				"up": {"uv": [3, 16, 0, 14], "texture": "#texture", "cullface": "west"},
				"down": {"uv": [0, 14, 3, 16], "texture": "#texture", "cullface": "west"}
			}
		},
		{
			"from": [-2.25, 8.15, 8.2],
			"to": [6.25, 8.55, 8.45],
			"faces": {
				"north": {"uv": [0, 16, 3, 14], "texture": "#texture", "cullface": "west"},
				"south": {"uv": [3, 16, 0, 14], "texture": "#texture", "cullface": "west"},
				"west": {"uv": [3, 16, 0, 14], "texture": "#texture", "cullface": "west"},
				"up": {"uv": [3, 16, 0, 14], "texture": "#texture", "cullface": "west"},
				"down": {"uv": [0, 14, 3, 16], "texture": "#texture", "cullface": "west"}
			}
		},
		{
			"from": [-2.25, 8.15, 7.55],
			"to": [6.25, 8.55, 7.8],
			"faces": {
				"north": {"uv": [0, 16, 3, 14], "texture": "#texture", "cullface": "west"},
				"south": {"uv": [3, 16, 0, 14], "texture": "#texture", "cullface": "west"},
				"west": {"uv": [3, 16, 0, 14], "texture": "#texture", "cullface": "west"},
				"up": {"uv": [3, 16, 0, 14], "texture": "#texture", "cullface": "west"},
				"down": {"uv": [0, 14, 3, 16], "texture": "#texture", "cullface": "west"}
			}
		},
		{
			"from": [-2.25, 8.55, 7.8],
			"to": [6.25, 8.8, 8.2],
			"faces": {
				"north": {"uv": [0, 16, 3, 14], "texture": "#texture", "cullface": "west"},
				"south": {"uv": [3, 16, 0, 14], "texture": "#texture", "cullface": "west"},
				"west": {"uv": [3, 16, 0, 14], "texture": "#texture", "cullface": "west"},
				"up": {"uv": [3, 16, 0, 14], "texture": "#texture", "cullface": "west"},
				"down": {"uv": [0, 14, 3, 16], "texture": "#texture", "cullface": "west"}
			}
		},
		{
			"from": [-4.75, 8.025, 7.825],
			"to": [3.25, 8.175, 8.175],
			"faces": {
				"north": {"uv": [0, 16, 3, 14], "texture": "#texture", "cullface": "west"},
				"south": {"uv": [3, 16, 0, 14], "texture": "#texture", "cullface": "west"},
				"west": {"uv": [3, 16, 0, 14], "texture": "#texture", "cullface": "west"},
				"up": {"uv": [3, 16, 0, 14], "texture": "#texture", "cullface": "west"},
				"down": {"uv": [0, 14, 3, 16], "texture": "#texture", "cullface": "west"}
			}
		},
		{
			"from": [-4.75, 8.175, 8.175],
			"to": [3.25, 8.525, 8.35],
			"faces": {
				"north": {"uv": [0, 16, 3, 14], "texture": "#texture", "cullface": "west"},
				"south": {"uv": [3, 16, 0, 14], "texture": "#texture", "cullface": "west"},
				"west": {"uv": [3, 16, 0, 14], "texture": "#texture", "cullface": "west"},
				"up": {"uv": [3, 16, 0, 14], "texture": "#texture", "cullface": "west"},
				"down": {"uv": [0, 14, 3, 16], "texture": "#texture", "cullface": "west"}
			}
		},
		{
			"from": [-4.75, 8.175, 7.65],
			"to": [3.25, 8.525, 7.825],
			"faces": {
				"north": {"uv": [0, 16, 3, 14], "texture": "#texture", "cullface": "west"},
				"south": {"uv": [3, 16, 0, 14], "texture": "#texture", "cullface": "west"},
				"west": {"uv": [3, 16, 0, 14], "texture": "#texture", "cullface": "west"},
				"up": {"uv": [3, 16, 0, 14], "texture": "#texture", "cullface": "west"},
				"down": {"uv": [0, 14, 3, 16], "texture": "#texture", "cullface": "west"}
			}
		},
		{
			"from": [-4.75, 8.525, 7.825],
			"to": [3.25, 8.7, 8.175],
			"faces": {
				"north": {"uv": [0, 16, 3, 14], "texture": "#texture", "cullface": "west"},
				"south": {"uv": [3, 16, 0, 14], "texture": "#texture", "cullface": "west"},
				"west": {"uv": [3, 16, 0, 14], "texture": "#texture", "cullface": "west"},
				"up": {"uv": [3, 16, 0, 14], "texture": "#texture", "cullface": "west"},
				"down": {"uv": [0, 14, 3, 16], "texture": "#texture", "cullface": "west"}
			}
		},
		{
			"from": [-1.5, 7.85, 7.5],
			"to": [-0.3, 8.85, 8.5],
			"faces": {
				"north": {"uv": [16, 7.25, 15, 8.25], "texture": "#texture", "cullface": "west"},
				"east": {"uv": [7.5, 6.75, 8.5, 7.75], "texture": "#texture", "cullface": "west"},
				"south": {"uv": [0, 6.75, 1, 7.75], "texture": "#texture", "cullface": "west"},
				"west": {"uv": [7.5, 6.75, 8.5, 7.75], "texture": "#texture", "cullface": "west"},
				"up": {"uv": [0, 7.5, 1, 8.5], "texture": "#texture", "cullface": "west"},
				"down": {"uv": [16, 9, 15, 8], "texture": "#texture", "cullface": "west"}
			}
		},
		{
			"from": [-0.55, 8.8, 7.5],
			"to": [0.4, 9.975, 8.5],
			"faces": {
				"north": {"uv": [16, 7.25, 15, 8.25], "texture": "#texture", "cullface": "west"},
				"east": {"uv": [7.5, 6.75, 8.5, 7.75], "texture": "#texture", "cullface": "west"},
				"south": {"uv": [0, 6.75, 1, 7.75], "texture": "#texture", "cullface": "west"},
				"west": {"uv": [7.5, 6.75, 8.5, 7.75], "texture": "#texture", "cullface": "west"},
				"up": {"uv": [0, 7.5, 1, 8.5], "texture": "#texture", "cullface": "west"},
				"down": {"uv": [16, 9, 15, 8], "texture": "#texture", "cullface": "west"}
			}
		},
		{
			"from": [-1.3, 8.8, 7.75],
			"to": [-1.05, 9.925, 8.25],
			"faces": {
				"north": {"uv": [15, 7, 16, 7.75], "texture": "#texture", "cullface": "west"},
				"east": {"uv": [7.75, 6, 8.25, 6.75], "texture": "#texture", "cullface": "west"},
				"south": {"uv": [0, 6, 1, 6.75], "texture": "#texture", "cullface": "west"},
				"west": {"uv": [7.75, 6, 8.25, 6.75], "texture": "#texture", "cullface": "west"},
				"up": {"uv": [0, 7.75, 1, 8.25], "texture": "#texture", "cullface": "west"}
			}
		},
		{
			"from": [-1.05, 9.925, 7.7],
			"to": [-0.55, 10.175, 8.3],
			"faces": {
				"north": {"uv": [15, 7, 16, 7.75], "texture": "#texture", "cullface": "west"},
				"east": {"uv": [7.75, 6, 8.25, 6.75], "texture": "#texture", "cullface": "west"},
				"south": {"uv": [0, 6, 1, 6.75], "texture": "#texture", "cullface": "west"},
				"west": {"uv": [7.75, 6, 8.25, 6.75], "texture": "#texture", "cullface": "west"},
				"up": {"uv": [0, 7.75, 1, 8.25], "texture": "#texture", "cullface": "west"}
			}
		},
		{
			"from": [-0.825, 9.975, 7.925],
			"to": [-0.65, 11.175, 8.075],
			"faces": {
				"north": {"uv": [4, 16, 5, 15], "texture": "#texture", "cullface": "west"},
				"east": {"uv": [4, 16, 5, 15], "texture": "#texture", "cullface": "west"},
				"south": {"uv": [4, 16, 5, 15], "texture": "#texture", "cullface": "west"},
				"west": {"uv": [4, 16, 5, 15], "texture": "#texture", "cullface": "west"},
				"up": {"uv": [4, 16, 5, 15], "texture": "#texture", "cullface": "west"}
			}
		},
		{
			"from": [14.425, 4.725, 7.75],
			"to": [14.55, 5.9, 8.25],
			"rotation": {"angle": 22.5, "axis": "z", "origin": [0, 0.25, 0]},
			"faces": {
				"north": {"uv": [4, 16, 5, 15], "texture": "#texture", "cullface": "west"},
				"east": {"uv": [4, 16, 5, 15], "texture": "#texture", "cullface": "west"},
				"south": {"uv": [4, 16, 5, 15], "texture": "#texture", "cullface": "west"},
				"west": {"uv": [4, 16, 5, 15], "texture": "#texture", "cullface": "west"},
				"up": {"uv": [4, 16, 5, 15], "texture": "#texture", "cullface": "west"}
			}
		},
		{
			"from": [6.15, 13.3, 7.75],
			"to": [6.275, 14.475, 8.25],
			"rotation": {"angle": -22.5, "axis": "z", "origin": [0, 0.25, 0]},
			"faces": {
				"north": {"uv": [4, 16, 5, 15], "texture": "#texture", "cullface": "west"},
				"east": {"uv": [4, 16, 5, 15], "texture": "#texture", "cullface": "west"},
				"south": {"uv": [4, 16, 5, 15], "texture": "#texture", "cullface": "west"},
				"west": {"uv": [4, 16, 5, 15], "texture": "#texture", "cullface": "west"},
				"up": {"uv": [4, 16, 5, 15], "texture": "#texture", "cullface": "west"}
			}
		},
		{
			"from": [6.25, 9.5, 7.625],
			"to": [18, 10, 8.375],
			"faces": {
				"north": {"uv": [0, 16, 4, 14], "texture": "#texture", "cullface": "east"},
				"east": {"uv": [0, 16, 4, 14], "texture": "#texture", "cullface": "east"},
				"south": {"uv": [0, 16, 4, 14], "texture": "#texture", "cullface": "east"},
				"west": {"uv": [0, 16, 4, 14], "texture": "#texture"},
				"up": {"uv": [0, 16, 4, 14], "texture": "#texture", "cullface": "east"}
			}
		},
		{
			"from": [6.25, 9.25, 7.5],
			"to": [18, 9.5, 8.5],
			"faces": {
				"north": {"uv": [0, 16, 4, 14], "texture": "#texture", "cullface": "east"},
				"east": {"uv": [0, 16, 4, 14], "texture": "#texture", "cullface": "east"},
				"south": {"uv": [0, 16, 4, 14], "texture": "#texture", "cullface": "east"},
				"west": {"uv": [0, 16, 4, 14], "texture": "#texture"},
				"up": {"uv": [0, 16, 4, 14], "texture": "#texture", "cullface": "east"}
			}
		},
		{
			"from": [6.25, 7.75, 7.375],
			"to": [18.5, 9, 8.625],
			"faces": {
				"north": {"uv": [0, 16, 4, 14], "texture": "#texture", "cullface": "east"},
				"east": {"uv": [0, 16, 4, 14], "texture": "#texture", "cullface": "east"},
				"south": {"uv": [0, 16, 4, 14], "texture": "#texture", "cullface": "east"},
				"west": {"uv": [0, 16, 4, 14], "texture": "#texture", "cullface": "east"},
				"up": {"uv": [0, 16, 4, 14], "texture": "#texture", "cullface": "east"},
				"down": {"uv": [0, 16, 4, 14], "texture": "#texture", "cullface": "east"}
			}
		},
		{
			"from": [6.25, 7.5, 7.2],
			"to": [18.5, 7.85, 8.8],
			"faces": {
				"north": {"uv": [0, 16, 4, 14], "texture": "#texture", "cullface": "east"},
				"east": {"uv": [0, 16, 4, 14], "texture": "#texture", "cullface": "east"},
				"south": {"uv": [0, 16, 4, 14], "texture": "#texture", "cullface": "east"},
				"west": {"uv": [0, 16, 4, 14], "texture": "#texture", "cullface": "east"},
				"up": {"uv": [0, 16, 4, 14], "texture": "#texture", "cullface": "east"},
				"down": {"uv": [0, 16, 4, 14], "texture": "#texture", "cullface": "east"}
			}
		},
		{
			"from": [14.75, 5.75, 7.625],
			"to": [15.75, 6, 8.375],
			"faces": {
				"north": {"uv": [0.25, 9.75, 2, 10], "texture": "#texture"},
				"east": {"uv": [7.5, 9.75, 8.5, 10], "texture": "#texture"},
				"south": {"uv": [14, 9.75, 15.75, 10], "texture": "#texture"},
				"west": {"uv": [7.5, 9.75, 8.5, 10], "texture": "#texture"},
				"up": {"uv": [14, 7.5, 15.75, 8.5], "texture": "#texture"},
				"down": {"uv": [2, 8.5, 0.25, 7.5], "texture": "#texture"}
			}
		},
		{
			"from": [13.75, 5.5, 7.625],
			"to": [14.75, 5.75, 8.375],
			"faces": {
				"north": {"uv": [0.25, 9.75, 2, 10], "texture": "#texture"},
				"east": {"uv": [7.5, 9.75, 8.5, 10], "texture": "#texture"},
				"south": {"uv": [14, 9.75, 15.75, 10], "texture": "#texture"},
				"west": {"uv": [7.5, 9.75, 8.5, 10], "texture": "#texture"},
				"up": {"uv": [14, 7.5, 15.75, 8.5], "texture": "#texture"},
				"down": {"uv": [2, 8.5, 0.25, 7.5], "texture": "#texture"}
			}
		},
		{
			"from": [15.75, 6, 7.625],
			"to": [16, 7.5, 8.375],
			"faces": {
				"north": {"uv": [0, 8.5, 0.25, 9.75], "texture": "#texture"},
				"east": {"uv": [7.5, 8.5, 8.5, 9.75], "texture": "#texture", "cullface": "east"},
				"south": {"uv": [15.75, 8.5, 16, 9.75], "texture": "#texture"},
				"west": {"uv": [7.5, 8.5, 8.5, 9.75], "texture": "#texture"},
				"down": {"uv": [0.25, 8.5, 0, 7.5], "texture": "#texture"}
			}
		},
		{
			"from": [13.5, 5.5, 7.625],
			"to": [13.75, 7.5, 8.375],
			"faces": {
				"north": {"uv": [0, 8.5, 0.25, 9.75], "texture": "#texture"},
				"east": {"uv": [7.5, 8.5, 8.5, 9.75], "texture": "#texture", "cullface": "east"},
				"south": {"uv": [15.75, 8.5, 16, 9.75], "texture": "#texture"},
				"west": {"uv": [7.5, 8.5, 8.5, 9.75], "texture": "#texture"},
				"down": {"uv": [0.25, 8.5, 0, 7.5], "texture": "#texture"}
			}
		},
		{
			"from": [12.6, 6.45, 7.5],
			"to": [13.3, 7.5, 8.5],
			"faces": {
				"north": {"uv": [0, 8.5, 0.25, 9.75], "texture": "#texture"},
				"east": {"uv": [7.5, 8.5, 8.5, 9.75], "texture": "#texture", "cullface": "east"},
				"south": {"uv": [15.75, 8.5, 16, 9.75], "texture": "#texture"},
				"west": {"uv": [7.5, 8.5, 8.5, 9.75], "texture": "#texture"},
				"down": {"uv": [0.25, 8.5, 0, 7.5], "texture": "#texture"}
			}
		},
		{
			"from": [13.1, 5.65, 7.5],
			"to": [13.3, 6.45, 8.5],
			"faces": {
				"north": {"uv": [0, 8.5, 0.25, 9.75], "texture": "#texture"},
				"east": {"uv": [7.5, 8.5, 8.5, 9.75], "texture": "#texture", "cullface": "east"},
				"south": {"uv": [15.75, 8.5, 16, 9.75], "texture": "#texture"},
				"west": {"uv": [7.5, 8.5, 8.5, 9.75], "texture": "#texture"},
				"down": {"uv": [0.25, 8.5, 0, 7.5], "texture": "#texture"}
			}
		},
		{
			"from": [16, 6.05, 7.625],
			"to": [18, 7.25, 8.375],
			"faces": {
				"north": {"uv": [16, 12, 15, 11], "texture": "#wood door texture", "cullface": "east"},
				"east": {"uv": [16, 12, 15, 11], "texture": "#wood door texture", "cullface": "east"},
				"south": {"uv": [16, 12, 15, 11], "texture": "#wood door texture", "cullface": "east"},
				"down": {"uv": [16, 12, 15, 11], "texture": "#wood door texture", "cullface": "east"}
			}
		},
		{
			"from": [17.35, -4.05, 7.625],
			"to": [19.1, -0.25, 8.375],
			"rotation": {"angle": 22.5, "axis": "z", "origin": [0, 0, 0]},
			"faces": {
				"north": {"uv": [16, 12, 15, 11], "rotation": 270, "texture": "#wood door texture", "cullface": "east"},
				"east": {"uv": [16, 12, 15, 11], "rotation": 90, "texture": "#wood door texture"},
				"south": {"uv": [16, 12, 15, 11], "rotation": 90, "texture": "#wood door texture", "cullface": "east"},
				"west": {"uv": [16, 12, 15, 11], "rotation": 90, "texture": "#wood door texture", "cullface": "east"},
				"up": {"uv": [16, 12, 15, 11], "rotation": 90, "texture": "#wood door texture"},
				"down": {"uv": [16, 12, 15, 11], "rotation": 90, "texture": "#wood door texture", "cullface": "east"}
			}
		},
		{
			"from": [2.9, 7, 7.525],
			"to": [5.9, 9.775, 8.475],
			"rotation": {"angle": -45, "axis": "z", "origin": [0.125, -1.25, 0]},
			"faces": {
				"north": {"uv": [0.2, 8.2, 6.8, 8.7], "texture": "#wood door texture", "cullface": "east"},
				"east": {"uv": [6.1, 8.1, 6.7, 8.8], "texture": "#wood door texture", "cullface": "east"},
				"south": {"uv": [6.7, 8.1, 0, 8.8], "texture": "#wood door texture", "cullface": "east"},
				"west": {"uv": [0, 0, 0, 0], "texture": "#wood door texture"},
				"down": {"uv": [6.1, 8.9, 6.8, 8.1], "texture": "#wood door texture", "cullface": "east"}
			}
		},
		{
			"from": [6.5, 6.7, 7.525],
			"to": [9.7, 9.475, 8.475],
			"rotation": {"angle": -22.5, "axis": "z", "origin": [0.125, -1.25, 0]},
			"faces": {
				"north": {"uv": [0.2, 8.2, 6.8, 8.7], "texture": "#wood door texture", "cullface": "east"},
				"east": {"uv": [6.1, 8.1, 6.7, 8.8], "texture": "#wood door texture", "cullface": "east"},
				"south": {"uv": [6.7, 8.1, 0, 8.8], "texture": "#wood door texture", "cullface": "east"},
				"west": {"uv": [0, 0, 0, 0], "texture": "#wood door texture"},
				"down": {"uv": [6.1, 8.9, 6.8, 8.1], "texture": "#wood door texture", "cullface": "east"}
			}
		},
		{
			"from": [8.125, 6.4, 7.525],
			"to": [11.125, 8.175, 8.475],
			"rotation": {"angle": 0, "axis": "y", "origin": [-1.625, -0.85, 0]},
			"faces": {
				"north": {"uv": [0.2, 8.2, 6.8, 8.7], "texture": "#wood door texture", "cullface": "east"},
				"east": {"uv": [6.1, 8.1, 6.7, 8.8], "texture": "#wood door texture", "cullface": "east"},
				"south": {"uv": [6.7, 8.1, 0, 8.8], "texture": "#wood door texture", "cullface": "east"},
				"west": {"uv": [0, 0, 0, 0], "texture": "#wood door texture"},
				"down": {"uv": [6.1, 8.9, 6.8, 8.1], "texture": "#wood door texture", "cullface": "east"}
			}
		},
		{
			"from": [0, 9.9, 7.525],
			"to": [3, 11.675, 8.475],
			"rotation": {"angle": -45, "axis": "z", "origin": [-1.575, -0.85, 0]},
			"faces": {
				"north": {"uv": [0.2, 8.2, 6.8, 8.7], "texture": "#wood door texture", "cullface": "east"},
				"east": {"uv": [6.1, 8.1, 6.7, 8.8], "texture": "#wood door texture", "cullface": "east"},
				"south": {"uv": [6.7, 8.1, 0, 8.8], "texture": "#wood door texture", "cullface": "east"},
				"west": {"uv": [0, 0, 0, 0], "texture": "#wood door texture"},
				"down": {"uv": [6.1, 8.9, 6.8, 8.1], "texture": "#wood door texture", "cullface": "east"}
			}
		},
		{
			"from": [4.375, 8.95, 7.525],
			"to": [7.375, 10.725, 8.475],
			"rotation": {"angle": -22.5, "axis": "z", "origin": [-1.625, -0.85, 0]},
			"faces": {
				"north": {"uv": [0.2, 8.2, 6.8, 8.7], "texture": "#wood door texture", "cullface": "east"},
				"east": {"uv": [6.1, 8.1, 6.7, 8.8], "texture": "#wood door texture", "cullface": "east"},
				"south": {"uv": [6.7, 8.1, 0, 8.8], "texture": "#wood door texture", "cullface": "east"},
				"west": {"uv": [0, 0, 0, 0], "texture": "#wood door texture"},
				"down": {"uv": [6.1, 8.9, 6.8, 8.1], "texture": "#wood door texture", "cullface": "east"}
			}
		},
		{
			"from": [9.875, 5, 7.525],
			"to": [13.075, 7.775, 8.475],
			"rotation": {"angle": 0, "axis": "y", "origin": [0.125, -1.25, 0]},
			"faces": {
				"north": {"uv": [0.2, 8.2, 6.8, 8.7], "texture": "#wood door texture", "cullface": "east"},
				"east": {"uv": [6.1, 8.1, 6.7, 8.8], "texture": "#wood door texture", "cullface": "east"},
				"south": {"uv": [6.7, 8.1, 0, 8.8], "texture": "#wood door texture", "cullface": "east"},
				"west": {"uv": [0, 0, 0, 0], "texture": "#wood door texture"},
				"down": {"uv": [6.1, 8.9, 6.8, 8.1], "texture": "#wood door texture", "cullface": "east"}
			}
		},
		{
			"from": [17.15, -4.05, 7.625],
			"to": [17.5, -3.775, 8.375],
			"rotation": {"angle": 22.5, "axis": "z", "origin": [0, 0, 0]},
			"faces": {
				"north": {"uv": [16, 12, 15, 11], "rotation": 270, "texture": "#wood door texture", "cullface": "east"},
				"east": {"uv": [16, 12, 15, 11], "rotation": 90, "texture": "#wood door texture"},
				"south": {"uv": [16, 12, 15, 11], "rotation": 90, "texture": "#wood door texture", "cullface": "east"},
				"west": {"uv": [16, 12, 15, 11], "rotation": 90, "texture": "#wood door texture", "cullface": "east"},
				"up": {"uv": [16, 12, 15, 11], "rotation": 90, "texture": "#wood door texture"},
				"down": {"uv": [16, 12, 15, 11], "rotation": 90, "texture": "#wood door texture", "cullface": "east"}
			}
		},
		{
			"from": [16, 7.25, 7.6],
			"to": [18.25, 7.5, 8.4],
			"faces": {
				"north": {"uv": [16, 12.5, 15, 11.5], "texture": "#wood door texture", "cullface": "east"},
				"east": {"uv": [16, 12.5, 15, 11.5], "texture": "#wood door texture", "cullface": "east"},
				"south": {"uv": [16, 12.5, 15, 11.5], "texture": "#wood door texture", "cullface": "east"},
				"down": {"uv": [16, 12.5, 15, 11.5], "texture": "#wood door texture", "cullface": "east"}
			}
		},
		{
			"from": [15.25, 6.175, 7.875],
			"to": [15.5, 7.675, 8.125],
			"rotation": {"angle": -22.5, "axis": "z", "origin": [15.25, 8, 7.75]},
			"faces": {
				"north": {"uv": [0, 2, 0.25, 3.5], "texture": "#texture"},
				"east": {"uv": [7.5, 2, 8.5, 3.5], "texture": "#texture"},
				"south": {"uv": [15.75, 2, 16, 3.5], "texture": "#texture"},
				"west": {"uv": [7.5, 2, 8.5, 3.5], "texture": "#texture"},
				"up": {"uv": [15.75, 7.5, 16, 8.5], "texture": "#texture"},
				"down": {"uv": [0.25, 8.5, 0, 7.5], "texture": "#texture"}
			}
		},
		{
			"from": [6.25, 9, 7.5],
			"to": [18.25, 9.25, 8.5],
			"faces": {
				"north": {"uv": [0, 16, 4, 14], "texture": "#texture", "cullface": "east"},
				"east": {"uv": [0, 16, 4, 14], "texture": "#texture", "cullface": "east"},
				"south": {"uv": [0, 16, 4, 14], "texture": "#texture", "cullface": "east"},
				"west": {"uv": [0, 16, 4, 14], "texture": "#texture"},
				"up": {"uv": [0, 16, 4, 14], "texture": "#texture", "cullface": "east"}
			}
		},
		{
			"from": [18.375, 7.55, 8.475],
			"to": [25.3, 7.8, 8.725],
			"rotation": {"angle": 0, "axis": "y", "origin": [-0.95, 0.25, 0]},
			"faces": {
				"north": {"uv": [16, 12, 15, 11], "texture": "#texture", "cullface": "east"},
				"south": {"uv": [16, 12, 15, 11], "texture": "#texture", "cullface": "east"},
				"west": {"uv": [16, 12, 15, 11], "texture": "#texture", "cullface": "east"},
				"up": {"uv": [16, 12, 15, 11], "texture": "#texture", "cullface": "east"},
				"down": {"uv": [16, 12, 15, 11], "texture": "#texture"}
			}
		},
		{
			"from": [18.375, 7.55, 7.275],
			"to": [25.3, 7.8, 7.525],
			"rotation": {"angle": 0, "axis": "y", "origin": [-0.95, 0.25, 0]},
			"faces": {
				"north": {"uv": [16, 12, 15, 11], "texture": "#texture", "cullface": "east"},
				"south": {"uv": [16, 12, 15, 11], "texture": "#texture", "cullface": "east"},
				"west": {"uv": [16, 12, 15, 11], "texture": "#texture", "cullface": "east"},
				"up": {"uv": [16, 12, 15, 11], "texture": "#texture", "cullface": "east"},
				"down": {"uv": [16, 12, 15, 11], "texture": "#texture"}
			}
		},
		{
			"from": [25.3, 4.05, 7.45],
			"to": [25.55, 4.3, 8.575],
			"rotation": {"angle": 0, "axis": "y", "origin": [-0.7, 0.25, 0]},
			"faces": {
				"north": {"uv": [16, 12, 15, 11], "texture": "#texture", "cullface": "east"},
				"east": {"uv": [16, 12, 15, 11], "texture": "#texture", "cullface": "east"},
				"south": {"uv": [16, 12, 15, 11], "texture": "#texture", "cullface": "east"},
				"west": {"uv": [16, 12, 15, 11], "texture": "#texture", "cullface": "east"},
				"up": {"uv": [16, 12, 15, 11], "texture": "#texture", "cullface": "east"},
				"down": {"uv": [16, 12, 15, 11], "texture": "#texture", "cullface": "east"}
			}
		},
		{
			"from": [25.3, 4.3, 8.475],
			"to": [25.55, 7.8, 8.725],
			"rotation": {"angle": 0, "axis": "y", "origin": [-0.7, 0.25, 0]},
			"faces": {
				"north": {"uv": [16, 12, 15, 11], "texture": "#texture", "cullface": "east"},
				"east": {"uv": [16, 12, 15, 11], "texture": "#texture", "cullface": "east"},
				"south": {"uv": [16, 12, 15, 11], "texture": "#texture", "cullface": "east"},
				"west": {"uv": [16, 12, 15, 11], "texture": "#texture", "cullface": "east"},
				"up": {"uv": [16, 12, 15, 11], "texture": "#texture", "cullface": "east"},
				"down": {"uv": [16, 12, 15, 11], "texture": "#texture", "cullface": "east"}
			}
		},
		{
			"from": [25.3, 4.3, 7.275],
			"to": [25.55, 7.8, 7.525],
			"rotation": {"angle": 0, "axis": "y", "origin": [-0.7, 0.25, 0]},
			"faces": {
				"north": {"uv": [16, 12, 15, 11], "texture": "#texture", "cullface": "east"},
				"east": {"uv": [16, 12, 15, 11], "texture": "#texture", "cullface": "east"},
				"south": {"uv": [16, 12, 15, 11], "texture": "#texture", "cullface": "east"},
				"west": {"uv": [16, 12, 15, 11], "texture": "#texture", "cullface": "east"},
				"up": {"uv": [16, 12, 15, 11], "texture": "#texture", "cullface": "east"},
				"down": {"uv": [16, 12, 15, 11], "texture": "#texture", "cullface": "east"}
			}
		},
		{
			"from": [-0.55, 8.8, 7.625],
			"to": [-0.3, 10.175, 8.375],
			"faces": {
				"north": {"uv": [16, 9, 15.25, 10.375], "texture": "#texture"},
				"east": {"uv": [0, 0, 0.75, 1.375], "texture": "#texture"},
				"south": {"uv": [0, 0, 0.25, 1.375], "texture": "#texture"},
				"west": {"uv": [0, 0, 0.75, 1.375], "texture": "#texture"},
				"up": {"uv": [0, 0, 0.25, 0.75], "texture": "#texture"},
				"down": {"uv": [0, 0, 0.25, 0.75], "texture": "#texture"}
			}
		}
	],
	"gui_light": "front",
	"display": {
		"thirdperson_righthand": {
			"rotation": [0, -90, -60],
			"translation": [0, 5.5, -1],
			"scale": [0.8, 0.8, 0.8]
		},
		"thirdperson_lefthand": {
			"rotation": [0, 90, 0],
			"translation": [0, 0.5, -5],
			"scale": [0.8, 0.8, 0.8]
		},
		"firstperson_righthand": {
			"rotation": [0, -90, 0],
			"translation": [0, 2.25, -7]
		},
		"firstperson_lefthand": {
			"rotation": [0, 90, 0],
			"translation": [0, 2.25, -7]
		},
		"ground": {
			"translation": [-1.75, 3.25, 0],
			"scale": [0.95, 0.95, 0.95]
		},
		"gui": {
			"rotation": [0, 0, -45],
			"translation": [-1, 1.75, 0],
			"scale": [0.63, 0.63, 0.9]
		},
		"head": {
			"rotation": [0, -90, 0],
			"translation": [0, 12.75, 0]
		},
		"fixed": {
			"rotation": [0, 180, -45],
			"translation": [1.75, 2.75, -1.1]
		}
	},
	"groups": [
		{
			"name": "FAL",
			"origin": [8, 8, 8],
			"color": 0,
			"children": [
				{
					"name": "aps",
					"origin": [8, 8, 8],
					"color": 0,
					"children": [
						0,
						1,
						2,
						3,
						4,
						5,
						6,
						7,
						8,
						9,
						10,
						11,
						12,
						13,
						14,
						15,
						16,
						17,
						18,
						19,
						20,
						21,
						22,
						23,
						24,
						25,
						26,
						27,
						28,
						29,
						30,
						31,
						32,
						33,
						34,
						35,
						36,
						37,
						38,
						39,
						40,
						41,
						42,
						43,
						44,
						45,
						46
					]
				}
			]
		}
	]
}