{
	"credit": "Made by SrDarmith - YouTube: Mainclay",
	"textures": {
		"1": "block/nether_portal",
		"particle": "block/nether_portal",
		"texture": "block/anvil_1"
	},
	"elements": [
		{
			"from": [4, 9.7, 7.125],
			"to": [12.7, 10.45, 7.75],
			"rotation": {"angle": 0, "axis": "y", "origin": [0, -0.25, -0.25]},
			"faces": {
				"north": {"uv": [3.5, 4.75, 14, 5.75], "texture": "#texture"},
				"east": {"uv": [8, 4.75, 8.75, 5.75], "texture": "#texture"},
				"south": {"uv": [2, 4.75, 12.5, 5.75], "texture": "#texture"},
				"west": {"uv": [7.25, 4.75, 8, 5.75], "texture": "#texture"},
				"up": {"uv": [2, 7.25, 12.5, 8], "texture": "#texture"},
				"down": {"uv": [14, 8, 3.5, 7.25], "texture": "#texture"}
			}
		},
		{
			"from": [3.75, 9.175, 7.3],
			"to": [12.5, 9.95, 8.7],
			"rotation": {"angle": 0, "axis": "y", "origin": [0, -0.25, -0.25]},
			"faces": {
				"north": {"uv": [16, 12, 15, 11], "texture": "#texture"},
				"east": {"uv": [16, 12, 15, 11], "texture": "#texture"},
				"south": {"uv": [16, 12, 15, 11], "texture": "#texture"},
				"west": {"uv": [16, 12, 15, 11], "texture": "#texture"},
				"up": {"uv": [16, 12, 15, 11], "texture": "#texture"},
				"down": {"uv": [16, 12, 15, 11], "texture": "#texture"}
			}
		},
		{
			"from": [9.25, 9.7, 7.2],
			"to": [13, 9.95, 8.8],
			"rotation": {"angle": 0, "axis": "y", "origin": [0, -0.25, -0.25]},
			"faces": {
				"north": {"uv": [9, 7, 5, 6], "texture": "#texture"},
				"east": {"uv": [9, 7, 5, 6], "texture": "#texture"},
				"south": {"uv": [9, 7, 5, 6], "texture": "#texture"},
				"west": {"uv": [9, 7, 5, 6], "texture": "#texture"},
				"up": {"uv": [9, 7, 5, 6], "texture": "#texture"},
				"down": {"uv": [9, 7, 5, 6], "texture": "#texture"}
			}
		},
		{
			"from": [9.25, 9.175, 7.2],
			"to": [13, 9.7, 8.8],
			"rotation": {"angle": 0, "axis": "y", "origin": [0, -0.25, -0.25]},
			"faces": {
				"north": {"uv": [16, 12, 15, 11], "texture": "#texture"},
				"east": {"uv": [16, 12, 15, 11], "texture": "#texture"},
				"south": {"uv": [16, 12, 15, 11], "texture": "#texture"},
				"west": {"uv": [16, 12, 15, 11], "texture": "#texture"},
				"up": {"uv": [16, 12, 15, 11], "texture": "#texture"},
				"down": {"uv": [16, 12, 15, 11], "texture": "#texture"}
			}
		},
		{
			"from": [3, 9.225, 7.5],
			"to": [12.5, 10.075, 8.5],
			"rotation": {"angle": 0, "axis": "y", "origin": [0, -0.25, -0.25]},
			"faces": {
				"north": {"uv": [4.5, 5.5, 14, 6.5], "texture": "#texture"},
				"east": {"uv": [7.25, 5.5, 8.25, 6.5], "texture": "#texture"},
				"south": {"uv": [2, 5.5, 11.5, 6.5], "texture": "#texture"},
				"west": {"uv": [7.75, 5.5, 8.75, 6.5], "texture": "#texture"},
				"up": {"uv": [2, 7.75, 11.5, 8.75], "texture": "#texture"},
				"down": {"uv": [14, 8.75, 4.5, 7.75], "texture": "#texture"}
			}
		},
		{
			"from": [5.5, 8.75, 7.35],
			"to": [12.3, 9, 8.65],
			"rotation": {"angle": 0, "axis": "y", "origin": [0, -0.25, -0.25]},
			"faces": {
				"north": {"uv": [16, 12, 15, 11], "texture": "#texture"},
				"east": {"uv": [16, 12, 15, 11], "texture": "#texture"},
				"south": {"uv": [16, 12, 15, 11], "texture": "#texture"},
				"west": {"uv": [16, 12, 15, 11], "texture": "#texture"},
				"down": {"uv": [16, 12, 15, 11], "texture": "#texture"}
			}
		},
		{
			"from": [3.75, 9, 7.35],
			"to": [12.3, 9.25, 8.65],
			"rotation": {"angle": 0, "axis": "y", "origin": [0, -0.25, -0.25]},
			"faces": {
				"north": {"uv": [16, 12, 15, 11], "texture": "#texture"},
				"east": {"uv": [16, 12, 15, 11], "texture": "#texture"},
				"south": {"uv": [16, 12, 15, 11], "texture": "#texture"},
				"west": {"uv": [16, 12, 15, 11], "texture": "#texture"},
				"down": {"uv": [16, 12, 15, 11], "texture": "#texture"}
			}
		},
		{
			"from": [3.75, 10.475, 7.625],
			"to": [9.25, 11.1, 8.375],
			"rotation": {"angle": 0, "axis": "y", "origin": [0, -0.25, -0.25]},
			"faces": {
				"north": {"uv": [4, 16, 5, 15], "texture": "#texture"},
				"east": {"uv": [4, 16, 5, 15], "texture": "#texture"},
				"south": {"uv": [4, 16, 5, 15], "texture": "#texture"},
				"west": {"uv": [4, 16, 5, 15], "texture": "#texture"},
				"up": {"uv": [4, 16, 5, 15], "texture": "#texture"}
			}
		},
		{
			"from": [9, 10.525, 7.5],
			"to": [12.25, 11.275, 8.5],
			"rotation": {"angle": 0, "axis": "y", "origin": [0, -0.25, -0.25]},
			"faces": {
				"north": {"uv": [3.5, 4.25, 7, 4.5], "texture": "#texture"},
				"east": {"uv": [7, 4.25, 8.5, 4.5], "texture": "#texture"},
				"south": {"uv": [9, 4.25, 12.5, 4.5], "texture": "#texture"},
				"west": {"uv": [7.5, 4.25, 9, 4.5], "texture": "#texture"},
				"up": {"uv": [9, 7.5, 12.5, 9], "texture": "#texture"}
			}
		},
		{
			"from": [3, 10.45, 7.25],
			"to": [3.75, 10.95, 8.75],
			"rotation": {"angle": 0, "axis": "y", "origin": [0, -0.25, -0.25]},
			"faces": {
				"north": {"uv": [3.5, 4.5, 7, 5.75], "texture": "#texture"},
				"east": {"uv": [7, 4.5, 8.5, 5.75], "texture": "#texture"},
				"south": {"uv": [9, 4.5, 12.5, 5.75], "texture": "#texture"},
				"west": {"uv": [7.5, 4.5, 9, 5.75], "texture": "#texture"},
				"up": {"uv": [10, 8, 11, 9], "texture": "#texture"},
				"down": {"uv": [0, 0, 0, 0], "texture": "#texture"}
			}
		},
		{
			"from": [3, 10.675, 7.5],
			"to": [3.75, 11.275, 8.5],
			"rotation": {"angle": 0, "axis": "y", "origin": [0, -0.25, -0.25]},
			"faces": {
				"north": {"uv": [3.5, 4.25, 7, 4.5], "texture": "#texture"},
				"east": {"uv": [7, 4.25, 8.5, 4.5], "texture": "#texture"},
				"south": {"uv": [9, 4.25, 12.5, 4.5], "texture": "#texture"},
				"west": {"uv": [7.5, 4.25, 9, 4.5], "texture": "#texture"},
				"up": {"uv": [9, 7.5, 12.5, 9], "texture": "#texture"}
			}
		},
		{
			"from": [7.2, 8.975, 7.875],
			"to": [7.675, 9.275, 8.125],
			"rotation": {"angle": 22.5, "axis": "z", "origin": [0, -0.25, -0.25]},
			"faces": {
				"north": {"uv": [13, 4, 13.75, 4.25], "texture": "#texture"},
				"east": {"uv": [7.5, 4, 8, 4.25], "texture": "#texture"},
				"south": {"uv": [2.25, 4, 3, 4.25], "texture": "#texture"},
				"west": {"uv": [8, 4, 8.5, 4.25], "texture": "#texture"},
				"up": {"uv": [2.25, 8, 3, 8.5], "texture": "#texture"}
			}
		},
		{
			"from": [9, 10.275, 7.25],
			"to": [12.5, 10.95, 8.75],
			"rotation": {"angle": 0, "axis": "y", "origin": [0, -0.25, -0.25]},
			"faces": {
				"north": {"uv": [3.5, 4.5, 7, 5.75], "texture": "#texture"},
				"east": {"uv": [7, 4.5, 8.5, 5.75], "texture": "#texture"},
				"south": {"uv": [9, 4.5, 12.5, 5.75], "texture": "#texture"},
				"west": {"uv": [7.5, 4.5, 9, 5.75], "texture": "#texture"},
				"up": {"uv": [10, 8, 11, 9], "texture": "#texture"},
				"down": {"uv": [0, 0, 0, 0], "texture": "#texture"}
			}
		},
		{
			"from": [3.75, 10.45, 7.25],
			"to": [9, 10.7, 8.75],
			"rotation": {"angle": 0, "axis": "y", "origin": [0, -0.25, -0.25]},
			"faces": {
				"north": {"uv": [3.5, 4.5, 7, 5.75], "texture": "#texture"},
				"east": {"uv": [7, 4.5, 8.5, 5.75], "texture": "#texture"},
				"south": {"uv": [9, 4.5, 12.5, 5.75], "texture": "#texture"},
				"west": {"uv": [7.5, 4.5, 9, 5.75], "texture": "#texture"},
				"up": {"uv": [10, 8, 11, 9], "texture": "#texture"},
				"down": {"uv": [0, 0, 0, 0], "texture": "#texture"}
			}
		},
		{
			"from": [3.75, 10.425, 7.375],
			"to": [9.25, 10.9, 8.625],
			"rotation": {"angle": 0, "axis": "y", "origin": [0, -0.25, -0.25]},
			"faces": {
				"north": {"uv": [4, 16, 5, 15], "texture": "#texture"},
				"east": {"uv": [4, 16, 5, 15], "texture": "#texture"},
				"south": {"uv": [4, 16, 5, 15], "texture": "#texture"},
				"west": {"uv": [4, 16, 5, 15], "texture": "#texture"},
				"up": {"uv": [4, 16, 5, 15], "texture": "#texture"},
				"down": {"uv": [4, 16, 5, 15], "texture": "#texture"}
			}
		},
		{
			"from": [0.775, 10.325, 7.5],
			"to": [3, 10.825, 7.75],
			"rotation": {"angle": 0, "axis": "y", "origin": [0, -0.25, -0.25]},
			"faces": {
				"north": {"uv": [5, 16, 4, 15], "texture": "#texture"},
				"east": {"uv": [5, 16, 4, 15], "texture": "#texture"},
				"south": {"uv": [5, 16, 4, 15], "texture": "#texture"},
				"west": {"uv": [5, 16, 4, 15], "texture": "#texture"},
				"up": {"uv": [5, 16, 4, 15], "texture": "#texture"},
				"down": {"uv": [5, 16, 4, 15], "texture": "#texture"}
			}
		},
		{
			"from": [0.775, 10.325, 8.25],
			"to": [3, 10.825, 8.5],
			"rotation": {"angle": 0, "axis": "y", "origin": [0, -0.25, -0.25]},
			"faces": {
				"north": {"uv": [5, 16, 4, 15], "texture": "#texture"},
				"east": {"uv": [5, 16, 4, 15], "texture": "#texture"},
				"south": {"uv": [5, 16, 4, 15], "texture": "#texture"},
				"west": {"uv": [5, 16, 4, 15], "texture": "#texture"},
				"up": {"uv": [5, 16, 4, 15], "texture": "#texture"},
				"down": {"uv": [5, 16, 4, 15], "texture": "#texture"}
			}
		},
		{
			"from": [11.75, 9, 7.5],
			"to": [13.65, 9.25, 8.5],
			"rotation": {"angle": 0, "axis": "y", "origin": [0, 0, -0.25]},
			"faces": {
				"north": {"uv": [16, 12, 15, 11], "texture": "#texture"},
				"east": {"uv": [16, 12, 15, 11], "texture": "#texture"},
				"south": {"uv": [16, 12, 15, 11], "texture": "#texture"},
				"west": {"uv": [16, 12, 15, 11], "texture": "#texture"},
				"up": {"uv": [16, 12, 15, 11], "texture": "#texture"},
				"down": {"uv": [16, 12, 15, 11], "texture": "#texture"}
			}
		},
		{
			"from": [0.775, 10.075, 7.75],
			"to": [3, 10.325, 8.25],
			"rotation": {"angle": 0, "axis": "y", "origin": [0, -0.25, -0.25]},
			"faces": {
				"north": {"uv": [5, 16, 4, 15], "texture": "#texture"},
				"east": {"uv": [5, 16, 4, 15], "texture": "#texture"},
				"south": {"uv": [5, 16, 4, 15], "texture": "#texture"},
				"west": {"uv": [5, 16, 4, 15], "texture": "#texture"},
				"up": {"uv": [5, 16, 4, 15], "texture": "#texture"},
				"down": {"uv": [5, 16, 4, 15], "texture": "#texture"}
			}
		},
		{
			"from": [4, 9.7, 8.25],
			"to": [12.7, 10.45, 8.875],
			"rotation": {"angle": 0, "axis": "y", "origin": [0, -0.25, -0.25]},
			"faces": {
				"north": {"uv": [3.5, 4.75, 14, 5.75], "texture": "#texture"},
				"east": {"uv": [6.75, 4.75, 7.5, 5.75], "texture": "#texture"},
				"south": {"uv": [2, 4.75, 12.5, 5.75], "texture": "#texture"},
				"west": {"uv": [8.5, 4.75, 9.25, 5.75], "texture": "#texture"},
				"up": {"uv": [2, 8.5, 12.5, 9.25], "texture": "#texture"},
				"down": {"uv": [14, 9.25, 3.5, 8.5], "texture": "#texture"}
			}
		},
		{
			"from": [3, 9.7, 7.25],
			"to": [4.05, 10.45, 7.75],
			"rotation": {"angle": 0, "axis": "y", "origin": [0, -0.25, -0.25]},
			"faces": {
				"north": {"uv": [4.5, 4.75, 11, 5.75], "texture": "#texture"},
				"east": {"uv": [9, 4.75, 5.75, 5.75], "texture": "#texture"},
				"south": {"uv": [3, 4.75, 9.5, 5.75], "texture": "#texture"},
				"west": {"uv": [8.25, 4.75, 5, 5.75], "texture": "#texture"},
				"up": {"uv": [2, 7.25, 12.5, 8], "texture": "#texture"},
				"down": {"uv": [14, 8, 3.5, 7.25], "texture": "#texture"}
			}
		},
		{
			"from": [3, 9.7, 8.25],
			"to": [4.05, 10.45, 8.75],
			"rotation": {"angle": 0, "axis": "y", "origin": [0, -0.25, -0.25]},
			"faces": {
				"north": {"uv": [4.5, 4.75, 11, 5.75], "texture": "#texture"},
				"east": {"uv": [7.75, 4.75, 4.5, 5.75], "texture": "#texture"},
				"south": {"uv": [3, 4.75, 9.5, 5.75], "texture": "#texture"},
				"west": {"uv": [9.5, 4.75, 6.25, 5.75], "texture": "#texture"},
				"up": {"uv": [2, 8.5, 12.5, 9.25], "texture": "#texture"},
				"down": {"uv": [14, 9.25, 3.5, 8.5], "texture": "#texture"}
			}
		},
		{
			"from": [0.775, 10.825, 7.75],
			"to": [3, 11.075, 8.25],
			"rotation": {"angle": 0, "axis": "y", "origin": [0, -0.25, -0.25]},
			"faces": {
				"north": {"uv": [5, 16, 4, 15], "texture": "#texture"},
				"east": {"uv": [5, 16, 4, 15], "texture": "#texture"},
				"south": {"uv": [5, 16, 4, 15], "texture": "#texture"},
				"west": {"uv": [5, 16, 4, 15], "texture": "#texture"},
				"up": {"uv": [5, 16, 4, 15], "texture": "#texture"},
				"down": {"uv": [5, 16, 4, 15], "texture": "#texture"}
			}
		},
		{
			"from": [7.425, 7.55, 7.75],
			"to": [7.675, 8.75, 8.25],
			"rotation": {"angle": 0, "axis": "y", "origin": [0, 0, -0.25]},
			"faces": {
				"north": {"uv": [16, 12, 15, 11], "texture": "#texture"},
				"east": {"uv": [16, 12, 15, 11], "texture": "#texture"},
				"south": {"uv": [16, 12, 15, 11], "texture": "#texture"},
				"west": {"uv": [16, 12, 15, 11], "texture": "#texture"},
				"down": {"uv": [16, 12, 15, 11], "texture": "#texture"}
			}
		},
		{
			"from": [9.75, 7.25, 7.75],
			"to": [10.5, 7.5, 8.25],
			"rotation": {"angle": 0, "axis": "y", "origin": [0, 0, -0.25]},
			"faces": {
				"north": {"uv": [16, 12, 15, 11], "texture": "#texture"},
				"south": {"uv": [16, 12, 15, 11], "texture": "#texture"},
				"west": {"uv": [16, 12, 15, 11], "texture": "#texture"},
				"up": {"uv": [16, 12, 15, 11], "texture": "#texture"},
				"down": {"uv": [16, 12, 15, 11], "texture": "#texture"}
			}
		},
		{
			"from": [7.625, 7.25, 7.75],
			"to": [7.95, 7.5, 8.25],
			"rotation": {"angle": 0, "axis": "y", "origin": [0, 0, -0.25]},
			"faces": {
				"north": {"uv": [16, 12, 15, 11], "texture": "#texture"},
				"east": {"uv": [16, 12, 15, 11], "texture": "#texture"},
				"south": {"uv": [16, 12, 15, 11], "texture": "#texture"},
				"west": {"uv": [16, 12, 15, 11], "texture": "#texture"},
				"up": {"uv": [16, 12, 15, 11], "texture": "#texture"},
				"down": {"uv": [16, 12, 15, 11], "texture": "#texture"}
			}
		},
		{
			"from": [7.55, 8.55, 7.75],
			"to": [7.875, 8.8, 8.25],
			"rotation": {"angle": 0, "axis": "y", "origin": [0, 0, -0.25]},
			"faces": {
				"north": {"uv": [16, 12, 15, 11], "texture": "#texture"},
				"east": {"uv": [16, 12, 15, 11], "texture": "#texture"},
				"south": {"uv": [16, 12, 15, 11], "texture": "#texture"},
				"west": {"uv": [16, 12, 15, 11], "texture": "#texture"},
				"up": {"uv": [16, 12, 15, 11], "texture": "#texture"},
				"down": {"uv": [16, 12, 15, 11], "texture": "#texture"}
			}
		},
		{
			"from": [10.1, 8.6, 7.5],
			"to": [10.45, 8.8, 8.5],
			"rotation": {"angle": 0, "axis": "y", "origin": [0, 0, -0.25]},
			"faces": {
				"north": {"uv": [16, 12, 15, 11], "texture": "#texture"},
				"east": {"uv": [16, 12, 15, 11], "texture": "#texture"},
				"south": {"uv": [16, 12, 15, 11], "texture": "#texture"},
				"west": {"uv": [16, 12, 15, 11], "texture": "#texture"},
				"up": {"uv": [16, 12, 15, 11], "texture": "#texture"},
				"down": {"uv": [16, 12, 15, 11], "texture": "#texture"}
			}
		},
		{
			"from": [7.95, 7.125, 7.75],
			"to": [9.75, 7.375, 8.25],
			"rotation": {"angle": 0, "axis": "y", "origin": [0, 0, -0.25]},
			"faces": {
				"north": {"uv": [16, 12, 15, 11], "texture": "#texture"},
				"east": {"uv": [16, 12, 15, 11], "texture": "#texture"},
				"south": {"uv": [16, 12, 15, 11], "texture": "#texture"},
				"west": {"uv": [16, 12, 15, 11], "texture": "#texture"},
				"up": {"uv": [16, 12, 15, 11], "texture": "#texture"},
				"down": {"uv": [16, 12, 15, 11], "texture": "#texture"}
			}
		},
		{
			"from": [12.25, 7.25, 7.5],
			"to": [13.025, 8.25, 8.5],
			"rotation": {"angle": 0, "axis": "y", "origin": [0, -0.25, -0.25]},
			"faces": {
				"north": {"uv": [16, 12, 15, 11], "texture": "#texture"},
				"east": {"uv": [16, 12, 15, 11], "texture": "#texture"},
				"south": {"uv": [16, 12, 15, 11], "texture": "#texture"},
				"down": {"uv": [16, 12, 15, 11], "texture": "#texture"}
			}
		},
		{
			"from": [10.5, 8.25, 7.5],
			"to": [13.25, 8.5, 8.5],
			"rotation": {"angle": 0, "axis": "y", "origin": [0, -0.25, -0.25]},
			"faces": {
				"north": {"uv": [16, 12, 15, 11], "texture": "#texture"},
				"east": {"uv": [16, 12, 15, 11], "texture": "#texture"},
				"south": {"uv": [16, 12, 15, 11], "texture": "#texture"},
				"down": {"uv": [16, 12, 15, 11], "texture": "#texture"}
			}
		},
		{
			"from": [10.25, 7.25, 7.5],
			"to": [10.75, 8.75, 8.5],
			"rotation": {"angle": 0, "axis": "y", "origin": [0, -0.25, -0.25]},
			"faces": {
				"north": {"uv": [16, 12, 15, 11], "texture": "#texture"},
				"east": {"uv": [16, 12, 15, 11], "texture": "#texture"},
				"south": {"uv": [16, 12, 15, 11], "texture": "#texture"},
				"west": {"uv": [16, 12, 15, 11], "texture": "#texture"},
				"down": {"uv": [16, 12, 15, 11], "texture": "#texture"}
			}
		},
		{
			"from": [10.75, 7, 7.5],
			"to": [13, 7.25, 8.5],
			"rotation": {"angle": 0, "axis": "y", "origin": [0, -0.25, -0.25]},
			"faces": {
				"north": {"uv": [3, 8.5, 5.5, 9.25], "texture": "#texture"},
				"east": {"uv": [7.25, 8.5, 8.25, 9.25], "texture": "#texture"},
				"south": {"uv": [10.5, 8.5, 13, 9.25], "texture": "#texture"},
				"west": {"uv": [0, 0, 0, 0], "texture": "#texture"},
				"up": {"uv": [0, 0, 0, 0], "texture": "#texture"},
				"down": {"uv": [0, 0, 0, 0], "texture": "#texture"}
			}
		},
		{
			"from": [10.5, 5.75, 7.5],
			"to": [13, 7.25, 8.5],
			"rotation": {"angle": 0, "axis": "y", "origin": [0, -0.25, -0.25]},
			"faces": {
				"north": {"uv": [16, 12, 15, 11], "texture": "#texture"},
				"east": {"uv": [16, 12, 15, 11], "texture": "#texture"},
				"south": {"uv": [16, 12, 15, 11], "texture": "#texture"},
				"west": {"uv": [16, 12, 15, 11], "texture": "#texture"},
				"up": {"uv": [16, 12, 15, 11], "texture": "#texture"},
				"down": {"uv": [16, 12, 15, 11], "texture": "#texture"}
			}
		},
		{
			"from": [11, 5, 7.5],
			"to": [13.25, 7.5, 8.5],
			"rotation": {"angle": 0, "axis": "y", "origin": [0, -0.25, -0.25]},
			"faces": {
				"north": {"uv": [16, 12, 15, 11], "texture": "#texture"},
				"east": {"uv": [16, 12, 15, 11], "texture": "#texture"},
				"south": {"uv": [16, 12, 15, 11], "texture": "#texture"},
				"west": {"uv": [16, 12, 15, 11], "texture": "#texture"},
				"up": {"uv": [16, 12, 15, 11], "texture": "#texture"},
				"down": {"uv": [16, 12, 15, 11], "texture": "#texture"}
			}
		},
		{
			"from": [12.625, 9.95, 7.75],
			"to": [13.625, 10.45, 8.25],
			"rotation": {"angle": 22.5, "axis": "z", "origin": [12.75, 10.25, 7.75]},
			"faces": {
				"north": {"uv": [16, 12, 15, 11], "texture": "#texture"},
				"east": {"uv": [16, 12, 15, 11], "texture": "#texture"},
				"south": {"uv": [16, 12, 15, 11], "texture": "#texture"},
				"up": {"uv": [16, 12, 15, 11], "texture": "#texture"},
				"down": {"uv": [16, 12, 15, 11], "texture": "#texture"}
			}
		},
		{
			"from": [15.6875, 3.6125, 7.525],
			"to": [15.9625, 5.1125, 8.475],
			"rotation": {"angle": 22.5, "axis": "z", "origin": [0, -0.25, -0.25]},
			"faces": {
				"north": {"uv": [2.25, 11.75, 4.75, 12.5], "texture": "#texture"},
				"east": {"uv": [7.25, 11.75, 8.25, 12.5], "texture": "#texture"},
				"south": {"uv": [11.25, 11.75, 13.75, 12.5], "texture": "#texture"},
				"west": {"uv": [7.75, 11.75, 8.75, 12.5], "texture": "#texture"},
				"up": {"uv": [11.25, 7.75, 13.75, 8.75], "texture": "#texture"},
				"down": {"uv": [4.75, 8.75, 2.25, 7.75], "texture": "#texture"}
			}
		},
		{
			"from": [16.5375, -1.2625, 7.525],
			"to": [16.8125, -0.7625, 8.475],
			"rotation": {"angle": 45, "axis": "z", "origin": [0, -0.25, -0.25]},
			"faces": {
				"north": {"uv": [2.25, 11.75, 4.75, 12.5], "texture": "#texture"},
				"east": {"uv": [7.25, 11.75, 8.25, 12.5], "texture": "#texture"},
				"south": {"uv": [11.25, 11.75, 13.75, 12.5], "texture": "#texture"},
				"west": {"uv": [7.75, 11.75, 8.75, 12.5], "texture": "#texture"},
				"up": {"uv": [11.25, 7.75, 13.75, 8.75], "texture": "#texture"},
				"down": {"uv": [4.75, 8.75, 2.25, 7.75], "texture": "#texture"}
			}
		},
		{
			"from": [12.3, 8.7, 7.3],
			"to": [13.275, 9.65, 8.7],
			"rotation": {"angle": 0, "axis": "y", "origin": [0, -0.25, -0.25]},
			"faces": {
				"north": {"uv": [16, 12, 15, 11], "texture": "#texture"},
				"east": {"uv": [16, 12, 15, 11], "texture": "#texture"},
				"south": {"uv": [16, 12, 15, 11], "texture": "#texture"},
				"west": {"uv": [16, 12, 15, 11], "texture": "#texture"},
				"up": {"uv": [16, 12, 15, 11], "texture": "#texture"}
			}
		},
		{
			"from": [12.3, 9.55, 7.3],
			"to": [13.05, 10.1, 8.7],
			"rotation": {"angle": 0, "axis": "y", "origin": [0, -0.25, -0.25]},
			"faces": {
				"north": {"uv": [3.25, 4.75, 3.5, 6.75], "texture": "#texture"},
				"east": {"uv": [7.25, 4.75, 8.25, 6.75], "texture": "#texture"},
				"south": {"uv": [12.5, 4.75, 12.75, 6.75], "texture": "#texture"},
				"west": {"uv": [7.75, 4.75, 8.75, 6.75], "texture": "#texture"},
				"up": {"uv": [12.5, 7.75, 12.75, 8.75], "texture": "#texture"}
			}
		},
		{
			"from": [12.3, 10.1, 7.275],
			"to": [12.85, 10.55, 8.725],
			"rotation": {"angle": 0, "axis": "y", "origin": [0, -0.25, -0.25]},
			"faces": {
				"north": {"uv": [3.25, 4.75, 3.5, 6.75], "texture": "#texture"},
				"east": {"uv": [7.25, 4.75, 8.25, 6.75], "texture": "#texture"},
				"south": {"uv": [12.5, 4.75, 12.75, 6.75], "texture": "#texture"},
				"west": {"uv": [7.75, 4.75, 8.75, 6.75], "texture": "#texture"},
				"up": {"uv": [12.5, 7.75, 12.75, 8.75], "texture": "#texture"}
			}
		},
		{
			"from": [12.5, 10.55, 7.275],
			"to": [12.7, 10.925, 8.725],
			"rotation": {"angle": 0, "axis": "y", "origin": [0, -0.25, -0.25]},
			"faces": {
				"north": {"uv": [3.25, 4.75, 3.5, 6.75], "texture": "#texture"},
				"east": {"uv": [7.25, 4.75, 8.25, 6.75], "texture": "#texture"},
				"south": {"uv": [12.5, 4.75, 12.75, 6.75], "texture": "#texture"},
				"west": {"uv": [7.75, 4.75, 8.75, 6.75], "texture": "#texture"},
				"up": {"uv": [12.5, 7.75, 12.75, 8.75], "texture": "#texture"}
			}
		},
		{
			"from": [10.75, 6, 7.25],
			"to": [13, 7.5, 8.75],
			"rotation": {"angle": 0, "axis": "y", "origin": [0, -0.25, -0.25]},
			"faces": {
				"north": {"uv": [7, 6, 11, 10], "texture": "#1"},
				"east": {"uv": [14, 10, 16, 12], "texture": "#1"},
				"south": {"uv": [7, 6, 11, 10], "texture": "#1"},
				"west": {"uv": [14, 10, 16, 12], "texture": "#1"},
				"up": {"uv": [6.5, 6.75, 9.5, 8.75], "texture": "#1"},
				"down": {"uv": [8.5, 8.75, 5.5, 6.75], "texture": "#1"}
			}
		},
		{
			"from": [11, 4.25, 7.25],
			"to": [13.25, 6.25, 8.75],
			"rotation": {"angle": 0, "axis": "y", "origin": [0, -0.25, -0.25]},
			"faces": {
				"north": {"uv": [7.05, 6, 11, 9.95], "texture": "#1"},
				"east": {"uv": [14.1, 10.1, 16, 11.95], "texture": "#1"},
				"south": {"uv": [7.05, 6, 11, 9.95], "texture": "#1"},
				"west": {"uv": [14.1, 10.1, 16, 11.95], "texture": "#1"},
				"up": {"uv": [10.25, 6.5, 13, 9], "texture": "#1"},
				"down": {"uv": [4.75, 9, 2, 6.5], "texture": "#1"}
			}
		},
		{
			"from": [9.6, 7.325, 7.75],
			"to": [9.85, 8.825, 8.25],
			"rotation": {"angle": -22.5, "axis": "z", "origin": [10, 9, 7.75]},
			"faces": {
				"north": {"uv": [7.75, 1.25, 8.25, 2.75], "texture": "#texture"},
				"east": {"uv": [7.25, 1.25, 8.25, 2.75], "texture": "#texture"},
				"south": {"uv": [7.75, 1.25, 8.25, 2.75], "texture": "#texture"},
				"west": {"uv": [7.75, 1.25, 8.75, 2.75], "texture": "#texture"},
				"down": {"uv": [8.25, 8.75, 7.75, 7.75], "texture": "#texture"}
			}
		},
		{
			"from": [10.75, 4, 7.5],
			"to": [12.5, 5.75, 8.5],
			"rotation": {"angle": 0, "axis": "y", "origin": [0, -0.25, -0.25]},
			"faces": {
				"north": {"uv": [16, 12, 15, 11], "texture": "#texture"},
				"east": {"uv": [16, 12, 15, 11], "texture": "#texture"},
				"south": {"uv": [16, 12, 15, 11], "texture": "#texture"},
				"west": {"uv": [16, 12, 15, 11], "texture": "#texture"},
				"down": {"uv": [16, 12, 15, 11], "texture": "#texture"}
			}
		},
		{
			"from": [11, 2.25, 7.5],
			"to": [12.75, 4, 8.5],
			"rotation": {"angle": 0, "axis": "z", "origin": [0, -0.25, -0.25]},
			"faces": {
				"north": {"uv": [16, 12, 15, 11], "texture": "#texture"},
				"east": {"uv": [16, 12, 15, 11], "texture": "#texture"},
				"south": {"uv": [16, 12, 15, 11], "texture": "#texture"},
				"west": {"uv": [16, 12, 15, 11], "texture": "#texture"},
				"up": {"uv": [0, 0, 0, 0], "texture": "#texture"},
				"down": {"uv": [16, 12, 15, 11], "texture": "#texture"}
			}
		},
		{
			"from": [11.65, 11.275, 7.625],
			"to": [11.95, 11.5, 7.875],
			"rotation": {"angle": 0, "axis": "y", "origin": [0, -0.25, -0.25]},
			"faces": {
				"north": {"uv": [3.75, 4, 4.75, 4.25], "texture": "#texture"},
				"east": {"uv": [8, 4, 8.25, 4.25], "texture": "#texture"},
				"south": {"uv": [11.25, 4, 12.25, 4.25], "texture": "#texture"},
				"west": {"uv": [7.75, 4, 8, 4.25], "texture": "#texture"},
				"up": {"uv": [11.25, 7.75, 12.25, 8], "texture": "#texture"}
			}
		},
		{
			"from": [11.65, 11.275, 8.125],
			"to": [11.95, 11.5, 8.375],
			"rotation": {"angle": 0, "axis": "y", "origin": [0, -0.25, -0.25]},
			"faces": {
				"north": {"uv": [3.75, 4, 4.75, 4.25], "texture": "#texture"},
				"east": {"uv": [7.25, 4, 7.5, 4.25], "texture": "#texture"},
				"south": {"uv": [11.25, 4, 12.25, 4.25], "texture": "#texture"},
				"west": {"uv": [8.5, 4, 8.75, 4.25], "texture": "#texture"},
				"up": {"uv": [11.25, 8.5, 12.25, 8.75], "texture": "#texture"}
			}
		},
		{
			"from": [11.65, 11.275, 7.875],
			"to": [11.95, 11.325, 8.125],
			"rotation": {"angle": 0, "axis": "y", "origin": [0, -0.25, -0.25]},
			"faces": {
				"north": {"uv": [3.75, 4, 4.75, 4.25], "texture": "#texture"},
				"east": {"uv": [7.25, 4, 7.5, 4.25], "texture": "#texture"},
				"south": {"uv": [11.25, 4, 12.25, 4.25], "texture": "#texture"},
				"west": {"uv": [8.5, 4, 8.75, 4.25], "texture": "#texture"},
				"up": {"uv": [11.25, 8.5, 12.25, 8.75], "texture": "#texture"}
			}
		},
		{
			"from": [12.5, 8.75, 7.4],
			"to": [14.075, 9, 8.6],
			"rotation": {"angle": 0, "axis": "y", "origin": [0, -0.25, -0.25]},
			"faces": {
				"north": {"uv": [16, 12, 15, 11], "texture": "#texture"},
				"east": {"uv": [16, 12, 15, 11], "texture": "#texture"},
				"south": {"uv": [16, 12, 15, 11], "texture": "#texture"},
				"up": {"uv": [16, 12, 15, 11], "texture": "#texture"},
				"down": {"uv": [16, 12, 15, 11], "texture": "#texture"}
			}
		},
		{
			"from": [13.25, 5.25, 7.5],
			"to": [13.5, 6.25, 8.5],
			"rotation": {"angle": 0, "axis": "y", "origin": [0, -0.25, -0.25]},
			"faces": {
				"north": {"uv": [16, 12, 15, 11], "texture": "#texture"},
				"east": {"uv": [16, 12, 15, 11], "texture": "#texture"},
				"south": {"uv": [16, 12, 15, 11], "texture": "#texture"},
				"west": {"uv": [16, 12, 15, 11], "texture": "#texture"},
				"up": {"uv": [16, 12, 15, 11], "texture": "#texture"},
				"down": {"uv": [16, 12, 15, 11], "texture": "#texture"}
			}
		},
		{
			"from": [12.5, 4, 7.5],
			"to": [13.5, 5.25, 8.5],
			"rotation": {"angle": 0, "axis": "y", "origin": [0, -0.25, -0.25]},
			"faces": {
				"north": {"uv": [16, 12, 15, 11], "texture": "#texture"},
				"east": {"uv": [16, 12, 15, 11], "texture": "#texture"},
				"south": {"uv": [16, 12, 15, 11], "texture": "#texture"},
				"west": {"uv": [16, 12, 15, 11], "texture": "#texture"},
				"up": {"uv": [16, 12, 15, 11], "texture": "#texture"},
				"down": {"uv": [16, 12, 15, 11], "texture": "#texture"}
			}
		},
		{
			"from": [10.5, 7.5, 7.25],
			"to": [12.75, 8.75, 8.75],
			"rotation": {"angle": 0, "axis": "y", "origin": [0, -0.25, -0.25]},
			"faces": {
				"north": {"uv": [7.15, 6.2, 11, 9.95], "texture": "#1"},
				"east": {"uv": [14.1, 10.1, 16, 11.95], "texture": "#1"},
				"south": {"uv": [7.15, 6.2, 11, 9.95], "texture": "#1"},
				"west": {"uv": [14.2, 10.2, 16, 11.95], "texture": "#1"},
				"up": {"uv": [14.15, 10.2, 16, 12], "texture": "#1"},
				"down": {"uv": [16, 11.95, 14.15, 10.2], "rotation": 270, "texture": "#1"}
			}
		},
		{
			"from": [10.25, 8.75, 7.325],
			"to": [12.5, 9, 8.675],
			"rotation": {"angle": 0, "axis": "y", "origin": [0, -0.25, -0.25]},
			"faces": {
				"north": {"uv": [16, 12, 15, 11], "texture": "#texture"},
				"east": {"uv": [16, 12, 15, 11], "texture": "#texture"},
				"south": {"uv": [16, 12, 15, 11], "texture": "#texture"},
				"west": {"uv": [16, 12, 15, 11], "texture": "#texture"},
				"down": {"uv": [16, 12, 15, 11], "texture": "#texture"}
			}
		},
		{
			"from": [11.75, 8.5, 7.5],
			"to": [13.625, 8.75, 8.5],
			"rotation": {"angle": 0, "axis": "y", "origin": [0, 0, -0.25]},
			"faces": {
				"north": {"uv": [16, 12, 15, 11], "texture": "#texture"},
				"east": {"uv": [16, 12, 15, 11], "texture": "#texture"},
				"south": {"uv": [16, 12, 15, 11], "texture": "#texture"},
				"west": {"uv": [16, 12, 15, 11], "texture": "#texture"},
				"up": {"uv": [16, 12, 15, 11], "texture": "#texture"},
				"down": {"uv": [16, 12, 15, 11], "texture": "#texture"}
			}
		},
		{
			"from": [11.5, 8.125, 7.2],
			"to": [12, 8.625, 8.8],
			"rotation": {"angle": 0, "axis": "y", "origin": [0, -0.25, -0.25]},
			"faces": {
				"north": {"uv": [10, 5.5, 11.75, 7.75], "texture": "#texture"},
				"east": {"uv": [10, 5.5, 11.5, 7.75], "texture": "#texture"},
				"south": {"uv": [10.25, 5.5, 12, 7.75], "texture": "#texture"},
				"west": {"uv": [10.5, 5.5, 12, 7.75], "texture": "#texture"},
				"up": {"uv": [10.25, 3.5, 12, 5], "texture": "#texture"},
				"down": {"uv": [11.75, 5, 10, 3.5], "texture": "#texture"}
			}
		},
		{
			"from": [12, 4.875, 7.2],
			"to": [12.5, 5.375, 8.8],
			"rotation": {"angle": 0, "axis": "y", "origin": [0, -0.25, -0.25]},
			"faces": {
				"north": {"uv": [10, 5.5, 11.75, 7.75], "texture": "#texture"},
				"east": {"uv": [10, 5.5, 11.5, 7.75], "texture": "#texture"},
				"south": {"uv": [10.25, 5.5, 12, 7.75], "texture": "#texture"},
				"west": {"uv": [10.5, 5.5, 12, 7.75], "texture": "#texture"},
				"up": {"uv": [10.25, 3.5, 12, 5], "texture": "#texture"},
				"down": {"uv": [11.75, 5, 10, 3.5], "texture": "#texture"}
			}
		},
		{
			"from": [10.5, 8.625, 7.25],
			"to": [13.15, 9.125, 8.75],
			"rotation": {"angle": 0, "axis": "y", "origin": [0, -0.25, -0.25]},
			"faces": {
				"north": {"uv": [7.05, 6.2, 11, 9.95], "texture": "#1"},
				"east": {"uv": [6, 8.5, 8.5, 11.75], "texture": "#1"},
				"south": {"uv": [7.05, 6.1, 11, 9.95], "texture": "#1"},
				"west": {"uv": [6.5, 8.5, 9, 11.75], "texture": "#1"},
				"up": {"uv": [14.1, 10.1, 16, 12.05], "rotation": 270, "texture": "#1"},
				"down": {"uv": [16, 12, 14.15, 10.2], "texture": "#1"}
			}
		}
	],
	"gui_light": "front",
	"display": {
		"thirdperson_righthand": {
			"rotation": [0, -90, 0],
			"translation": [0.25, -0.25, -1],
			"scale": [0.8, 0.8, 0.73]
		},
		"thirdperson_lefthand": {
			"rotation": [0, 90, 0],
			"translation": [0, -0.5, -0.75],
			"scale": [0.8, 0.8, 0.73]
		},
		"firstperson_righthand": {
			"rotation": [0, -90, 0],
			"translation": [0, 2, -1.75],
			"scale": [0.78, 0.78, 0.69]
		},
		"firstperson_lefthand": {
			"rotation": [0, 90, 0],
			"translation": [0, 2, -1.75],
			"scale": [0.78, 0.78, 0.69]
		},
		"ground": {
			"translation": [-0.75, 1.5, 0],
			"scale": [1, 1, 0.9]
		},
		"gui": {
			"rotation": [0, 0, -45],
			"translation": [-0.5, 0, 0],
			"scale": [1.03531, 1.01383, 1]
		},
		"head": {
			"rotation": [0, -90, 0],
			"translation": [0, 10.75, -5]
		},
		"fixed": {
			"rotation": [0, 180, -45],
			"translation": [1.25, 0.25, 0],
			"scale": [1.09, 1.09, 1.01]
		}
	},
	"groups": [
		{
			"name": "93r",
			"origin": [8, 8, 8],
			"color": 0,
			"children": [
				0,
				1,
				2,
				3,
				4,
				5,
				6,
				7,
				8,
				9,
				10,
				11,
				12,
				13,
				14,
				15,
				16,
				17,
				18,
				19,
				20,
				21,
				22,
				23,
				24,
				25,
				26,
				27,
				28,
				29,
				30,
				31,
				32,
				33,
				34,
				35,
				36,
				37,
				38,
				39,
				40,
				41,
				42,
				43,
				44,
				45,
				46,
				47,
				48,
				49,
				50,
				51,
				52,
				53,
				54,
				55,
				56,
				57,
				58
			]
		}
	]
}