{
	"credit": "Made by SrDarmith - YouTube: Mainclay",
	"textures": {
		"1": "block/hardened_clay_stained_cyan",
		"particle": "block/anvil_1",
		"texture": "block/anvil_1"
	},
	"elements": [
		{
			"from": [4, 11.15, 7.6],
			"to": [7.5, 11.65, 8.9],
			"faces": {
				"north": {"uv": [4.25, 4, 12.25, 4.5], "texture": "#texture"},
				"east": {"uv": [7, 4, 8.5, 4.5], "texture": "#texture"},
				"south": {"uv": [3.75, 4, 11.75, 4.5], "texture": "#texture"},
				"west": {"uv": [7.5, 4, 9, 4.5], "texture": "#texture"},
				"up": {"uv": [3.75, 7.5, 11.75, 9], "texture": "#texture"},
				"down": {"uv": [12.25, 9, 4.25, 7.5], "texture": "#texture"}
			}
		},
		{
			"from": [7.5, 11.15, 8.25],
			"to": [8.75, 11.65, 8.9],
			"faces": {
				"north": {"uv": [4.25, 4, 12.25, 4.5], "texture": "#texture"},
				"east": {"uv": [7, 4, 8.5, 4.5], "texture": "#texture"},
				"south": {"uv": [3.75, 4, 6.75, 4.5], "texture": "#texture"},
				"west": {"uv": [7.5, 4, 9, 4.5], "texture": "#texture"},
				"up": {"uv": [6.75, 6.5, 7.75, 8], "texture": "#texture"},
				"down": {"uv": [5.25, 9, 5.25, 7.5], "texture": "#texture"}
			}
		},
		{
			"from": [7.5, 11.15, 7.7],
			"to": [8.75, 11.6, 8.25],
			"faces": {
				"north": {"uv": [4.25, 4, 12.25, 4.5], "texture": "#1"},
				"east": {"uv": [7, 4, 8.5, 4.5], "texture": "#1"},
				"south": {"uv": [3.75, 4, 11.75, 4.5], "texture": "#1"},
				"west": {"uv": [7.5, 4, 9, 4.5], "texture": "#1"},
				"up": {"uv": [3.75, 7.5, 11.75, 9], "texture": "#1"},
				"down": {"uv": [12.25, 9, 4.25, 7.5], "texture": "#1"}
			}
		},
		{
			"from": [8.75, 11.15, 7.6],
			"to": [11.75, 11.65, 8.9],
			"faces": {
				"north": {"uv": [4.25, 4, 12.25, 4.5], "texture": "#texture"},
				"east": {"uv": [7, 4, 8.5, 4.5], "texture": "#texture"},
				"south": {"uv": [3.75, 4, 11.75, 4.5], "texture": "#texture"},
				"west": {"uv": [7.5, 4, 9, 4.5], "texture": "#texture"},
				"up": {"uv": [6.75, 7.5, 11.75, 9], "texture": "#texture"},
				"down": {"uv": [12.25, 9, 4.25, 7.5], "texture": "#texture"}
			}
		},
		{
			"from": [9, 10, 7.6],
			"to": [11.5, 10.25, 8.9],
			"faces": {
				"north": {"uv": [4.5, 5.5, 12.25, 5.75], "texture": "#texture"},
				"east": {"uv": [7, 5.5, 8.5, 5.75], "texture": "#texture"},
				"south": {"uv": [3.75, 5.5, 11.5, 5.75], "texture": "#texture"},
				"west": {"uv": [7.5, 5.5, 9, 5.75], "texture": "#texture"},
				"down": {"uv": [12.25, 9, 4.5, 7.5], "texture": "#texture"}
			}
		},
		{
			"from": [4, 10.525, 7.6],
			"to": [11.75, 11.15, 8],
			"faces": {
				"north": {"uv": [4.25, 4.5, 12.25, 5], "texture": "#texture"},
				"east": {"uv": [8, 4.5, 8.5, 5], "texture": "#texture"},
				"south": {"uv": [3.75, 4.5, 11.75, 5], "texture": "#texture"},
				"west": {"uv": [7.5, 4.5, 8, 5], "texture": "#texture"}
			}
		},
		{
			"from": [4, 10.25, 7.6],
			"to": [11.8, 10.525, 8.9],
			"faces": {
				"north": {"uv": [4.25, 5, 12.25, 5.5], "texture": "#texture"},
				"east": {"uv": [7, 5, 8.5, 5.5], "texture": "#texture"},
				"south": {"uv": [3.75, 5, 11.75, 5.5], "texture": "#texture"},
				"west": {"uv": [7.5, 5, 9, 5.5], "texture": "#texture"},
				"up": {"uv": [3.75, 7.5, 11.75, 9], "texture": "#texture"},
				"down": {"uv": [12.25, 9, 4.25, 7.5], "texture": "#texture"}
			}
		},
		{
			"from": [4, 10.525, 8.5],
			"to": [11.75, 11.15, 8.9],
			"faces": {
				"north": {"uv": [4.25, 4.5, 12.25, 5], "texture": "#texture"},
				"east": {"uv": [7, 4.5, 7.5, 5], "texture": "#texture"},
				"south": {"uv": [3.75, 4.5, 11.75, 5], "texture": "#texture"},
				"west": {"uv": [8.5, 4.5, 9, 5], "texture": "#texture"}
			}
		},
		{
			"from": [6.25, 10, 7.7],
			"to": [9.1, 10.25, 8.8],
			"faces": {
				"north": {"uv": [6.75, 5.75, 12.25, 6], "texture": "#texture"},
				"east": {"uv": [7.25, 5.75, 8.25, 6], "texture": "#texture"},
				"south": {"uv": [3.75, 5.75, 9.25, 6], "texture": "#texture"},
				"west": {"uv": [7.75, 5.75, 8.75, 6], "texture": "#texture"},
				"down": {"uv": [12.25, 8.75, 6.75, 7.75], "texture": "#texture"}
			}
		},
		{
			"from": [4, 10, 7.75],
			"to": [6.25, 10.25, 8.75],
			"faces": {
				"north": {"uv": [6.75, 5.75, 12.25, 6], "texture": "#texture"},
				"east": {"uv": [7.25, 5.75, 8.25, 6], "texture": "#texture"},
				"south": {"uv": [3.75, 5.75, 9.25, 6], "texture": "#texture"},
				"west": {"uv": [7.75, 5.75, 8.75, 6], "texture": "#texture"},
				"down": {"uv": [12.25, 8.75, 6.75, 7.75], "texture": "#texture"}
			}
		},
		{
			"from": [3.65, 11.2, 8],
			"to": [4, 11.45, 8.5],
			"faces": {
				"north": {"uv": [12.25, 4.25, 12.5, 4.5], "texture": "#texture"},
				"south": {"uv": [3.5, 4.25, 3.75, 4.5], "texture": "#texture"},
				"west": {"uv": [8, 4.25, 8.5, 4.5], "texture": "#texture"},
				"up": {"uv": [3.5, 8, 3.75, 8.5], "texture": "#texture"},
				"down": {"uv": [12.5, 8.5, 12.25, 8], "texture": "#texture"}
			}
		},
		{
			"from": [3.65, 10.7, 7.75],
			"to": [4, 11.2, 8],
			"faces": {
				"north": {"uv": [12.25, 4.5, 12.5, 5], "texture": "#texture"},
				"south": {"uv": [3.5, 4.5, 3.75, 5], "texture": "#texture"},
				"west": {"uv": [7.75, 4.5, 8, 5], "texture": "#texture"},
				"up": {"uv": [3.5, 7.75, 3.75, 8], "texture": "#texture"},
				"down": {"uv": [12.5, 8, 12.25, 7.75], "texture": "#texture"}
			}
		},
		{
			"from": [3.65, 10.7, 8.5],
			"to": [4, 11.2, 8.75],
			"faces": {
				"north": {"uv": [12.25, 4.5, 12.5, 5], "texture": "#texture"},
				"south": {"uv": [3.5, 4.5, 3.75, 5], "texture": "#texture"},
				"west": {"uv": [8.5, 4.5, 8.75, 5], "texture": "#texture"},
				"up": {"uv": [3.5, 8.5, 3.75, 8.75], "texture": "#texture"},
				"down": {"uv": [12.5, 8.75, 12.25, 8.5], "texture": "#texture"}
			}
		},
		{
			"from": [3.65, 10.45, 8],
			"to": [4, 10.7, 8.5],
			"faces": {
				"north": {"uv": [12.25, 5, 12.5, 5.25], "texture": "#texture"},
				"south": {"uv": [3.5, 5, 3.75, 5.25], "texture": "#texture"},
				"west": {"uv": [8, 5, 8.5, 5.25], "texture": "#texture"},
				"up": {"uv": [3.5, 8, 3.75, 8.5], "texture": "#texture"},
				"down": {"uv": [12.5, 8.5, 12.25, 8], "texture": "#texture"}
			}
		},
		{
			"from": [11.5, 10.525, 7.75],
			"to": [11.775, 11.525, 8.75],
			"faces": {
				"north": {"uv": [4.25, 4.25, 6.25, 5.25], "texture": "#texture"},
				"east": {"uv": [7.25, 4.25, 8.25, 5.25], "texture": "#texture"},
				"south": {"uv": [9.75, 4.25, 11.75, 5.25], "texture": "#texture"},
				"west": {"uv": [7.75, 4.25, 8.75, 5.25], "texture": "#texture"},
				"up": {"uv": [9.75, 7.75, 11.75, 8.75], "texture": "#texture"},
				"down": {"uv": [6.25, 8.75, 4.25, 7.75], "texture": "#texture"}
			}
		},
		{
			"from": [9.325, 8.25, 7.75],
			"to": [11.45, 9.25, 8.75],
			"faces": {
				"north": {"uv": [4.5, 6.75, 6.5, 7.75], "texture": "#texture"},
				"east": {"uv": [7.25, 6.75, 8.25, 7.75], "texture": "#texture"},
				"south": {"uv": [9.5, 6.75, 11.5, 7.75], "texture": "#texture"},
				"west": {"uv": [7.75, 6.75, 8.75, 7.75], "texture": "#texture"},
				"up": {"uv": [9.5, 7.75, 11.5, 8.75], "texture": "#texture"},
				"down": {"uv": [6.5, 8.75, 4.5, 7.75], "texture": "#texture"}
			}
		},
		{
			"from": [9.1, 9.25, 7.7],
			"to": [11.2, 10.25, 8.8],
			"faces": {
				"north": {"uv": [4.75, 5.75, 7, 6.75], "texture": "#texture"},
				"east": {"uv": [7.25, 5.75, 8.25, 6.75], "texture": "#texture"},
				"south": {"uv": [9, 5.75, 11.25, 6.75], "texture": "#texture"},
				"west": {"uv": [7.75, 5.75, 8.75, 6.75], "texture": "#texture"},
				"down": {"uv": [7, 8.75, 4.75, 7.75], "texture": "#texture"}
			}
		},
		{
			"from": [9.575, 7.25, 7.75],
			"to": [11.7, 8.25, 8.75],
			"faces": {
				"north": {"uv": [4.25, 7.75, 6.25, 8.75], "texture": "#texture"},
				"east": {"uv": [7.25, 7.75, 8.25, 8.75], "texture": "#texture"},
				"south": {"uv": [9.75, 7.75, 11.75, 8.75], "texture": "#texture"},
				"west": {"uv": [7.75, 7.75, 8.75, 8.75], "texture": "#texture"},
				"up": {"uv": [9.75, 7.75, 11.75, 8.75], "texture": "#texture"},
				"down": {"uv": [6.25, 8.75, 4.25, 7.75], "texture": "#texture"}
			}
		},
		{
			"from": [9.825, 6.25, 7.75],
			"to": [11.95, 7.5, 8.75],
			"faces": {
				"north": {"uv": [4, 8.75, 6, 9.75], "texture": "#texture"},
				"east": {"uv": [7.25, 8.75, 8.25, 9.75], "texture": "#texture"},
				"south": {"uv": [10, 8.75, 12, 9.75], "texture": "#texture"},
				"west": {"uv": [7.75, 8.75, 8.75, 9.75], "texture": "#texture"},
				"up": {"uv": [10, 7.75, 12, 8.75], "texture": "#texture"},
				"down": {"uv": [6, 8.75, 4, 7.75], "texture": "#texture"}
			}
		},
		{
			"from": [-3.275, 10.475, 7.5],
			"to": [3.7, 11.475, 8],
			"rotation": {"angle": 0, "axis": "y", "origin": [0, -0.25, 0]},
			"faces": {
				"north": {"uv": [15, 10.5, 15.25, 11.5], "texture": "#texture"},
				"east": {"uv": [15.05, 10.4, 15.3, 11.4], "texture": "#texture"},
				"south": {"uv": [15.05, 10.4, 15.3, 11.4], "texture": "#texture"},
				"west": {"uv": [15, 10.4, 15.25, 11.4], "texture": "#texture"},
				"up": {"uv": [15.75, 11.05, 16, 11.3], "texture": "#texture"},
				"down": {"uv": [16, 11.3, 15.75, 11.05], "texture": "#texture"}
			}
		},
		{
			"from": [-3.275, 10.475, 8.5],
			"to": [3.7, 11.475, 9],
			"rotation": {"angle": 0, "axis": "y", "origin": [0, -0.25, 0]},
			"faces": {
				"north": {"uv": [15, 10.5, 15.25, 11.5], "texture": "#texture"},
				"east": {"uv": [15, 11, 15.25, 12], "texture": "#texture"},
				"south": {"uv": [15.05, 10.5, 15.3, 11.5], "texture": "#texture"},
				"west": {"uv": [15.05, 10.6, 15.3, 11.6], "texture": "#texture"},
				"up": {"uv": [15.05, 10.4, 15.5, 10.95], "texture": "#texture"},
				"down": {"uv": [16, 12.05, 15.75, 11.8], "texture": "#texture"}
			}
		},
		{
			"from": [-3.275, 10.225, 7.75],
			"to": [3.7, 10.725, 8.75],
			"rotation": {"angle": 0, "axis": "y", "origin": [0, -0.25, 0]},
			"faces": {
				"north": {"uv": [15.2, 11, 16, 12], "texture": "#texture"},
				"east": {"uv": [15.25, 11.75, 15.75, 12], "texture": "#texture"},
				"south": {"uv": [15.2, 11.1, 16, 12], "texture": "#texture"},
				"west": {"uv": [15.25, 11.75, 15.75, 12], "texture": "#texture"},
				"up": {"uv": [15.75, 11.3, 16, 11.8], "texture": "#texture"},
				"down": {"uv": [16, 11.8, 15.75, 11.3], "texture": "#texture"}
			}
		},
		{
			"from": [-3.275, 11.225, 7.75],
			"to": [3.7, 11.725, 8.75],
			"rotation": {"angle": 0, "axis": "y", "origin": [0, -0.25, 0]},
			"faces": {
				"north": {"uv": [15, 10, 16, 11], "texture": "#texture"},
				"east": {"uv": [15, 10, 16, 11], "texture": "#texture"},
				"south": {"uv": [15, 10, 16, 11], "texture": "#texture"},
				"west": {"uv": [15.25, 10.5, 15.75, 10.75], "texture": "#texture"},
				"up": {"uv": [15.75, 10.3, 16, 10.8], "texture": "#texture"},
				"down": {"uv": [15.7, 10.9, 15.45, 10.4], "texture": "#texture"}
			}
		},
		{
			"from": [7.15, 9, 8],
			"to": [7.4, 10, 8.5],
			"faces": {
				"north": {"uv": [8.75, 6, 9, 7.25], "texture": "#texture"},
				"east": {"uv": [7.5, 6, 8, 7.25], "texture": "#texture"},
				"south": {"uv": [7, 6, 7.25, 7.25], "texture": "#texture"},
				"west": {"uv": [8, 6, 8.5, 7.25], "texture": "#texture"},
				"down": {"uv": [9, 8.5, 8.75, 8], "texture": "#texture"}
			}
		},
		{
			"from": [12.5, -0.125, 8],
			"to": [13.25, 0.125, 8.5],
			"rotation": {"angle": 45, "axis": "z", "origin": [0, 0, 0]},
			"faces": {
				"north": {"uv": [6.75, 6.75, 7.25, 7], "texture": "#texture"},
				"east": {"uv": [7.5, 6.75, 8, 7], "texture": "#texture"},
				"south": {"uv": [8.75, 6.75, 9.25, 7], "texture": "#texture"},
				"west": {"uv": [8, 6.75, 8.5, 7], "texture": "#texture"},
				"up": {"uv": [8.75, 8, 9.25, 8.5], "texture": "#texture"},
				"down": {"uv": [7.25, 8.5, 6.75, 8], "texture": "#texture"}
			}
		},
		{
			"from": [8.7, 9.35, 8],
			"to": [8.95, 10.6, 8.5],
			"rotation": {"angle": -22.5, "axis": "z", "origin": [8.25, 10.5, 8]},
			"faces": {
				"north": {"uv": [5.75, 0.5, 6, 1.75], "texture": "#texture"},
				"east": {"uv": [7.5, 0.5, 8, 1.75], "texture": "#texture"},
				"south": {"uv": [10, 0.5, 10.25, 1.75], "texture": "#texture"},
				"west": {"uv": [8, 0.5, 8.5, 1.75], "texture": "#texture"},
				"down": {"uv": [6, 8.5, 5.75, 8], "texture": "#texture"}
			}
		},
		{
			"from": [7.075, 8.75, 8],
			"to": [8.925, 9, 8.5],
			"faces": {
				"north": {"uv": [7, 7, 8.75, 7.25], "texture": "#texture"},
				"east": {"uv": [7.5, 7, 8, 7.25], "texture": "#texture"},
				"south": {"uv": [7.25, 7, 9, 7.25], "texture": "#texture"},
				"west": {"uv": [0, 0, 0, 0], "texture": "#texture"},
				"up": {"uv": [7.25, 8, 9, 8.5], "texture": "#texture"},
				"down": {"uv": [8.75, 8.5, 7, 8], "texture": "#texture"}
			}
		},
		{
			"from": [10.075, 6, 7.75],
			"to": [11.575, 6.25, 8.75],
			"faces": {
				"north": {"uv": [4.5, 9.75, 5.75, 10], "texture": "#texture"},
				"east": {"uv": [7.25, 9.75, 8.25, 10], "texture": "#texture"},
				"south": {"uv": [10.25, 9.75, 11.5, 10], "texture": "#texture"},
				"west": {"uv": [7.75, 9.75, 8.75, 10], "texture": "#texture"},
				"down": {"uv": [5.75, 8.75, 4.5, 7.75], "texture": "#texture"}
			}
		},
		{
			"from": [11.15, 11.65, 7.675],
			"to": [11.4, 11.825, 8.075],
			"faces": {
				"north": {"uv": [4.5, 3.75, 4.75, 4], "texture": "#texture"},
				"east": {"uv": [8, 3.75, 8.25, 4], "texture": "#texture"},
				"south": {"uv": [11.25, 3.75, 11.5, 4], "texture": "#texture"},
				"west": {"uv": [7.75, 3.75, 8, 4], "texture": "#texture"},
				"up": {"uv": [11.25, 7.75, 11.5, 8], "texture": "#texture"}
			}
		},
		{
			"from": [11.15, 11.65, 8.425],
			"to": [11.4, 11.825, 8.825],
			"faces": {
				"north": {"uv": [4.5, 3.75, 4.75, 4], "texture": "#texture"},
				"east": {"uv": [7.25, 3.75, 7.5, 4], "texture": "#texture"},
				"south": {"uv": [11.25, 3.75, 11.5, 4], "texture": "#texture"},
				"west": {"uv": [8.5, 3.75, 8.75, 4], "texture": "#texture"},
				"up": {"uv": [11.25, 8.5, 11.5, 8.75], "texture": "#texture"}
			}
		},
		{
			"from": [4.2, 11.65, 8.125],
			"to": [4.45, 11.825, 8.375],
			"faces": {
				"north": {"uv": [11.25, 3.75, 11.75, 4], "texture": "#texture"},
				"east": {"uv": [7.5, 3.75, 8, 4], "texture": "#texture"},
				"south": {"uv": [4.25, 3.75, 4.75, 4], "texture": "#texture"},
				"west": {"uv": [8, 3.75, 8.5, 4], "texture": "#texture"},
				"up": {"uv": [4.25, 8, 4.75, 8.5], "texture": "#texture"}
			}
		}
	],
	"gui_light": "front",
	"display": {
		"thirdperson_righthand": {
			"rotation": [0, -90, -3],
			"translation": [0, -1.5, 0],
			"scale": [0.99, 0.99, 0.99]
		},
		"thirdperson_lefthand": {
			"rotation": [0, 90, 0],
			"translation": [0, -2, 0],
			"scale": [0.99, 0.99, 0.99]
		},
		"firstperson_righthand": {
			"rotation": [0, -90, 0],
			"translation": [0, 1.25, -0.5],
			"scale": [0.91, 0.91, 0.91]
		},
		"firstperson_lefthand": {
			"rotation": [0, 90, 0],
			"translation": [0, 1.25, -0.5],
			"scale": [0.91, 0.91, 0.91]
		},
		"ground": {
			"scale": [1.15, 1.15, 1.15]
		},
		"gui": {
			"rotation": [0, 0, -45],
			"translation": [-0.25, -4, 0],
			"scale": [1.19, 1.19, 1.19]
		},
		"head": {
			"rotation": [0, -93, 7],
			"translation": [0, 10.25, 0]
		},
		"fixed": {
			"rotation": [0, 180, -45],
			"translation": [-0.25, -4.15, -0.6],
			"scale": [1.46, 1.46, 1.46]
		}
	},
	"groups": [
		{
			"name": "G17",
			"origin": [8, 8, 8],
			"color": 0,
			"children": [
				{
					"name": "g17",
					"origin": [8, 8, 8],
					"color": 0,
					"children": [0, 1, 2, 3, 4, 5, 6, 7, 8, 9, 10, 11, 12, 13, 14, 15, 16, 17, 18, 19, 20, 21, 22, 23, 24, 25, 26, 27, 28, 29, 30]
				}
			]
		}
	]
}