{
	"credit": "Made by SrDarmith - YouTube: Mainclay",
	"textures": {
		"1": "block/coal_block",
		"particle": "block/coal_block",
		"texture": "block/anvil_1"
	},
	"elements": [
		{
			"from": [8.25, 8.55, 7.025],
			"to": [11.25, 9.55, 7.925],
			"faces": {
				"north": {"uv": [10.25, 4.4, 10.75, 4.9], "texture": "#texture"},
				"south": {"uv": [10.35, 4.1, 10.7, 5.1], "texture": "#texture"},
				"west": {"uv": [10.3, 4.1, 10.7, 4.9], "texture": "#texture"},
				"up": {"uv": [10.35, 4.3, 10.6, 5], "texture": "#texture"},
				"down": {"uv": [10.8, 5, 10.25, 4.1], "texture": "#texture"}
			}
		},
		{
			"from": [8, 7.25, 7.325],
			"to": [16, 7.5, 8.675],
			"faces": {
				"north": {"uv": [5.75, 8.5, 12.5, 8.75], "texture": "#texture"},
				"south": {"uv": [8.5, 8.5, 15.25, 8.75], "texture": "#texture"},
				"west": {"uv": [7.25, 8.5, 8.75, 8.75], "texture": "#texture"},
				"down": {"uv": [7.5, 8.75, 0.75, 7.25], "texture": "#texture"}
			}
		},
		{
			"from": [8, 9.75, 7.575],
			"to": [14.5, 10, 8.425],
			"faces": {
				"north": {"uv": [1, 6, 1.5, 6.25], "texture": "#texture"},
				"east": {"uv": [7.75, 6, 8.25, 6.25], "texture": "#texture"},
				"south": {"uv": [14.5, 6, 15, 6.25], "texture": "#texture"},
				"west": {"uv": [7.75, 6, 8.25, 6.25], "texture": "#texture"},
				"up": {"uv": [14.5, 7.75, 15, 8.25], "texture": "#texture"}
			}
		},
		{
			"from": [8, 9.5, 7.325],
			"to": [15.5, 9.75, 8.675],
			"faces": {
				"north": {"uv": [1, 6.25, 1.5, 6.5], "texture": "#texture"},
				"east": {"uv": [7.5, 6.25, 8.5, 6.5], "texture": "#texture"},
				"south": {"uv": [14.5, 6.25, 15, 6.5], "texture": "#texture"},
				"west": {"uv": [7.5, 6.25, 8.5, 6.5], "texture": "#texture"},
				"up": {"uv": [14.5, 7.5, 15, 8.5], "texture": "#texture"}
			}
		},
		{
			"from": [15.25, 7.5, 7.075],
			"to": [16, 9.5, 8.925],
			"faces": {
				"north": {"uv": [1, 6.5, 1.75, 9], "texture": "#texture"},
				"east": {"uv": [7.25, 6.5, 8.75, 9], "texture": "#texture", "cullface": "east"},
				"south": {"uv": [14.25, 6.5, 15, 9], "texture": "#texture"},
				"west": {"uv": [7.25, 6.5, 8.75, 9], "texture": "#texture"},
				"up": {"uv": [15.25, 7.25, 16, 8.75], "texture": "#texture"},
				"down": {"uv": [1.75, 8.75, 1, 7.25], "texture": "#texture"}
			}
		},
		{
			"from": [15.525, 7.6, 7.25],
			"to": [18.775, 9.325, 8.75],
			"rotation": {"angle": -22.5, "axis": "z", "origin": [15.5, 9.325, 7.25]},
			"faces": {
				"north": {"uv": [9, 11.4, 9.65, 11.95], "texture": "#1", "cullface": "east"},
				"east": {"uv": [9, 11.35, 9.7, 11.9], "texture": "#1", "cullface": "east"},
				"south": {"uv": [9, 11.3, 9.75, 11.85], "texture": "#1", "cullface": "east"},
				"west": {"uv": [9, 11.35, 9.6, 11.9], "texture": "#1", "cullface": "east"},
				"up": {"uv": [9, 11.3, 9.75, 12], "texture": "#1", "cullface": "east"},
				"down": {"uv": [9, 11.3, 9.75, 12], "texture": "#1", "cullface": "east"}
			}
		},
		{
			"from": [17.85, 6.325, 7.25],
			"to": [25, 8.075, 8.75],
			"rotation": {"angle": 0, "axis": "y", "origin": [0, 0.075, 0]},
			"faces": {
				"north": {"uv": [9, 11.2, 9.7, 11.95], "texture": "#1", "cullface": "east"},
				"south": {"uv": [9.1, 11.1, 9.7, 11.85], "texture": "#1", "cullface": "east"},
				"west": {"uv": [9, 11.2, 9.7, 11.95], "texture": "#1", "cullface": "east"},
				"up": {"uv": [9, 11.1, 9.5, 12], "texture": "#1", "cullface": "east"},
				"down": {"uv": [9, 11.1, 9.5, 12], "texture": "#1", "cullface": "east"}
			}
		},
		{
			"from": [17.5, 4.575, 7.5],
			"to": [19.25, 7.325, 8.5],
			"rotation": {"angle": 22.5, "axis": "z", "origin": [17.5, 7.325, 7.5]},
			"faces": {
				"north": {"uv": [9, 11.15, 9.8, 11.95], "texture": "#1", "cullface": "east"},
				"east": {"uv": [9, 11.15, 9.8, 11.95], "texture": "#1", "cullface": "east"},
				"south": {"uv": [9, 11.15, 9.7, 11.95], "texture": "#1", "cullface": "east"},
				"west": {"uv": [9, 11.15, 9.7, 11.95], "texture": "#1", "cullface": "east"},
				"up": {"uv": [9, 11.2, 9.8, 12], "texture": "#1", "cullface": "east"},
				"down": {"uv": [9, 11.2, 9.8, 12], "texture": "#1", "cullface": "east"}
			}
		},
		{
			"from": [19, 8.075, 7.5],
			"to": [25, 8.325, 8.5],
			"rotation": {"angle": 0, "axis": "y", "origin": [0, 0.075, 0]},
			"faces": {
				"north": {"uv": [9.3, 11.25, 9.3, 11.5], "texture": "#1", "cullface": "east"},
				"south": {"uv": [9.3, 11.35, 9.3, 11.6], "texture": "#1", "cullface": "east"},
				"west": {"uv": [9, 11.25, 9.5, 11.4], "texture": "#1", "cullface": "east"},
				"up": {"uv": [9.8, 11, 9, 11.8], "texture": "#1", "cullface": "east"}
			}
		},
		{
			"from": [19.25, 6.075, 7.25],
			"to": [25, 6.325, 8.75],
			"rotation": {"angle": 0, "axis": "y", "origin": [0, 0.075, 0]},
			"faces": {
				"north": {"uv": [9.1, 11.3, 9.55, 11.65], "texture": "#1", "cullface": "east"},
				"south": {"uv": [9.2, 11.3, 9.75, 11.65], "texture": "#1", "cullface": "east"},
				"west": {"uv": [9.1, 11.2, 9.6, 11.55], "texture": "#1", "cullface": "east"},
				"down": {"uv": [9.2, 11.05, 9.85, 11.85], "texture": "#1", "cullface": "east"}
			}
		},
		{
			"from": [19.5, 5.825, 7.25],
			"to": [25, 6.075, 8.75],
			"rotation": {"angle": 0, "axis": "y", "origin": [0, 0.075, 0]},
			"faces": {
				"north": {"uv": [9, 11.25, 9.5, 11.5], "texture": "#1", "cullface": "east"},
				"south": {"uv": [9, 11.25, 9.5, 11.5], "texture": "#1", "cullface": "east"},
				"west": {"uv": [9, 11.25, 9.5, 11.5], "texture": "#1", "cullface": "east"},
				"down": {"uv": [9, 11.25, 9.5, 11.75], "texture": "#1", "cullface": "east"}
			}
		},
		{
			"from": [19.75, 5.575, 7.25],
			"to": [25, 5.825, 8.75],
			"rotation": {"angle": 0, "axis": "y", "origin": [0, 0.075, 0]},
			"faces": {
				"north": {"uv": [9, 11.5, 9.25, 11.75], "texture": "#1", "cullface": "east"},
				"south": {"uv": [9, 11.5, 9.25, 11.75], "texture": "#1", "cullface": "east"},
				"west": {"uv": [9, 11.5, 9.5, 11.75], "texture": "#1", "cullface": "east"},
				"down": {"uv": [9, 11.25, 9.25, 11.75], "texture": "#1", "cullface": "east"}
			}
		},
		{
			"from": [20, 5.325, 7.25],
			"to": [25, 5.575, 8.75],
			"rotation": {"angle": 0, "axis": "y", "origin": [0, 0.075, 0]},
			"faces": {
				"north": {"uv": [9, 11.45, 9.7, 11.6], "texture": "#1", "cullface": "east"},
				"south": {"uv": [9, 11.35, 9.6, 11.6], "texture": "#1", "cullface": "east"},
				"west": {"uv": [9, 11.35, 9.5, 11.7], "texture": "#1", "cullface": "east"},
				"down": {"uv": [9, 11.25, 9.7, 11.75], "texture": "#1", "cullface": "east"}
			}
		},
		{
			"from": [20.25, 5.075, 7.25],
			"to": [25, 5.325, 8.75],
			"rotation": {"angle": 0, "axis": "y", "origin": [0, 0.075, 0]},
			"faces": {
				"north": {"uv": [9, 11.2, 9.75, 11.45], "texture": "#1", "cullface": "east"},
				"south": {"uv": [9, 11.2, 9.75, 11.45], "texture": "#1", "cullface": "east"},
				"west": {"uv": [9, 11.2, 9.5, 11.45], "texture": "#1", "cullface": "east"},
				"down": {"uv": [9.65, 11.45, 9, 11.35], "texture": "#1", "cullface": "east"}
			}
		},
		{
			"from": [21, 4.825, 7.25],
			"to": [25, 5.075, 8.75],
			"rotation": {"angle": 0, "axis": "y", "origin": [0, 0.075, 0]},
			"faces": {
				"north": {"uv": [9, 11.35, 9.55, 11.6], "texture": "#1", "cullface": "east"},
				"south": {"uv": [9, 11.25, 9.85, 11.7], "texture": "#1", "cullface": "east"},
				"west": {"uv": [9, 11.35, 9.5, 11.6], "texture": "#1", "cullface": "east"},
				"down": {"uv": [9.25, 11.75, 9, 11.25], "texture": "#1", "cullface": "east"}
			}
		},
		{
			"from": [22, 4.575, 7.25],
			"to": [25, 4.825, 8.75],
			"rotation": {"angle": 0, "axis": "y", "origin": [0, 0.075, 0]},
			"faces": {
				"north": {"uv": [9, 11.5, 9.5, 11.75], "texture": "#1", "cullface": "east"},
				"south": {"uv": [9.5, 11.5, 9, 11.75], "texture": "#1", "cullface": "east"},
				"west": {"uv": [9, 11.5, 9.5, 11.75], "texture": "#1", "cullface": "east"},
				"down": {"uv": [9.5, 11.75, 9, 11.25], "texture": "#1", "cullface": "east"}
			}
		},
		{
			"from": [23, 4.325, 7.25],
			"to": [25, 4.575, 8.75],
			"rotation": {"angle": 0, "axis": "y", "origin": [0, 0.075, 0]},
			"faces": {
				"north": {"uv": [9, 11.35, 9.55, 11.6], "texture": "#1", "cullface": "east"},
				"south": {"uv": [9.55, 11.35, 9, 11.6], "texture": "#1", "cullface": "east"},
				"west": {"uv": [9, 11.35, 9.6, 11.7], "texture": "#1", "cullface": "east"},
				"down": {"uv": [9.45, 11.65, 9, 11.35], "texture": "#1", "cullface": "east"}
			}
		},
		{
			"from": [24, 4.075, 7.25],
			"to": [25, 4.325, 8.75],
			"rotation": {"angle": 0, "axis": "y", "origin": [0, 0.075, 0]},
			"faces": {
				"north": {"uv": [9, 11.5, 9.6, 11.65], "texture": "#1", "cullface": "east"},
				"south": {"uv": [9.6, 11.5, 9, 11.65], "texture": "#1", "cullface": "east"},
				"west": {"uv": [9, 11.4, 9.6, 11.65], "texture": "#1", "cullface": "east"},
				"down": {"uv": [9.6, 11.65, 9, 11.45], "texture": "#1", "cullface": "east"}
			}
		},
		{
			"from": [13.5, 6.25, 7.5],
			"to": [13.75, 6.5, 8.5],
			"faces": {
				"north": {"uv": [2.25, 9.75, 2.5, 10], "texture": "#texture"},
				"east": {"uv": [7.5, 9.75, 8.5, 10], "texture": "#texture"},
				"south": {"uv": [13.5, 9.75, 13.75, 10], "texture": "#texture"},
				"up": {"uv": [13.5, 7.5, 13.75, 8.5], "texture": "#texture"}
			}
		},
		{
			"from": [13.25, 6.25, 7.5],
			"to": [13.5, 7.5, 8.5],
			"faces": {
				"north": {"uv": [2.5, 8.75, 2.75, 10], "texture": "#texture"},
				"east": {"uv": [7.5, 8.75, 8.5, 10], "texture": "#texture"},
				"south": {"uv": [13.25, 8.75, 13.5, 10], "texture": "#texture"},
				"west": {"uv": [7.5, 8.75, 8.5, 10], "texture": "#texture"},
				"down": {"uv": [2.75, 8.5, 2.5, 7.5], "texture": "#texture"}
			}
		},
		{
			"from": [13.5, 6, 7.5],
			"to": [15.25, 6.25, 8.5],
			"faces": {
				"north": {"uv": [0.75, 10, 2.5, 10.25], "texture": "#texture"},
				"east": {"uv": [7.5, 10, 8.5, 10.25], "texture": "#texture"},
				"south": {"uv": [13.5, 10, 15.25, 10.25], "texture": "#texture"},
				"west": {"uv": [7.5, 10, 8.5, 10.25], "texture": "#texture"},
				"up": {"uv": [13.5, 7.5, 15.25, 8.5], "texture": "#texture"},
				"down": {"uv": [2.5, 8.5, 0.75, 7.5], "texture": "#texture"}
			}
		},
		{
			"from": [15.25, 6.25, 7.5],
			"to": [15.5, 7.25, 8.5],
			"faces": {
				"north": {"uv": [0.5, 9, 0.75, 10], "texture": "#texture"},
				"east": {"uv": [7.5, 9, 8.5, 10], "texture": "#texture"},
				"south": {"uv": [15.25, 9, 15.5, 10], "texture": "#texture"},
				"west": {"uv": [7.5, 9, 8.5, 10], "texture": "#texture"},
				"down": {"uv": [0.75, 8.5, 0.5, 7.5], "texture": "#texture"}
			}
		},
		{
			"from": [14.8, 6.625, 7.75],
			"to": [15.05, 7.875, 8.25],
			"rotation": {"angle": -22.5, "axis": "z", "origin": [14.5, 7.5, 7.75]},
			"faces": {
				"north": {"uv": [0.75, 2, 1.25, 3.25], "texture": "#texture"},
				"east": {"uv": [7.75, 2, 8.25, 3.25], "texture": "#texture"},
				"south": {"uv": [14.75, 2, 15.25, 3.25], "texture": "#texture"},
				"west": {"uv": [7.75, 2, 8.25, 3.25], "texture": "#texture"},
				"down": {"uv": [1.25, 8.25, 0.75, 7.75], "texture": "#texture"}
			}
		},
		{
			"from": [15, 6.25, 7.5],
			"to": [15.25, 6.5, 8.5],
			"faces": {
				"north": {"uv": [0.75, 9.75, 1, 10], "texture": "#texture"},
				"south": {"uv": [15, 9.75, 15.25, 10], "texture": "#texture"},
				"west": {"uv": [7.5, 9.75, 8.5, 10], "texture": "#texture"},
				"up": {"uv": [15, 7.5, 15.25, 8.5], "texture": "#texture"}
			}
		},
		{
			"from": [8, 7.5, 7.075],
			"to": [15.25, 9.5, 8.925],
			"faces": {
				"north": {"uv": [5.75, 7, 13, 8.5], "texture": "#texture"},
				"south": {"uv": [8, 7, 15.25, 8.5], "texture": "#texture"},
				"west": {"uv": [7, 7, 9, 8.5], "texture": "#texture"},
				"up": {"uv": [8, 7, 15.25, 9], "texture": "#texture"},
				"down": {"uv": [8, 9, 0.75, 7], "texture": "#texture"}
			}
		},
		{
			"from": [-2.5, 8.3, 7.45],
			"to": [3.75, 8.625, 8.55],
			"faces": {
				"north": {"uv": [9, 11.45, 9.45, 11.5], "texture": "#1"},
				"east": {"uv": [9, 11.25, 9.7, 11.7], "texture": "#1"},
				"south": {"uv": [9, 11.25, 9.75, 11.5], "texture": "#1"},
				"west": {"uv": [9, 11.25, 9.8, 11.5], "texture": "#1"},
				"up": {"uv": [9, 11.2, 9.8, 11.9], "texture": "#1"},
				"down": {"uv": [9.85, 11.8, 9, 11.3], "texture": "#1"}
			}
		},
		{
			"from": [-2.5, 8.05, 7.2],
			"to": [3.75, 8.375, 8.8],
			"faces": {
				"north": {"uv": [9, 11.25, 9.75, 11.75], "texture": "#1"},
				"east": {"uv": [9, 11.25, 9.4, 11.75], "texture": "#1"},
				"south": {"uv": [9, 11.25, 9.65, 11.75], "texture": "#1"},
				"west": {"uv": [9, 11.25, 9.6, 11.75], "texture": "#1"},
				"up": {"uv": [9, 11, 9.7, 12], "texture": "#1"},
				"down": {"uv": [9.75, 11.75, 9, 11.25], "texture": "#1"}
			}
		},
		{
			"from": [-2.5, 7.55, 7.1],
			"to": [3.75, 8.125, 8.9],
			"faces": {
				"north": {"uv": [9, 11.2, 9.85, 11.95], "texture": "#1"},
				"east": {"uv": [9, 11.2, 9.7, 11.95], "texture": "#1"},
				"south": {"uv": [9, 11.2, 9.85, 11.95], "texture": "#1"},
				"west": {"uv": [9, 11.2, 9.8, 11.95], "texture": "#1"},
				"up": {"uv": [9, 11.2, 9.85, 11.9], "texture": "#1"},
				"down": {"uv": [9.75, 11.9, 9, 11.3], "texture": "#1"}
			}
		},
		{
			"from": [-2.5, 7.05, 7.45],
			"to": [3.75, 7.375, 8.55],
			"faces": {
				"north": {"uv": [9, 11.25, 9.4, 11.7], "texture": "#1"},
				"east": {"uv": [9, 11.25, 9.6, 11.6], "texture": "#1"},
				"south": {"uv": [9, 11.25, 9.85, 11.7], "texture": "#1"},
				"west": {"uv": [9, 11.25, 9.7, 11.6], "texture": "#1"},
				"down": {"uv": [9.65, 11.7, 9, 11.2], "texture": "#1"}
			}
		},
		{
			"from": [-2.5, 7.3, 7.2],
			"to": [3.75, 7.625, 8.8],
			"faces": {
				"north": {"uv": [9, 11.15, 9.65, 11.75], "texture": "#1"},
				"east": {"uv": [9.05, 11.15, 9.55, 11.65], "texture": "#1"},
				"south": {"uv": [9, 11.15, 9.65, 11.65], "texture": "#1"},
				"west": {"uv": [9, 11.15, 9.6, 11.65], "texture": "#1"},
				"down": {"uv": [9.75, 11.85, 9, 11.05], "texture": "#1"}
			}
		},
		{
			"from": [-2.5, 6.95, 7.7],
			"to": [3.75, 7.05, 8.3],
			"faces": {
				"north": {"uv": [9, 11.25, 9.4, 11.7], "texture": "#1"},
				"east": {"uv": [9, 11.25, 9.6, 11.6], "texture": "#1"},
				"south": {"uv": [9, 11.25, 9.85, 11.7], "texture": "#1"},
				"west": {"uv": [9, 11.25, 9.7, 11.6], "texture": "#1"},
				"down": {"uv": [9.65, 11.7, 9, 11.2], "texture": "#1"}
			}
		},
		{
			"from": [25, 8.075, 7.5],
			"to": [25.5, 8.325, 8.5],
			"faces": {
				"north": {"uv": [0, 0, 0.5, 0.25], "texture": "#texture"},
				"east": {"uv": [0, 0, 1, 0.25], "texture": "#texture"},
				"south": {"uv": [0, 0, 0.5, 0.25], "texture": "#texture"},
				"west": {"uv": [0, 0, 1, 0.25], "texture": "#texture"},
				"up": {"uv": [0, 0, 0.5, 1], "texture": "#texture"},
				"down": {"uv": [0, 0, 0.5, 1], "texture": "#texture"}
			}
		},
		{
			"from": [25, 3.825, 7.25],
			"to": [25.5, 8.075, 8.75],
			"faces": {
				"north": {"uv": [0, 0, 0.5, 4.25], "texture": "#texture"},
				"east": {"uv": [0, 0, 1.5, 4.25], "texture": "#texture"},
				"south": {"uv": [0, 0, 0.5, 4.25], "texture": "#texture"},
				"west": {"uv": [0, 0, 1.5, 4.25], "texture": "#texture"},
				"up": {"uv": [0, 0, 0.5, 1.5], "texture": "#texture"},
				"down": {"uv": [0, 0, 0.5, 1.5], "texture": "#texture"}
			}
		},
		{
			"from": [-8.5, 8.875, 7.475],
			"to": [8.45, 9.425, 7.725],
			"faces": {
				"north": {"uv": [0, 0, 16, 0.55], "texture": "#texture"},
				"east": {"uv": [0, 0, 0.25, 0.55], "texture": "#texture"},
				"south": {"uv": [0, 0, 16, 0.55], "texture": "#texture"},
				"west": {"uv": [0, 0, 0.25, 0.55], "texture": "#texture"},
				"up": {"uv": [0, 0, 16, 0.25], "texture": "#texture"},
				"down": {"uv": [0, 0, 16, 0.25], "texture": "#texture"}
			}
		},
		{
			"from": [-7, 7.6, 7.475],
			"to": [8.45, 8.15, 7.975],
			"faces": {
				"north": {"uv": [0, 0, 15.45, 0.55], "texture": "#texture"},
				"east": {"uv": [0, 0, 0.5, 0.55], "texture": "#texture"},
				"south": {"uv": [0, 0, 15.45, 0.55], "texture": "#texture"},
				"west": {"uv": [0, 0, 0.5, 0.55], "texture": "#texture"},
				"up": {"uv": [0, 0, 15.45, 0.5], "texture": "#texture"},
				"down": {"uv": [0, 0, 15.45, 0.5], "texture": "#texture"}
			}
		},
		{
			"from": [-7, 7.6, 8.025],
			"to": [8.45, 8.15, 8.525],
			"faces": {
				"north": {"uv": [0, 0, 15.45, 0.55], "texture": "#texture"},
				"east": {"uv": [0, 0, 0.5, 0.55], "texture": "#texture"},
				"south": {"uv": [0, 0, 15.45, 0.55], "texture": "#texture"},
				"west": {"uv": [0, 0, 0.5, 0.55], "texture": "#texture"},
				"up": {"uv": [0, 0, 15.45, 0.5], "texture": "#texture"},
				"down": {"uv": [0, 0, 15.45, 0.5], "texture": "#texture"}
			}
		},
		{
			"from": [-7, 7.9, 7.725],
			"to": [8.45, 8.4, 8.275],
			"faces": {
				"north": {"uv": [0, 0, 15.45, 0.5], "texture": "#texture"},
				"east": {"uv": [0, 0, 0.55, 0.5], "texture": "#texture"},
				"south": {"uv": [0, 0, 15.45, 0.5], "texture": "#texture"},
				"west": {"uv": [0, 0, 0.55, 0.5], "texture": "#texture"},
				"up": {"uv": [0, 0, 15.45, 0.55], "texture": "#texture"},
				"down": {"uv": [0, 0, 15.45, 0.55], "texture": "#texture"}
			}
		},
		{
			"from": [-7.25, 7.625, 7.75],
			"to": [-6.5, 8.125, 8.25],
			"faces": {
				"north": {"uv": [0, 0, 0.75, 0.5], "texture": "#texture"},
				"east": {"uv": [0, 0, 0.5, 0.5], "texture": "#texture"},
				"south": {"uv": [0, 0, 0.75, 0.5], "texture": "#texture"},
				"west": {"uv": [0, 0, 0.5, 0.5], "texture": "#texture"},
				"up": {"uv": [0, 0, 0.75, 0.5], "texture": "#texture"},
				"down": {"uv": [0, 0, 0.75, 0.5], "texture": "#texture"}
			}
		},
		{
			"from": [-6.25, 7.3, 7.425],
			"to": [-5.5, 8.45, 8.575],
			"faces": {
				"north": {"uv": [0, 0, 0.75, 1.15], "texture": "#texture"},
				"east": {"uv": [0, 0, 1.15, 1.15], "texture": "#texture"},
				"south": {"uv": [0, 0, 0.75, 1.15], "texture": "#texture"},
				"west": {"uv": [0, 0, 1.15, 1.15], "texture": "#texture"},
				"up": {"uv": [0, 0, 0.75, 1.15], "texture": "#texture"},
				"down": {"uv": [0, 0, 0.75, 1.15], "texture": "#texture"}
			}
		},
		{
			"from": [-6.25, 8.25, 7.75],
			"to": [-5.5, 8.75, 8.25],
			"faces": {
				"north": {"uv": [0, 0, 0.75, 0.5], "texture": "#texture"},
				"east": {"uv": [0, 0, 0.5, 0.5], "texture": "#texture"},
				"south": {"uv": [0, 0, 0.75, 0.5], "texture": "#texture"},
				"west": {"uv": [0, 0, 0.5, 0.5], "texture": "#texture"},
				"up": {"uv": [0, 0, 0.75, 0.5], "texture": "#texture"},
				"down": {"uv": [0, 0, 0.75, 0.5], "texture": "#texture"}
			}
		},
		{
			"from": [-8, 9.675, 7.875],
			"to": [-7.75, 9.975, 8.125],
			"faces": {
				"north": {"uv": [0, 0, 0.25, 0.3], "texture": "#texture"},
				"east": {"uv": [0, 0, 0.25, 0.3], "texture": "#texture"},
				"south": {"uv": [0, 0, 0.25, 0.3], "texture": "#texture"},
				"west": {"uv": [0, 0, 0.25, 0.3], "texture": "#texture"},
				"up": {"uv": [0, 0, 0.25, 0.25], "texture": "#texture"},
				"down": {"uv": [0, 0, 0.25, 0.25], "texture": "#texture"}
			}
		},
		{
			"from": [-7, 7.35, 7.725],
			"to": [8.45, 7.85, 8.275],
			"faces": {
				"north": {"uv": [0, 0, 15.45, 0.5], "texture": "#texture"},
				"east": {"uv": [0, 0, 0.55, 0.5], "texture": "#texture"},
				"south": {"uv": [0, 0, 15.45, 0.5], "texture": "#texture"},
				"west": {"uv": [0, 0, 0.55, 0.5], "texture": "#texture"},
				"up": {"uv": [0, 0, 15.45, 0.55], "texture": "#texture"},
				"down": {"uv": [0, 0, 15.45, 0.55], "texture": "#texture"}
			}
		},
		{
			"from": [-8.5, 8.875, 8.275],
			"to": [8.45, 9.425, 8.525],
			"faces": {
				"north": {"uv": [0, 0, 16, 0.55], "texture": "#texture"},
				"east": {"uv": [0, 0, 0.25, 0.55], "texture": "#texture"},
				"south": {"uv": [0, 0, 16, 0.55], "texture": "#texture"},
				"west": {"uv": [0, 0, 0.25, 0.55], "texture": "#texture"},
				"up": {"uv": [0, 0, 16, 0.25], "texture": "#texture"},
				"down": {"uv": [0, 0, 16, 0.25], "texture": "#texture"}
			}
		},
		{
			"from": [-8.5, 9.425, 7.725],
			"to": [8.45, 9.675, 8.275],
			"faces": {
				"north": {"uv": [0, 0, 16, 0.25], "texture": "#texture"},
				"east": {"uv": [0, 0, 0.55, 0.25], "texture": "#texture"},
				"south": {"uv": [0, 0, 16, 0.25], "texture": "#texture"},
				"west": {"uv": [0, 0, 0.55, 0.25], "texture": "#texture"},
				"up": {"uv": [0, 0, 16, 0.55], "texture": "#texture"},
				"down": {"uv": [0, 0, 16, 0.55], "texture": "#texture"}
			}
		},
		{
			"from": [-8.5, 8.625, 7.725],
			"to": [8.45, 8.875, 8.275],
			"faces": {
				"north": {"uv": [0, 0, 16, 0.25], "texture": "#texture"},
				"east": {"uv": [0, 0, 0.55, 0.25], "texture": "#texture"},
				"south": {"uv": [0, 0, 16, 0.25], "texture": "#texture"},
				"west": {"uv": [0, 0, 0.55, 0.25], "texture": "#texture"},
				"up": {"uv": [0, 0, 16, 0.55], "texture": "#texture"},
				"down": {"uv": [0, 0, 16, 0.55], "texture": "#texture"}
			}
		},
		{
			"from": [-1.5, 8.4, 7.775],
			"to": [8.2, 8.625, 8.225],
			"faces": {
				"north": {"uv": [0, 0, 9.7, 0.225], "texture": "#texture"},
				"east": {"uv": [0, 0, 0.45, 0.225], "texture": "#texture"},
				"south": {"uv": [0, 0, 9.7, 0.225], "texture": "#texture"},
				"west": {"uv": [0, 0, 0.45, 0.225], "texture": "#texture"},
				"up": {"uv": [0, 0, 9.7, 0.45], "texture": "#texture"},
				"down": {"uv": [0, 0, 9.7, 0.45], "texture": "#texture"}
			}
		}
	],
	"gui_light": "front",
	"display": {
		"thirdperson_righthand": {
			"rotation": [0, -90, -63],
			"translation": [0, 5.5, -0.5],
			"scale": [0.85, 0.91, 0.9]
		},
		"thirdperson_lefthand": {
			"rotation": [0, 90, 0],
			"translation": [0, 0.75, -5.25],
			"scale": [0.85, 0.91, 0.9]
		},
		"firstperson_righthand": {
			"rotation": [0, -90, 0],
			"translation": [0, 3, -5.75],
			"scale": [0.95, 1.01, 1]
		},
		"firstperson_lefthand": {
			"rotation": [0, 90, 0],
			"translation": [0, 3, -5.75],
			"scale": [0.95, 1.01, 1]
		},
		"ground": {
			"translation": [0, 0.25, 0],
			"scale": [0.95, 1.01, 1]
		},
		"gui": {
			"rotation": [0, 0, -45],
			"translation": [-0.25, 0.75, 0],
			"scale": [0.57, 0.58, 0.9]
		},
		"head": {
			"rotation": [0, -93, 7],
			"translation": [0, 10.25, 0]
		},
		"fixed": {
			"rotation": [0, 180, -45],
			"translation": [0.75, 1.25, 0],
			"scale": [0.95, 1.01, 1]
		}
	},
	"groups": [
		{
			"name": "Remington 870",
			"origin": [8, 8, 8],
			"color": 0,
			"children": [
				{
					"name": "browing",
					"origin": [8, 8, 8],
					"color": 0,
					"children": []
				}
			]
		},
		{
			"name": "M1014",
			"origin": [8, 8, 8],
			"color": 0,
			"children": [
				{
					"name": "moss",
					"origin": [8, 8, 8],
					"color": 0,
					"children": [0, 1, 2, 3, 4, 5, 6, 7, 8, 9, 10, 11, 12, 13, 14, 15, 16, 17, 18, 19, 20, 21, 22, 23, 24, 25, 26, 27, 28, 29, 30, 31, 32, 33, 34, 35, 36, 37, 38, 39, 40, 41, 42, 43, 44, 45]
				}
			]
		}
	]
}