{
	"credit": "Made by SrDarmith - YouTube: Mainclay",
	"textures": {
		"texture": "block/anvil_1",
		"blade": "block/door_iron_lower",
		"particle": "block/hardened_clay_stained_graybeige",
		"dark wood blade": "block/hardened_clay_stained_graybeige"
	},
	"elements": [
		{
			"from": [2.75, 9.95, 7.375],
			"to": [12.7, 10.775, 8],
			"rotation": {"angle": 0, "axis": "y", "origin": [0, -0.25, 0]},
			"faces": {
				"north": {"uv": [3.5, 4.75, 14, 5.75], "texture": "#texture"},
				"east": {"uv": [8, 4.75, 8.75, 5.75], "texture": "#texture"},
				"south": {"uv": [2, 4.75, 12.5, 5.75], "texture": "#texture"},
				"west": {"uv": [7.25, 4.75, 8, 5.75], "texture": "#texture"},
				"up": {"uv": [2, 7.25, 12.5, 8], "texture": "#texture"},
				"down": {"uv": [14, 8, 3.5, 7.25], "texture": "#texture"}
			}
		},
		{
			"from": [5.25, 9.175, 7.525],
			"to": [12.5, 9.95, 8.975],
			"rotation": {"angle": 0, "axis": "y", "origin": [0, -0.25, 0]},
			"faces": {
				"north": {"uv": [3.25, 5.75, 12.5, 6], "texture": "#texture"},
				"east": {"uv": [6.75, 5.75, 8.75, 6], "texture": "#texture"},
				"south": {"uv": [3.5, 5.75, 12.75, 6], "texture": "#texture"},
				"west": {"uv": [7.25, 5.75, 9.25, 6], "texture": "#texture"},
				"up": {"uv": [3.5, 7.25, 12.75, 9.25], "texture": "#texture"},
				"down": {"uv": [12.5, 9.25, 3.25, 7.25], "texture": "#texture"}
			}
		},
		{
			"from": [2.75, 9.225, 7.75],
			"to": [12.5, 10.025, 8.75],
			"rotation": {"angle": 0, "axis": "y", "origin": [0, -0.25, 0]},
			"faces": {
				"north": {"uv": [4.5, 5.5, 14, 6.5], "texture": "#texture"},
				"east": {"uv": [7.25, 5.5, 8.25, 6.5], "texture": "#texture"},
				"south": {"uv": [2, 5.5, 11.5, 6.5], "texture": "#texture"},
				"west": {"uv": [7.75, 5.5, 8.75, 6.5], "texture": "#texture"},
				"up": {"uv": [2, 7.75, 11.5, 8.75], "texture": "#texture"},
				"down": {"uv": [14, 8.75, 4.5, 7.75], "texture": "#texture"}
			}
		},
		{
			"from": [5.25, 9, 7.575],
			"to": [12.3, 9.25, 8.925],
			"rotation": {"angle": 0, "axis": "y", "origin": [0, -0.25, 0]},
			"faces": {
				"north": {"uv": [3.5, 6, 12.25, 6.75], "texture": "#texture"},
				"east": {"uv": [7, 6, 8.5, 6.75], "texture": "#texture"},
				"south": {"uv": [3.75, 6, 12.5, 6.75], "texture": "#texture"},
				"west": {"uv": [7.5, 6, 9, 6.75], "texture": "#texture"},
				"down": {"uv": [12.25, 9, 3.5, 7.5], "texture": "#texture"}
			}
		},
		{
			"from": [2.75, 11.025, 7.75],
			"to": [8, 11.275, 8.75],
			"rotation": {"angle": 0, "axis": "y", "origin": [0, -0.25, 0]},
			"faces": {
				"north": {"uv": [9, 4.25, 14, 4.5], "texture": "#texture"},
				"east": {"uv": [7, 4.25, 8.5, 4.5], "texture": "#texture"},
				"south": {"uv": [2, 4.25, 7, 4.5], "texture": "#texture"},
				"west": {"uv": [7.5, 4.25, 9, 4.5], "texture": "#texture"},
				"up": {"uv": [2, 7.5, 7, 9], "texture": "#texture"}
			}
		},
		{
			"from": [9.25, 11.025, 7.75],
			"to": [12.5, 11.275, 8.75],
			"rotation": {"angle": 0, "axis": "y", "origin": [0, -0.25, 0]},
			"faces": {
				"north": {"uv": [3.5, 4.25, 7, 4.5], "texture": "#texture"},
				"east": {"uv": [7, 4.25, 8.5, 4.5], "texture": "#texture"},
				"south": {"uv": [9, 4.25, 12.5, 4.5], "texture": "#texture"},
				"west": {"uv": [7.5, 4.25, 9, 4.5], "texture": "#texture"},
				"up": {"uv": [9, 7.5, 12.5, 9], "texture": "#texture"}
			}
		},
		{
			"from": [3, 11.275, 8.125],
			"to": [3.6, 11.525, 8.375],
			"rotation": {"angle": 0, "axis": "y", "origin": [0, -0.25, 0]},
			"faces": {
				"north": {"uv": [13, 4, 13.75, 4.25], "texture": "#texture"},
				"east": {"uv": [7.5, 4, 8, 4.25], "texture": "#texture"},
				"south": {"uv": [2.25, 4, 3, 4.25], "texture": "#texture"},
				"west": {"uv": [8, 4, 8.5, 4.25], "texture": "#texture"},
				"up": {"uv": [2.25, 8, 3, 8.5], "texture": "#texture"}
			}
		},
		{
			"from": [9.25, 10.775, 7.5],
			"to": [12.5, 11.025, 9],
			"rotation": {"angle": 0, "axis": "y", "origin": [0, -0.25, 0]},
			"faces": {
				"north": {"uv": [3.5, 4.5, 7, 5.75], "texture": "#texture"},
				"east": {"uv": [7, 4.5, 8.5, 5.75], "texture": "#texture"},
				"south": {"uv": [9, 4.5, 12.5, 5.75], "texture": "#texture"},
				"west": {"uv": [7.5, 4.5, 9, 5.75], "texture": "#texture"},
				"up": {"uv": [0, 0, 0, 0], "texture": "#texture"},
				"down": {"uv": [0, 0, 0, 0], "texture": "#texture"}
			}
		},
		{
			"from": [2.75, 10.775, 7.5],
			"to": [8, 11.025, 9],
			"rotation": {"angle": 0, "axis": "y", "origin": [0, -0.25, 0]},
			"faces": {
				"north": {"uv": [9, 4.5, 14, 4.75], "texture": "#texture"},
				"east": {"uv": [7, 4.5, 8.5, 4.75], "texture": "#texture"},
				"south": {"uv": [2, 4.5, 7, 4.75], "texture": "#texture"},
				"west": {"uv": [7.5, 4.5, 9, 4.75], "texture": "#texture"},
				"up": {"uv": [0, 0, 0, 0], "texture": "#texture"},
				"down": {"uv": [14, 9, 9, 7.5], "texture": "#texture"}
			}
		},
		{
			"from": [7, 10.775, 7.825],
			"to": [9.25, 11.225, 8.475],
			"rotation": {"angle": 0, "axis": "y", "origin": [0, -0.25, 0]},
			"faces": {
				"north": {"uv": [7, 4.25, 9, 4.75], "texture": "#blade"},
				"east": {"uv": [7.25, 4.25, 8.25, 4.75], "texture": "#blade"},
				"south": {"uv": [7, 4.25, 9, 4.75], "texture": "#blade"},
				"west": {"uv": [7.75, 4.25, 8.75, 4.75], "texture": "#blade"},
				"up": {"uv": [7, 7.75, 9, 8.75], "texture": "#blade"},
				"down": {"uv": [9, 8.75, 7, 7.75], "texture": "#blade"}
			}
		},
		{
			"from": [7, 10.75, 7.65],
			"to": [9.25, 10.975, 8.675],
			"rotation": {"angle": 0, "axis": "y", "origin": [0, -0.25, 0]},
			"faces": {
				"north": {"uv": [7, 4.25, 9, 4.75], "texture": "#blade"},
				"east": {"uv": [7.25, 4.25, 8.25, 4.75], "texture": "#blade"},
				"south": {"uv": [7, 4.25, 9, 4.75], "texture": "#blade"},
				"west": {"uv": [7.75, 4.25, 8.75, 4.75], "texture": "#blade"},
				"up": {"uv": [7, 7.75, 9, 8.75], "texture": "#blade"},
				"down": {"uv": [9, 8.75, 7, 7.75], "texture": "#blade"}
			}
		},
		{
			"from": [2.5, 10.275, 7.75],
			"to": [2.75, 10.775, 8],
			"rotation": {"angle": 0, "axis": "y", "origin": [0, -0.25, 0]},
			"faces": {
				"north": {"uv": [14, 4.5, 14.25, 5.5], "texture": "#texture"},
				"east": {"uv": [8, 4.5, 8.25, 5.5], "texture": "#texture"},
				"south": {"uv": [1.75, 4.5, 2, 5.5], "texture": "#texture"},
				"west": {"uv": [7.75, 4.5, 8, 5.5], "texture": "#texture"},
				"up": {"uv": [1.75, 7.75, 2, 8], "texture": "#texture"},
				"down": {"uv": [14.25, 8, 14, 7.75], "texture": "#texture"}
			}
		},
		{
			"from": [2.5, 10.275, 8.5],
			"to": [2.75, 10.775, 8.75],
			"rotation": {"angle": 0, "axis": "y", "origin": [0, -0.25, 0]},
			"faces": {
				"north": {"uv": [14, 4.5, 14.25, 5.5], "texture": "#texture"},
				"east": {"uv": [7.25, 4.5, 7.5, 5.5], "texture": "#texture"},
				"south": {"uv": [1.75, 4.5, 2, 5.5], "texture": "#texture"},
				"west": {"uv": [8.5, 4.5, 8.75, 5.5], "texture": "#texture"},
				"up": {"uv": [1.75, 8.5, 2, 8.75], "texture": "#texture"},
				"down": {"uv": [14.25, 8.75, 14, 8.5], "texture": "#texture"}
			}
		},
		{
			"from": [11.75, 9, 7.75],
			"to": [13.65, 9.25, 8.75],
			"faces": {
				"north": {"uv": [2.5, 7, 8.5, 7.25], "texture": "#texture"},
				"east": {"uv": [7.25, 7, 8.25, 7.25], "texture": "#texture"},
				"south": {"uv": [7.5, 7, 13.5, 7.25], "texture": "#texture"},
				"west": {"uv": [7.75, 7, 8.75, 7.25], "texture": "#texture"},
				"up": {"uv": [7.5, 7.75, 13.5, 8.75], "texture": "#texture"},
				"down": {"uv": [8.5, 8.75, 2.5, 7.75], "texture": "#texture"}
			}
		},
		{
			"from": [2.5, 10.025, 8],
			"to": [2.75, 10.275, 8.5],
			"rotation": {"angle": 0, "axis": "y", "origin": [0, -0.25, 0]},
			"faces": {
				"north": {"uv": [0, 0, 0, 0], "texture": "#texture"},
				"east": {"uv": [7.5, 5.25, 8, 5.5], "texture": "#texture"},
				"south": {"uv": [0, 0, 0, 0], "texture": "#texture"},
				"west": {"uv": [8, 5.25, 8.5, 5.5], "texture": "#texture"},
				"up": {"uv": [1.75, 8, 2, 8.5], "texture": "#texture"},
				"down": {"uv": [14.25, 8.5, 14, 8], "texture": "#texture"}
			}
		},
		{
			"from": [2.75, 9.95, 8.5],
			"to": [12.7, 10.775, 9.125],
			"rotation": {"angle": 0, "axis": "y", "origin": [0, -0.25, 0]},
			"faces": {
				"north": {"uv": [3.5, 4.75, 14, 5.75], "texture": "#texture"},
				"east": {"uv": [6.75, 4.75, 7.5, 5.75], "texture": "#texture"},
				"south": {"uv": [2, 4.75, 12.5, 5.75], "texture": "#texture"},
				"west": {"uv": [8.5, 4.75, 9.25, 5.75], "texture": "#texture"},
				"up": {"uv": [2, 8.5, 12.5, 9.25], "texture": "#texture"},
				"down": {"uv": [14, 9.25, 3.5, 8.5], "texture": "#texture"}
			}
		},
		{
			"from": [2.5, 10.775, 8],
			"to": [2.75, 11.025, 8.5],
			"rotation": {"angle": 0, "axis": "y", "origin": [0, -0.25, 0]},
			"faces": {
				"north": {"uv": [0, 0, 0, 0], "texture": "#texture"},
				"east": {"uv": [0, 0, 0, 0], "texture": "#texture"},
				"south": {"uv": [0, 0, 0, 0], "texture": "#texture"},
				"west": {"uv": [8, 4.5, 8.5, 4.75], "texture": "#texture"},
				"up": {"uv": [1.75, 8, 2, 8.5], "texture": "#texture"},
				"down": {"uv": [14.25, 8.5, 14, 8], "texture": "#texture"}
			}
		},
		{
			"from": [8.25, 7.5, 8],
			"to": [8.5, 8.75, 8.5],
			"faces": {
				"north": {"uv": [7.75, 7.25, 8, 8.5], "texture": "#texture"},
				"east": {"uv": [7.5, 7.25, 8, 8.5], "texture": "#texture"},
				"south": {"uv": [8, 7.25, 8.25, 8.5], "texture": "#texture"},
				"west": {"uv": [8, 7.25, 8.5, 8.5], "texture": "#texture"},
				"down": {"uv": [8, 8.5, 7.75, 8], "texture": "#texture"}
			}
		},
		{
			"from": [8.5, 7.25, 8],
			"to": [10.5, 7.5, 8.5],
			"faces": {
				"north": {"uv": [5.75, 8.5, 7.75, 8.75], "texture": "#texture"},
				"south": {"uv": [8.25, 8.5, 10.25, 8.75], "texture": "#texture"},
				"west": {"uv": [8, 8.5, 8.5, 8.75], "texture": "#texture"},
				"up": {"uv": [8.25, 8, 10.25, 8.5], "texture": "#texture"},
				"down": {"uv": [7.75, 8.5, 5.75, 8], "texture": "#texture"}
			}
		},
		{
			"from": [8.5, 7.5, 8],
			"to": [8.75, 7.75, 8.5],
			"faces": {
				"north": {"uv": [7.5, 8.25, 7.75, 8.5], "texture": "#texture"},
				"east": {"uv": [7.5, 8.25, 8, 8.5], "texture": "#texture"},
				"south": {"uv": [8.25, 8.25, 8.5, 8.5], "texture": "#texture"},
				"up": {"uv": [8.25, 8, 8.5, 8.5], "texture": "#texture"}
			}
		},
		{
			"from": [10.5, 8.25, 7.75],
			"to": [13.25, 8.5, 8.75],
			"rotation": {"angle": 0, "axis": "y", "origin": [0, -0.25, 0]},
			"faces": {
				"north": {"uv": [2.75, 7.25, 5.5, 7.5], "texture": "#texture"},
				"east": {"uv": [7.25, 7.25, 8.25, 7.5], "texture": "#texture"},
				"south": {"uv": [10.5, 7.25, 13.25, 7.5], "texture": "#texture"},
				"down": {"uv": [5.5, 8.75, 2.75, 7.75], "texture": "#texture"}
			}
		},
		{
			"from": [10.25, 6.5, 7.75],
			"to": [10.5, 8.5, 8.75],
			"rotation": {"angle": 0, "axis": "y", "origin": [0, -0.25, 0]},
			"faces": {
				"north": {"uv": [5.5, 7.25, 5.75, 9.25], "texture": "#texture"},
				"east": {"uv": [7.25, 7.25, 8.25, 9.25], "texture": "#texture"},
				"south": {"uv": [10.25, 7.25, 10.5, 9.25], "texture": "#texture"},
				"west": {"uv": [7.75, 7.25, 8.75, 9.25], "texture": "#texture"},
				"down": {"uv": [5.75, 8.75, 5.5, 7.75], "texture": "#texture"}
			}
		},
		{
			"from": [10.5, 7, 7.75],
			"to": [13.25, 7.25, 8.75],
			"rotation": {"angle": 0, "axis": "y", "origin": [0, -0.25, 0]},
			"faces": {
				"north": {"uv": [3, 8.5, 5.5, 9.25], "texture": "#texture"},
				"east": {"uv": [7.25, 8.5, 8.25, 9.25], "texture": "#texture"},
				"south": {"uv": [10.5, 8.5, 13, 9.25], "texture": "#texture"},
				"west": {"uv": [0, 0, 0, 0], "texture": "#texture"},
				"up": {"uv": [0, 0, 0, 0], "texture": "#texture"},
				"down": {"uv": [0, 0, 0, 0], "texture": "#texture"}
			}
		},
		{
			"from": [10.5, 5, 7.75],
			"to": [13.25, 7, 8.75],
			"rotation": {"angle": 0, "axis": "y", "origin": [0, -0.25, 0]},
			"faces": {
				"north": {"uv": [2.75, 9.25, 5.5, 9.75], "texture": "#texture"},
				"east": {"uv": [7.25, 9.25, 8.25, 9.75], "texture": "#texture"},
				"south": {"uv": [10.5, 9.25, 13.25, 9.75], "texture": "#texture"},
				"west": {"uv": [7.75, 9.25, 8.75, 9.75], "texture": "#texture"},
				"up": {"uv": [10.5, 7.75, 13.25, 8.75], "texture": "#texture"},
				"down": {"uv": [5.5, 8.75, 2.75, 7.75], "texture": "#texture"}
			}
		},
		{
			"from": [12.75, 9.95, 8],
			"to": [13.75, 10.45, 8.5],
			"rotation": {"angle": 22.5, "axis": "z", "origin": [12.75, 10.25, 8]},
			"faces": {
				"north": {"uv": [0.5, 10.75, 1.75, 11.25], "texture": "#texture"},
				"east": {"uv": [7.25, 10.75, 8.25, 11.25], "texture": "#texture"},
				"south": {"uv": [14.25, 10.75, 15.5, 11.25], "texture": "#texture"},
				"up": {"uv": [14.25, 7.75, 15.5, 8.75], "texture": "#texture"},
				"down": {"uv": [1.75, 8.75, 0.5, 7.75], "texture": "#texture"}
			}
		},
		{
			"from": [15.6875, 3.6125, 7.775],
			"to": [15.9625, 5.6125, 8.725],
			"rotation": {"angle": 22.5, "axis": "z", "origin": [0, -0.25, 0]},
			"faces": {
				"north": {"uv": [2.25, 11.75, 4.75, 12.5], "texture": "#texture"},
				"east": {"uv": [7.25, 11.75, 8.25, 12.5], "texture": "#texture"},
				"south": {"uv": [11.25, 11.75, 13.75, 12.5], "texture": "#texture"},
				"west": {"uv": [7.75, 11.75, 8.75, 12.5], "texture": "#texture"},
				"up": {"uv": [11.25, 7.75, 13.75, 8.75], "texture": "#texture"},
				"down": {"uv": [4.75, 8.75, 2.25, 7.75], "texture": "#texture"}
			}
		},
		{
			"from": [12.3, 8.7, 7.525],
			"to": [13.275, 9.65, 8.975],
			"rotation": {"angle": 0, "axis": "y", "origin": [0, -0.25, 0]},
			"faces": {
				"north": {"uv": [3.25, 4.75, 3.5, 6.75], "texture": "#texture"},
				"east": {"uv": [7.25, 4.75, 8.25, 6.75], "texture": "#texture"},
				"south": {"uv": [12.5, 4.75, 12.75, 6.75], "texture": "#texture"},
				"west": {"uv": [7.75, 4.75, 8.75, 6.75], "texture": "#texture"},
				"up": {"uv": [12.5, 7.75, 12.75, 8.75], "texture": "#texture"}
			}
		},
		{
			"from": [12.3, 9.55, 7.525],
			"to": [13.05, 10.1, 8.975],
			"rotation": {"angle": 0, "axis": "y", "origin": [0, -0.25, 0]},
			"faces": {
				"north": {"uv": [3.25, 4.75, 3.5, 6.75], "texture": "#texture"},
				"east": {"uv": [7.25, 4.75, 8.25, 6.75], "texture": "#texture"},
				"south": {"uv": [12.5, 4.75, 12.75, 6.75], "texture": "#texture"},
				"west": {"uv": [7.75, 4.75, 8.75, 6.75], "texture": "#texture"},
				"up": {"uv": [12.5, 7.75, 12.75, 8.75], "texture": "#texture"}
			}
		},
		{
			"from": [12.3, 10.1, 7.525],
			"to": [12.85, 10.55, 8.975],
			"rotation": {"angle": 0, "axis": "y", "origin": [0, -0.25, 0]},
			"faces": {
				"north": {"uv": [3.25, 4.75, 3.5, 6.75], "texture": "#texture"},
				"east": {"uv": [7.25, 4.75, 8.25, 6.75], "texture": "#texture"},
				"south": {"uv": [12.5, 4.75, 12.75, 6.75], "texture": "#texture"},
				"west": {"uv": [7.75, 4.75, 8.75, 6.75], "texture": "#texture"},
				"up": {"uv": [12.5, 7.75, 12.75, 8.75], "texture": "#texture"}
			}
		},
		{
			"from": [12.5, 10.55, 7.525],
			"to": [12.7, 10.925, 8.975],
			"rotation": {"angle": 0, "axis": "y", "origin": [0, -0.25, 0]},
			"faces": {
				"north": {"uv": [3.25, 4.75, 3.5, 6.75], "texture": "#texture"},
				"east": {"uv": [7.25, 4.75, 8.25, 6.75], "texture": "#texture"},
				"south": {"uv": [12.5, 4.75, 12.75, 6.75], "texture": "#texture"},
				"west": {"uv": [7.75, 4.75, 8.75, 6.75], "texture": "#texture"},
				"up": {"uv": [12.5, 7.75, 12.75, 8.75], "texture": "#texture"}
			}
		},
		{
			"from": [10.5, 8, 7.75],
			"to": [13, 8.25, 8.75],
			"rotation": {"angle": 0, "axis": "y", "origin": [0, -0.25, 0]},
			"faces": {
				"north": {"uv": [3, 7.5, 5.5, 7.75], "texture": "#texture"},
				"east": {"uv": [7.25, 7.5, 8.25, 7.75], "texture": "#texture"},
				"south": {"uv": [10.5, 7.5, 13, 7.75], "texture": "#texture"}
			}
		},
		{
			"from": [10.5, 7.25, 7.75],
			"to": [13, 8, 8.75],
			"rotation": {"angle": 0, "axis": "y", "origin": [0, -0.25, 0]},
			"faces": {
				"north": {"uv": [3, 7.75, 5.5, 8.5], "texture": "#texture"},
				"east": {"uv": [7.25, 7.75, 8.25, 8.5], "texture": "#texture"},
				"south": {"uv": [10.5, 7.75, 13, 8.5], "texture": "#texture"}
			}
		},
		{
			"from": [10.75, 6, 7.5],
			"to": [12.75, 8.75, 9],
			"rotation": {"angle": 0, "axis": "y", "origin": [0, -0.25, 0]},
			"faces": {
				"north": {"uv": [6.5, 0, 8.5, 4], "texture": "#dark wood blade"},
				"east": {"uv": [7.25, 0, 8.25, 4], "texture": "#dark wood blade"},
				"south": {"uv": [7.5, 0, 9.5, 4], "texture": "#dark wood blade"},
				"west": {"uv": [7.75, 0, 8.75, 4], "texture": "#dark wood blade"},
				"up": {"uv": [7.5, 7.75, 9.5, 8.75], "texture": "#dark wood blade"},
				"down": {"uv": [8.5, 8.75, 6.5, 7.75], "texture": "#dark wood blade"}
			}
		},
		{
			"from": [11, 4.25, 7.5],
			"to": [13, 6.5, 9],
			"rotation": {"angle": 0, "axis": "y", "origin": [0, -0.25, 0]},
			"faces": {
				"north": {"uv": [3, 9.5, 4.75, 11.75], "texture": "#dark wood blade"},
				"east": {"uv": [7, 9.5, 8.5, 11.75], "texture": "#dark wood blade"},
				"south": {"uv": [11.25, 9.5, 13, 11.75], "texture": "#dark wood blade"},
				"west": {"uv": [7.5, 9.5, 9, 11.75], "texture": "#dark wood blade"},
				"up": {"uv": [11.25, 7.5, 13, 9], "texture": "#dark wood blade"},
				"down": {"uv": [4.75, 9, 3, 7.5], "texture": "#dark wood blade"}
			}
		},
		{
			"from": [10.15, 7.55, 8],
			"to": [11.15, 9.05, 8.5],
			"rotation": {"angle": -22.5, "axis": "z", "origin": [10, 9, 8]},
			"faces": {
				"north": {"uv": [7.75, 1.25, 8.25, 2.75], "texture": "#texture"},
				"east": {"uv": [7.25, 1.25, 8.25, 2.75], "texture": "#texture"},
				"south": {"uv": [7.75, 1.25, 8.25, 2.75], "texture": "#texture"},
				"west": {"uv": [7.75, 1.25, 8.75, 2.75], "texture": "#texture"},
				"down": {"uv": [8.25, 8.75, 7.75, 7.75], "texture": "#texture"}
			}
		},
		{
			"from": [10.75, 3.75, 7.75],
			"to": [12.5, 5.25, 8.75],
			"rotation": {"angle": 0, "axis": "y", "origin": [0, -0.25, 0]},
			"faces": {
				"north": {"uv": [2.75, 9.75, 5.25, 12], "texture": "#texture"},
				"east": {"uv": [7.25, 9.75, 8.25, 12], "texture": "#texture"},
				"south": {"uv": [10.75, 9.75, 13.25, 12], "texture": "#texture"},
				"west": {"uv": [7.75, 9.75, 8.75, 12], "texture": "#texture"},
				"down": {"uv": [5.25, 8.75, 2.75, 7.75], "texture": "#texture"}
			}
		},
		{
			"from": [11.65, 11.275, 7.875],
			"to": [11.95, 11.525, 8.125],
			"rotation": {"angle": 0, "axis": "y", "origin": [0, -0.25, 0]},
			"faces": {
				"north": {"uv": [3.75, 4, 4.75, 4.25], "texture": "#texture"},
				"east": {"uv": [8, 4, 8.25, 4.25], "texture": "#texture"},
				"south": {"uv": [11.25, 4, 12.25, 4.25], "texture": "#texture"},
				"west": {"uv": [7.75, 4, 8, 4.25], "texture": "#texture"},
				"up": {"uv": [11.25, 7.75, 12.25, 8], "texture": "#texture"}
			}
		},
		{
			"from": [11.65, 11.275, 8.375],
			"to": [11.95, 11.525, 8.625],
			"rotation": {"angle": 0, "axis": "y", "origin": [0, -0.25, 0]},
			"faces": {
				"north": {"uv": [3.75, 4, 4.75, 4.25], "texture": "#texture"},
				"east": {"uv": [7.25, 4, 7.5, 4.25], "texture": "#texture"},
				"south": {"uv": [11.25, 4, 12.25, 4.25], "texture": "#texture"},
				"west": {"uv": [8.5, 4, 8.75, 4.25], "texture": "#texture"},
				"up": {"uv": [11.25, 8.5, 12.25, 8.75], "texture": "#texture"}
			}
		},
		{
			"from": [12.5, 8.75, 7.65],
			"to": [14.075, 9, 8.85],
			"rotation": {"angle": 0, "axis": "y", "origin": [0, -0.25, 0]},
			"faces": {
				"north": {"uv": [2, 6.75, 3.5, 7], "texture": "#texture"},
				"east": {"uv": [7.25, 6.75, 8.25, 7], "texture": "#texture"},
				"south": {"uv": [12.5, 6.75, 14, 7], "texture": "#texture"},
				"up": {"uv": [12.5, 7.75, 14, 8.75], "texture": "#texture"},
				"down": {"uv": [3.5, 8.75, 2, 7.75], "texture": "#texture"}
			}
		},
		{
			"from": [13.25, 5.25, 7.75],
			"to": [13.5, 6.25, 8.75],
			"rotation": {"angle": 0, "axis": "y", "origin": [0, -0.25, 0]},
			"faces": {
				"north": {"uv": [3, 8.5, 5.5, 9.25], "texture": "#texture"},
				"east": {"uv": [7.25, 8.5, 8.25, 9.25], "texture": "#texture"},
				"south": {"uv": [10.5, 8.5, 13, 9.25], "texture": "#texture"}
			}
		},
		{
			"from": [12.5, 4, 7.75],
			"to": [13.75, 5.25, 8.75],
			"rotation": {"angle": 0, "axis": "y", "origin": [0, -0.25, 0]},
			"faces": {
				"north": {"uv": [2.75, 9.75, 5.25, 12], "texture": "#texture"},
				"east": {"uv": [7.25, 9.75, 8.25, 12], "texture": "#texture"},
				"south": {"uv": [10.75, 9.75, 13.25, 12], "texture": "#texture"},
				"west": {"uv": [7.75, 9.75, 8.75, 12], "texture": "#texture"},
				"up": {"uv": [0, 0, 0, 0], "texture": "#texture"},
				"down": {"uv": [5.25, 8.75, 2.75, 7.75], "texture": "#texture"}
			}
		},
		{
			"from": [10.5, 7.5, 7.5],
			"to": [10.75, 8.75, 9],
			"rotation": {"angle": 0, "axis": "y", "origin": [0, -0.25, 0]},
			"faces": {
				"north": {"uv": [3, 9.5, 4.75, 11.75], "texture": "#dark wood blade"},
				"east": {"uv": [7, 9.5, 8.5, 11.75], "texture": "#dark wood blade"},
				"south": {"uv": [11.25, 9.5, 13, 11.75], "texture": "#dark wood blade"},
				"west": {"uv": [7.5, 9.5, 9, 11.75], "texture": "#dark wood blade"},
				"up": {"uv": [11.25, 7.5, 13, 9], "texture": "#dark wood blade"},
				"down": {"uv": [4.75, 9, 3, 7.5], "texture": "#dark wood blade"}
			}
		},
		{
			"from": [13, 4.25, 7.5],
			"to": [13.25, 5, 9],
			"rotation": {"angle": 0, "axis": "y", "origin": [0, -0.25, 0]},
			"faces": {
				"north": {"uv": [3, 9.5, 4.75, 11.75], "texture": "#dark wood blade"},
				"east": {"uv": [7, 9.5, 8.5, 11.75], "texture": "#dark wood blade"},
				"south": {"uv": [11.25, 9.5, 13, 11.75], "texture": "#dark wood blade"},
				"west": {"uv": [7.5, 9.5, 9, 11.75], "texture": "#dark wood blade"},
				"up": {"uv": [11.25, 7.5, 13, 9], "texture": "#dark wood blade"},
				"down": {"uv": [4.75, 9, 3, 7.5], "texture": "#dark wood blade"}
			}
		},
		{
			"from": [8, 10.775, 8.7],
			"to": [9.25, 11.025, 9],
			"rotation": {"angle": 0, "axis": "y", "origin": [0, -0.25, 0]},
			"faces": {
				"south": {"uv": [7, 4.5, 9, 4.75], "texture": "#texture"},
				"up": {"uv": [7, 8.75, 9, 9], "texture": "#texture"}
			}
		},
		{
			"from": [7.975, 10.775, 8.5],
			"to": [9.275, 11.275, 8.75],
			"rotation": {"angle": 0, "axis": "y", "origin": [0, -0.25, 0]},
			"faces": {
				"north": {"uv": [0, 0, 0, 0], "texture": "#texture"},
				"east": {"uv": [0, 0, 0, 0], "texture": "#texture"},
				"south": {"uv": [7, 4.5, 9, 4.75], "texture": "#texture"},
				"west": {"uv": [0, 0, 0, 0], "texture": "#texture"},
				"up": {"uv": [7, 8.75, 9, 9], "texture": "#texture"},
				"down": {"uv": [0, 0, 0, 0], "texture": "#texture"}
			}
		},
		{
			"from": [10.25, 8.75, 7.575],
			"to": [12.5, 9, 8.925],
			"rotation": {"angle": 0, "axis": "y", "origin": [0, -0.25, 0]},
			"faces": {
				"north": {"uv": [3.5, 6.75, 9, 7], "texture": "#texture"},
				"east": {"uv": [7, 6.75, 8.5, 7], "texture": "#texture"},
				"south": {"uv": [7, 6.75, 12.5, 7], "texture": "#texture"},
				"west": {"uv": [7.5, 6.75, 9, 7], "texture": "#texture"},
				"down": {"uv": [9, 9, 3.5, 7.5], "texture": "#texture"}
			}
		},
		{
			"from": [8, 8.75, 7.75],
			"to": [13.5, 9, 8.75],
			"faces": {
				"north": {"uv": [2.5, 7, 8.5, 7.25], "texture": "#texture"},
				"east": {"uv": [7.25, 7, 8.25, 7.25], "texture": "#texture"},
				"south": {"uv": [7.5, 7, 13.5, 7.25], "texture": "#texture"},
				"west": {"uv": [7.75, 7, 8.75, 7.25], "texture": "#texture"},
				"up": {"uv": [7.5, 7.75, 13.5, 8.75], "texture": "#texture"},
				"down": {"uv": [8.5, 8.75, 2.5, 7.75], "texture": "#texture"}
			}
		},
		{
			"from": [11.75, 8.5, 7.75],
			"to": [13.625, 8.75, 8.75],
			"faces": {
				"north": {"uv": [2.5, 7, 8.5, 7.25], "texture": "#texture"},
				"east": {"uv": [7.25, 7, 8.25, 7.25], "texture": "#texture"},
				"south": {"uv": [7.5, 7, 13.5, 7.25], "texture": "#texture"},
				"west": {"uv": [7.75, 7, 8.75, 7.25], "texture": "#texture"},
				"up": {"uv": [7.5, 7.75, 13.5, 8.75], "texture": "#texture"},
				"down": {"uv": [8.5, 8.75, 2.5, 7.75], "texture": "#texture"}
			}
		},
		{
			"from": [9.55, 7.5, 8],
			"to": [10.55, 9, 8.5],
			"rotation": {"angle": 22.5, "axis": "z", "origin": [10, 9, 8]},
			"faces": {
				"north": {"uv": [7.75, 1.25, 8.25, 2.75], "texture": "#texture"},
				"east": {"uv": [7.25, 1.25, 8.25, 2.75], "texture": "#texture"},
				"south": {"uv": [7.75, 1.25, 8.25, 2.75], "texture": "#texture"},
				"west": {"uv": [7.75, 1.25, 8.75, 2.75], "texture": "#texture"},
				"down": {"uv": [8.25, 8.75, 7.75, 7.75], "texture": "#texture"}
			}
		},
		{
			"from": [11.75, 8.75, 7.5],
			"to": [12.75, 9, 9],
			"rotation": {"angle": 0, "axis": "y", "origin": [0, -0.25, 0]},
			"faces": {
				"north": {"uv": [3, 9.5, 4.75, 11.75], "texture": "#dark wood blade"},
				"east": {"uv": [7, 9.5, 8.5, 11.75], "texture": "#dark wood blade"},
				"south": {"uv": [11.25, 9.5, 13, 11.75], "texture": "#dark wood blade"},
				"west": {"uv": [7.5, 9.5, 9, 11.75], "texture": "#dark wood blade"},
				"up": {"uv": [11.25, 7.5, 13, 9], "texture": "#dark wood blade"},
				"down": {"uv": [4.75, 9, 3, 7.5], "texture": "#dark wood blade"}
			}
		},
		{
			"from": [11, 4, 7.5],
			"to": [12, 4.25, 9],
			"rotation": {"angle": 0, "axis": "y", "origin": [0, -0.25, 0]},
			"faces": {
				"north": {"uv": [3, 9.5, 4.75, 11.75], "texture": "#dark wood blade"},
				"east": {"uv": [7, 9.5, 8.5, 11.75], "texture": "#dark wood blade"},
				"south": {"uv": [11.25, 9.5, 13, 11.75], "texture": "#dark wood blade"},
				"west": {"uv": [7.5, 9.5, 9, 11.75], "texture": "#dark wood blade"},
				"up": {"uv": [11.25, 7.5, 13, 9], "texture": "#dark wood blade"},
				"down": {"uv": [4.75, 9, 3, 7.5], "texture": "#dark wood blade"}
			}
		}
	],
	"gui_light": "front",
	"display": {
		"thirdperson_righthand": {
			"rotation": [0, -90, 0],
			"translation": [0, -0.5, -1],
			"scale": [0.8, 0.8, 0.71]
		},
		"thirdperson_lefthand": {
			"rotation": [0, 90, 0],
			"translation": [0, -0.5, -1],
			"scale": [0.8, 0.8, 0.71]
		},
		"firstperson_righthand": {
			"rotation": [0, -90, 0],
			"translation": [0, 2, -1.75],
			"scale": [0.78, 0.78, 0.69]
		},
		"firstperson_lefthand": {
			"rotation": [0, 90, 0],
			"translation": [0, 2, -1.75],
			"scale": [0.78, 0.78, 0.69]
		},
		"ground": {
			"translation": [0, 0, 1.25],
			"scale": [1.1, 1.1, 1.11]
		},
		"gui": {
			"rotation": [0, 0, -45],
			"translation": [-0.75, 0, 0],
			"scale": [0.91, 0.91, 1]
		},
		"head": {
			"rotation": [0, -93, 7],
			"translation": [0, 10.25, 0]
		},
		"fixed": {
			"rotation": [0, 180, -45],
			"translation": [1.25, 0.5, 0],
			"scale": [1.12, 1.12, 0.99]
		}
	},
	"groups": [
		{
			"name": "1911",
			"origin": [8, 8, 8],
			"color": 0,
			"children": [
				0,
				1,
				2,
				3,
				4,
				5,
				6,
				7,
				8,
				9,
				10,
				11,
				12,
				13,
				14,
				15,
				16,
				17,
				18,
				19,
				20,
				21,
				22,
				23,
				24,
				25,
				26,
				27,
				28,
				29,
				30,
				31,
				32,
				33,
				34,
				35,
				36,
				37,
				38,
				39,
				40,
				41,
				42,
				43,
				44,
				45,
				46,
				47,
				48,
				49,
				50
			]
		}
	]
}