{
	"credit": "Made by SrDarmith - YouTube: Mainclay",
	"textures": {
		"texture": "block/anvil_1"
	},
	"elements": [
		{
			"from": [0.5, 9.5, 7.575],
			"to": [2.5, 10, 7.8],
			"faces": {
				"north": {"uv": [13.5, 6.25, 15.5, 6.75], "texture": "#texture"},
				"south": {"uv": [0.5, 6.25, 2.5, 6.75], "texture": "#texture"},
				"west": {"uv": [7.5, 6.25, 7.75, 6.75], "texture": "#texture"},
				"up": {"uv": [0.5, 7.5, 2.5, 7.75], "texture": "#texture"},
				"down": {"uv": [15.5, 7.75, 13.5, 7.5], "texture": "#texture"}
			}
		},
		{
			"from": [0.5, 9.95, 7.75],
			"to": [2.5, 10.175, 8.25],
			"faces": {
				"north": {"uv": [13.5, 6, 15.5, 6.25], "texture": "#texture"},
				"south": {"uv": [0.5, 6, 2.5, 6.25], "texture": "#texture"},
				"west": {"uv": [7.75, 6, 8.25, 6.25], "texture": "#texture"},
				"up": {"uv": [0.5, 7.75, 2.5, 8.25], "texture": "#texture"},
				"down": {"uv": [15.5, 8.25, 13.5, 7.75], "texture": "#texture"}
			}
		},
		{
			"from": [0.5, 9.325, 7.75],
			"to": [2.5, 9.55, 8.25],
			"faces": {
				"north": {"uv": [13.5, 6.75, 15.5, 7], "texture": "#texture"},
				"south": {"uv": [0.5, 6.75, 2.5, 7], "texture": "#texture"},
				"west": {"uv": [7.75, 6.75, 8.25, 7], "texture": "#texture"},
				"up": {"uv": [0.5, 7.75, 2.5, 8.25], "texture": "#texture"},
				"down": {"uv": [15.5, 8.25, 13.5, 7.75], "texture": "#texture"}
			}
		},
		{
			"from": [0.5, 9.5, 8.2],
			"to": [2.5, 10, 8.425],
			"faces": {
				"north": {"uv": [13.5, 6.25, 15.5, 6.75], "texture": "#texture"},
				"south": {"uv": [0.5, 6.25, 2.5, 6.75], "texture": "#texture"},
				"west": {"uv": [8.25, 6.25, 8.5, 6.75], "texture": "#texture"},
				"up": {"uv": [0.5, 8.25, 2.5, 8.5], "texture": "#texture"},
				"down": {"uv": [15.5, 8.5, 13.5, 8.25], "texture": "#texture"}
			}
		},
		{
			"from": [2.5, 9.175, 7.425],
			"to": [3.25, 10.325, 8.575],
			"faces": {
				"north": {"uv": [12.75, 6, 13.5, 7], "texture": "#texture"},
				"south": {"uv": [2.5, 6, 3.25, 7], "texture": "#texture"},
				"west": {"uv": [7.5, 6, 8.5, 7], "texture": "#texture"},
				"up": {"uv": [2.5, 7.5, 3.25, 8.5], "texture": "#texture"},
				"down": {"uv": [13.5, 8.5, 12.75, 7.5], "texture": "#texture"}
			}
		},
		{
			"from": [3.225, 8.75, 7],
			"to": [6.975, 10, 9],
			"faces": {
				"north": {"uv": [16, 12, 15, 11], "texture": "#texture"},
				"east": {"uv": [16, 12, 15, 11], "texture": "#texture"},
				"south": {"uv": [16, 12, 15, 11], "texture": "#texture"},
				"west": {"uv": [16, 12, 15, 11], "texture": "#texture"},
				"up": {"uv": [16, 12, 15, 11], "texture": "#texture"},
				"down": {"uv": [16, 12, 15, 11], "texture": "#texture"}
			}
		},
		{
			"from": [3.5, 8.5, 7.25],
			"to": [7, 8.75, 8.75],
			"faces": {
				"north": {"uv": [16, 12, 15, 11], "texture": "#texture"},
				"east": {"uv": [16, 12, 15, 11], "texture": "#texture"},
				"south": {"uv": [16, 12, 15, 11], "texture": "#texture"},
				"west": {"uv": [16, 12, 15, 11], "texture": "#texture"},
				"down": {"uv": [16, 12, 15, 11], "texture": "#texture"}
			}
		},
		{
			"from": [7, 8.5, 7.25],
			"to": [11.25, 8.75, 8.75],
			"faces": {
				"north": {"uv": [8.75, 7.25, 12.5, 7.5], "texture": "#texture"},
				"east": {"uv": [7.25, 7.25, 8.75, 7.5], "texture": "#texture"},
				"south": {"uv": [3.5, 7.25, 7.25, 7.5], "texture": "#texture"},
				"west": {"uv": [7.25, 7.25, 8.75, 7.5], "texture": "#texture"},
				"down": {"uv": [12.5, 8.75, 8.75, 7.25], "texture": "#texture"}
			}
		},
		{
			"from": [3.25, 8.75, 7.25],
			"to": [11.75, 10.75, 8.75],
			"faces": {
				"north": {"uv": [4.25, 5.25, 12.75, 7.25], "texture": "#texture"},
				"east": {"uv": [7.25, 5.25, 8.75, 7.25], "texture": "#texture"},
				"south": {"uv": [3.25, 5.25, 11.75, 7.25], "texture": "#texture"},
				"west": {"uv": [7.25, 5.25, 8.75, 7.25], "texture": "#texture"},
				"up": {"uv": [3.25, 7.25, 11.75, 8.75], "texture": "#texture"},
				"down": {"uv": [12.75, 8.75, 4.25, 7.25], "texture": "#texture"}
			}
		},
		{
			"from": [8.75, 5, 7.5],
			"to": [10.25, 8.5, 8.5],
			"faces": {
				"north": {"uv": [16, 12, 15, 11], "texture": "#texture"},
				"east": {"uv": [16, 12, 15, 11], "texture": "#texture"},
				"south": {"uv": [16, 12, 15, 11], "texture": "#texture"},
				"west": {"uv": [16, 12, 15, 11], "texture": "#texture"},
				"down": {"uv": [16, 11, 15, 12], "texture": "#texture"}
			}
		},
		{
			"from": [9, 5, 7.25],
			"to": [10.5, 7.75, 8.75],
			"faces": {
				"north": {"uv": [16, 12, 15, 11], "texture": "#texture"},
				"east": {"uv": [16, 12, 15, 11], "texture": "#texture"},
				"south": {"uv": [16, 12, 15, 11], "texture": "#texture"},
				"west": {"uv": [16, 12, 15, 11], "texture": "#texture"},
				"up": {"uv": [16, 12, 15, 11], "texture": "#texture"},
				"down": {"uv": [16, 11, 15, 12], "texture": "#texture"}
			}
		},
		{
			"from": [10, 7.75, 7.25],
			"to": [10.5, 8.5, 8.75],
			"faces": {
				"north": {"uv": [16, 12, 15, 11], "texture": "#texture"},
				"east": {"uv": [16, 12, 15, 11], "texture": "#texture"},
				"south": {"uv": [16, 12, 15, 11], "texture": "#texture"},
				"west": {"uv": [16, 12, 15, 11], "texture": "#texture"},
				"up": {"uv": [16, 12, 15, 11], "texture": "#texture"}
			}
		},
		{
			"from": [10.5, 8.25, 7.25],
			"to": [11.25, 8.5, 8.75],
			"faces": {
				"north": {"uv": [16, 12, 15, 11], "texture": "#texture"},
				"east": {"uv": [16, 12, 15, 11], "texture": "#texture"},
				"south": {"uv": [16, 12, 15, 11], "texture": "#texture"},
				"up": {"uv": [16, 12, 15, 11], "texture": "#texture"},
				"down": {"uv": [16, 11, 15, 12], "texture": "#texture"}
			}
		},
		{
			"from": [10.5, 8, 7.25],
			"to": [10.7, 8.25, 8.75],
			"faces": {
				"north": {"uv": [16, 12, 15, 11], "texture": "#texture"},
				"east": {"uv": [16, 12, 15, 11], "texture": "#texture"},
				"south": {"uv": [16, 12, 15, 11], "texture": "#texture"},
				"down": {"uv": [16, 11, 15, 12], "texture": "#texture"}
			}
		},
		{
			"from": [10.5, 5.25, 7.5],
			"to": [10.75, 7.25, 8.5],
			"faces": {
				"north": {"uv": [16, 12, 15, 11], "texture": "#texture"},
				"east": {"uv": [16, 12, 15, 11], "texture": "#texture"},
				"south": {"uv": [16, 12, 15, 11], "texture": "#texture"},
				"up": {"uv": [16, 12, 15, 11], "texture": "#texture"},
				"down": {"uv": [16, 11, 15, 12], "texture": "#texture"}
			}
		},
		{
			"from": [8.85, 2, 7.5],
			"to": [10.1, 5, 8.5],
			"faces": {
				"north": {"uv": [5.75, 11, 7, 14.25], "texture": "#texture"},
				"east": {"uv": [7.5, 11, 8.5, 14.25], "texture": "#texture"},
				"south": {"uv": [9, 11, 10.25, 14.25], "texture": "#texture"},
				"west": {"uv": [7.5, 11, 8.5, 14.25], "texture": "#texture"},
				"down": {"uv": [7, 8.5, 5.75, 7.5], "texture": "#texture"}
			}
		},
		{
			"from": [11.75, 9.5, 7.25],
			"to": [14.75, 10.75, 8.75],
			"faces": {
				"north": {"uv": [1.25, 5.25, 4.25, 6.5], "texture": "#texture"},
				"east": {"uv": [7.25, 5.25, 8.75, 6.5], "texture": "#texture"},
				"south": {"uv": [11.75, 5.25, 14.75, 6.5], "texture": "#texture"},
				"up": {"uv": [11.75, 7.25, 14.75, 8.75], "texture": "#texture"},
				"down": {"uv": [4.25, 8.75, 1.25, 7.25], "texture": "#texture"}
			}
		},
		{
			"from": [7, 7.45, 7.75],
			"to": [7.25, 8.75, 8.25],
			"rotation": {"angle": 0, "axis": "y", "origin": [0, -0.05, 0]},
			"faces": {
				"north": {"uv": [8.5, 7.25, 8.75, 8.5], "texture": "#texture"},
				"east": {"uv": [7.75, 7.25, 8.25, 8.5], "texture": "#texture"},
				"south": {"uv": [7.25, 7.25, 7.5, 8.5], "texture": "#texture"},
				"west": {"uv": [7.75, 7.25, 8.25, 8.5], "texture": "#texture"},
				"down": {"uv": [8.75, 8.25, 8.5, 7.75], "texture": "#texture"}
			}
		},
		{
			"from": [8.5, 7.45, 7.75],
			"to": [8.75, 7.7, 8.25],
			"rotation": {"angle": 0, "axis": "y", "origin": [0, -0.05, 0]},
			"faces": {
				"north": {"uv": [8.25, 8.25, 8.5, 8.5], "texture": "#texture"},
				"east": {"uv": [7.75, 8.25, 8.25, 8.5], "texture": "#texture"},
				"south": {"uv": [7.5, 8.25, 7.75, 8.5], "texture": "#texture"},
				"west": {"uv": [0, 0, 0, 0], "texture": "#texture"},
				"up": {"uv": [7.5, 7.75, 7.75, 8.25], "texture": "#texture"},
				"down": {"uv": [0, 0, 0, 0], "texture": "#texture"}
			}
		},
		{
			"from": [7.25, 7.2, 7.75],
			"to": [8.5, 7.45, 8.25],
			"rotation": {"angle": 0, "axis": "y", "origin": [0, -0.05, 0]},
			"faces": {
				"north": {"uv": [7.25, 8.5, 8.5, 8.75], "texture": "#texture"},
				"south": {"uv": [7.5, 8.5, 8.75, 8.75], "texture": "#texture"},
				"west": {"uv": [7.75, 8.5, 8.25, 8.75], "texture": "#texture"},
				"up": {"uv": [7.5, 7.75, 8.75, 8.25], "texture": "#texture"},
				"down": {"uv": [8.5, 8.25, 7.25, 7.75], "texture": "#texture"}
			}
		},
		{
			"from": [8.375, 7.7, 7.75],
			"to": [8.625, 8.95, 8.25],
			"rotation": {"angle": -22.5, "axis": "z", "origin": [8.5, 8.95, 7.75]},
			"faces": {
				"north": {"uv": [7.5, 7, 7.75, 8.25], "texture": "#texture"},
				"east": {"uv": [7.75, 7, 8.25, 8.25], "texture": "#texture"},
				"south": {"uv": [8.25, 7, 8.5, 8.25], "texture": "#texture"},
				"west": {"uv": [7.75, 7, 8.25, 8.25], "texture": "#texture"},
				"up": {"uv": [8.25, 7.75, 8.5, 8.25], "texture": "#texture"},
				"down": {"uv": [7.75, 8.25, 7.5, 7.75], "texture": "#texture"}
			}
		},
		{
			"from": [5.25, 10.75, 7.25],
			"to": [13, 10.9, 7.5],
			"faces": {
				"north": {"uv": [4, 5, 11, 5.25], "texture": "#texture"},
				"east": {"uv": [7.25, 5, 8.75, 5.25], "texture": "#texture"},
				"south": {"uv": [5, 5, 12, 5.25], "texture": "#texture"},
				"west": {"uv": [7.25, 5, 8.75, 5.25], "texture": "#texture"},
				"up": {"uv": [5, 8.25, 12, 8.75], "texture": "#texture"},
				"down": {"uv": [11, 8.75, 4, 8.25], "texture": "#texture"}
			}
		},
		{
			"from": [5.5, 10.75, 7.575],
			"to": [9.75, 10.9, 8.425],
			"faces": {
				"north": {"uv": [4, 5, 11, 5.25], "texture": "#texture"},
				"east": {"uv": [7.25, 5, 8.75, 5.25], "texture": "#texture"},
				"south": {"uv": [5, 5, 12, 5.25], "texture": "#texture"},
				"west": {"uv": [7.25, 5, 8.75, 5.25], "texture": "#texture"},
				"up": {"uv": [5, 8.25, 12, 8.75], "texture": "#texture"},
				"down": {"uv": [11, 8.75, 4, 8.25], "texture": "#texture"}
			}
		},
		{
			"from": [5.25, 10.75, 8.5],
			"to": [13, 10.9, 8.75],
			"faces": {
				"north": {"uv": [4, 5, 11, 5.25], "texture": "#texture"},
				"east": {"uv": [7.25, 5, 8.75, 5.25], "texture": "#texture"},
				"south": {"uv": [5, 5, 12, 5.25], "texture": "#texture"},
				"west": {"uv": [7.25, 5, 8.75, 5.25], "texture": "#texture"},
				"up": {"uv": [5, 8.25, 12, 8.75], "texture": "#texture"},
				"down": {"uv": [11, 8.75, 4, 8.25], "texture": "#texture"}
			}
		},
		{
			"from": [13.5, 10.75, 7.5],
			"to": [14.5, 11.25, 8.5],
			"faces": {
				"north": {"uv": [1.5, 4.75, 2.5, 5.25], "texture": "#texture"},
				"east": {"uv": [7.5, 4.75, 8.5, 5.25], "texture": "#texture"},
				"south": {"uv": [13.5, 4.75, 14.5, 5.25], "texture": "#texture"},
				"west": {"uv": [7.5, 4.75, 8.5, 5.25], "texture": "#texture"},
				"up": {"uv": [13.5, 7.5, 14.5, 8.5], "texture": "#texture"}
			}
		},
		{
			"from": [3.625, 11.25, 8.25],
			"to": [4.375, 11.55, 8.5],
			"faces": {
				"north": {"uv": [1.5, 3.25, 2.5, 3.75], "texture": "#texture"},
				"east": {"uv": [7.5, 4.25, 7.75, 4.75], "texture": "#texture"},
				"south": {"uv": [13.5, 3.25, 14.5, 3.75], "texture": "#texture"},
				"west": {"uv": [8.25, 4.25, 8.5, 4.75], "texture": "#texture"},
				"up": {"uv": [13.5, 8.25, 14.5, 8.5], "texture": "#texture"}
			}
		},
		{
			"from": [3.625, 11.25, 7.5],
			"to": [4.375, 11.55, 7.75],
			"faces": {
				"north": {"uv": [1.5, 3.25, 2.5, 3.75], "texture": "#texture"},
				"east": {"uv": [8.25, 4.25, 8.5, 4.75], "texture": "#texture"},
				"south": {"uv": [13.5, 3.25, 14.5, 3.75], "texture": "#texture"},
				"west": {"uv": [7.5, 4.25, 7.75, 4.75], "texture": "#texture"},
				"up": {"uv": [13.5, 7.5, 14.5, 7.75], "texture": "#texture"}
			}
		},
		{
			"from": [3.5, 10.75, 7.5],
			"to": [4.5, 11.25, 8.5],
			"faces": {
				"north": {"uv": [1.5, 3.75, 2.5, 4.25], "texture": "#texture"},
				"east": {"uv": [7.5, 4.75, 8.5, 5.25], "texture": "#texture"},
				"south": {"uv": [13.5, 3.75, 14.5, 4.25], "texture": "#texture"},
				"west": {"uv": [7.5, 4.75, 8.5, 5.25], "texture": "#texture"},
				"up": {"uv": [13.5, 7.5, 14.5, 8.5], "texture": "#texture"}
			}
		},
		{
			"from": [6.25, 10.75, 7.75],
			"to": [7, 11.5, 8.25],
			"faces": {
				"north": {"uv": [1.5, 3.75, 2.5, 4.25], "texture": "#texture"},
				"east": {"uv": [7.5, 4.75, 8.5, 5.25], "texture": "#texture"},
				"south": {"uv": [13.5, 3.75, 14.5, 4.25], "texture": "#texture"},
				"west": {"uv": [7.5, 4.75, 8.5, 5.25], "texture": "#texture"},
				"up": {"uv": [13.5, 7.5, 14.5, 8.5], "texture": "#texture"}
			}
		},
		{
			"from": [6.375, 10.75, 7.625],
			"to": [6.875, 11.5, 8.375],
			"faces": {
				"north": {"uv": [1.5, 3.75, 2.5, 4.25], "texture": "#texture"},
				"east": {"uv": [7.5, 4.75, 8.5, 5.25], "texture": "#texture"},
				"south": {"uv": [13.5, 3.75, 14.5, 4.25], "texture": "#texture"},
				"west": {"uv": [7.5, 4.75, 8.5, 5.25], "texture": "#texture"},
				"up": {"uv": [13.5, 7.5, 14.5, 8.5], "texture": "#texture"}
			}
		},
		{
			"from": [13.625, 11.25, 7.5],
			"to": [14.375, 11.55, 7.75],
			"faces": {
				"north": {"uv": [1.5, 4.25, 2.5, 4.75], "texture": "#texture"},
				"east": {"uv": [8.25, 4.25, 8.5, 4.75], "texture": "#texture"},
				"south": {"uv": [13.5, 4.25, 14.5, 4.75], "texture": "#texture"},
				"west": {"uv": [7.5, 4.25, 7.75, 4.75], "texture": "#texture"},
				"up": {"uv": [13.5, 7.5, 14.5, 7.75], "texture": "#texture"}
			}
		},
		{
			"from": [13.625, 11.25, 8.25],
			"to": [14.375, 11.55, 8.5],
			"faces": {
				"north": {"uv": [1.5, 4.25, 2.5, 4.75], "texture": "#texture"},
				"east": {"uv": [7.5, 4.25, 7.75, 4.75], "texture": "#texture"},
				"south": {"uv": [13.5, 4.25, 14.5, 4.75], "texture": "#texture"},
				"west": {"uv": [8.25, 4.25, 8.5, 4.75], "texture": "#texture"},
				"up": {"uv": [13.5, 8.25, 14.5, 8.5], "texture": "#texture"}
			}
		},
		{
			"from": [10.5, 7, 7.75],
			"to": [10.875, 8.25, 8.25],
			"faces": {
				"north": {"uv": [5, 7.75, 5.5, 9], "texture": "#texture"},
				"east": {"uv": [7.75, 7.75, 8.25, 9], "texture": "#texture"},
				"south": {"uv": [10.5, 7.75, 11, 9], "texture": "#texture"},
				"west": {"uv": [7.75, 7.75, 8.25, 9], "texture": "#texture"},
				"down": {"uv": [5.5, 8.25, 5, 7.75], "texture": "#texture"}
			}
		},
		{
			"from": [3.875, 11.25, 7.925],
			"to": [4.125, 11.5, 8.075],
			"rotation": {"angle": 0, "axis": "z", "origin": [4, 11.5, 7.5]},
			"faces": {
				"north": {"uv": [11.5, 4, 12.5, 4.75], "rotation": 270, "texture": "#texture"},
				"east": {"uv": [3.5, 7.5, 4.5, 8.5], "rotation": 90, "texture": "#texture"},
				"south": {"uv": [3.5, 4, 4.5, 4.75], "rotation": 90, "texture": "#texture"},
				"west": {"uv": [12.5, 8.5, 11.5, 7.5], "rotation": 90, "texture": "#texture"},
				"up": {"uv": [7.5, 4, 8.5, 4.75], "rotation": 90, "texture": "#texture"},
				"down": {"uv": [7.5, 4, 8.5, 4.75], "rotation": 90, "texture": "#texture"}
			}
		},
		{
			"from": [11.75, 8.75, 7.425],
			"to": [15, 9.5, 8.6],
			"faces": {
				"north": {"uv": [1, 6.5, 4.25, 7.25], "texture": "#texture"},
				"east": {"uv": [7.5, 6.5, 8.5, 7.25], "texture": "#texture"},
				"south": {"uv": [11.75, 6.5, 15, 7.25], "texture": "#texture"},
				"up": {"uv": [11.75, 7.5, 15, 8.5], "texture": "#texture"},
				"down": {"uv": [4.25, 8.5, 1, 7.5], "texture": "#texture"}
			}
		},
		{
			"from": [14.5, 6.25, 7.5],
			"to": [15, 8.75, 8.5],
			"faces": {
				"north": {"uv": [1, 7.25, 1.5, 9.75], "texture": "#texture"},
				"east": {"uv": [7.5, 7.25, 8.5, 9.75], "texture": "#texture"},
				"south": {"uv": [14.5, 7.25, 15, 9.75], "texture": "#texture"},
				"west": {"uv": [7.5, 7.25, 8.5, 9.75], "texture": "#texture"},
				"down": {"uv": [1.5, 8.5, 1, 7.5], "texture": "#texture"}
			}
		},
		{
			"from": [14.125, 7.1, 8.25],
			"to": [14.375, 8.025, 8.5],
			"rotation": {"angle": 22.5, "axis": "z", "origin": [14.2, 8.1, 7.5]},
			"faces": {
				"north": {"uv": [14, 7.5, 15.25, 7.75], "texture": "#texture"},
				"east": {"uv": [7.5, 7.5, 8.5, 7.75], "texture": "#texture"},
				"south": {"uv": [14, 7.5, 15.25, 7.75], "texture": "#texture"},
				"west": {"uv": [7.5, 7.5, 8.5, 7.75], "texture": "#texture"},
				"up": {"uv": [14, 7.5, 15.25, 8.5], "texture": "#texture"},
				"down": {"uv": [14, 7.5, 15.25, 8.5], "texture": "#texture"}
			}
		},
		{
			"from": [12.95, 8.85, 8.25],
			"to": [13.95, 9.1, 8.5],
			"rotation": {"angle": -22.5, "axis": "z", "origin": [12.7, 9.1, 7.5]},
			"faces": {
				"north": {"uv": [12.75, 7, 14, 7.25], "texture": "#texture"},
				"east": {"uv": [7.5, 7, 8.5, 7.25], "texture": "#texture"},
				"south": {"uv": [12.75, 7, 14, 7.25], "texture": "#texture"},
				"west": {"uv": [7.5, 7, 8.5, 7.25], "texture": "#texture"},
				"up": {"uv": [12.75, 7.5, 14, 8.5], "texture": "#texture"},
				"down": {"uv": [12.75, 7.5, 14, 8.5], "texture": "#texture"}
			}
		},
		{
			"from": [13.875, 8.3, 8.25],
			"to": [14.625, 8.55, 8.5],
			"rotation": {"angle": -45, "axis": "z", "origin": [13.95, 8.6, 7.5]},
			"faces": {
				"north": {"uv": [13.75, 7.5, 14.5, 7.75], "texture": "#texture"},
				"south": {"uv": [13.75, 7.5, 14.5, 7.75], "texture": "#texture"},
				"west": {"uv": [7.5, 7.5, 8.5, 7.75], "texture": "#texture"},
				"up": {"uv": [13.75, 7.5, 14.5, 8.5], "texture": "#texture"},
				"down": {"uv": [13.75, 7.5, 14.5, 8.5], "texture": "#texture"}
			}
		},
		{
			"from": [14.75, 9.5, 7.5],
			"to": [15, 10, 8.5],
			"faces": {
				"north": {"uv": [1, 6, 1.25, 6.5], "texture": "#texture"},
				"east": {"uv": [7.5, 6, 8.5, 6.5], "texture": "#texture"},
				"south": {"uv": [14.75, 6, 15, 6.5], "texture": "#texture"},
				"up": {"uv": [14.75, 7.5, 15, 8.5], "texture": "#texture"}
			}
		}
	],
	"gui_light": "front",
	"display": {
		"thirdperson_righthand": {
			"rotation": [0, -90, -56],
			"translation": [0.25, 0.25, 0],
			"scale": [0.92, 0.92, 0.92]
		},
		"thirdperson_lefthand": {
			"rotation": [0, 90, 0],
			"translation": [0, -0.5, 0],
			"scale": [0.92, 0.92, 0.92]
		},
		"firstperson_righthand": {
			"rotation": [0, -90, 0],
			"translation": [0, 1.75, -2.25],
			"scale": [0.94, 0.94, 0.94]
		},
		"firstperson_lefthand": {
			"rotation": [0, 90, 0],
			"translation": [0, 1.75, -2.25],
			"scale": [0.94, 0.94, 0.94]
		},
		"ground": {
			"translation": [-0.5, 2.75, 0],
			"scale": [1.15, 1.15, 1.15]
		},
		"gui": {
			"rotation": [0, 0, -45],
			"translation": [-0.5, -0.25, 0],
			"scale": [0.95, 0.95, 0.95]
		},
		"head": {
			"rotation": [0, -90, 0],
			"translation": [0, 12.75, 0]
		},
		"fixed": {
			"rotation": [0, 180, -45],
			"translation": [1, -0.45, -1.1],
			"scale": [1.37, 1.37, 1.37]
		}
	},
	"groups": [
		{
			"name": "uzi",
			"origin": [8, 8, 8],
			"color": 0,
			"children": [0, 1, 2, 3, 4, 5, 6, 7, 8, 9, 10, 11, 12, 13, 14, 15, 16, 17, 18, 19, 20, 21, 22, 23, 24, 25, 26, 27, 28, 29, 30, 31, 32, 33, 34, 35, 36, 37, 38, 39]
		}
	]
}