{
	"credit": "Made by SrDarmith - YouTube: Mainclay",
	"textures": {
		"1": "block/door_wood_lower",
		"2": "block/door_iron_lower",
		"particle": "block/door_wood_lower",
		"texture": "block/anvil_1"
	},
	"elements": [
		{
			"from": [9.25, 8.55, 7.275],
			"to": [12, 9.55, 8.175],
			"faces": {
				"north": {"uv": [10.25, 4.4, 10.75, 4.9], "texture": "#2"},
				"east": {"uv": [0, 0, 0, 0], "texture": "#2"},
				"south": {"uv": [10.35, 4.1, 10.7, 5.1], "texture": "#2"},
				"west": {"uv": [10.3, 4.1, 10.7, 4.9], "texture": "#2"},
				"up": {"uv": [10.35, 4.3, 10.6, 5], "texture": "#2"},
				"down": {"uv": [10.8, 5, 10.25, 4.1], "texture": "#2"}
			}
		},
		{
			"from": [8.25, 7.5, 7.325],
			"to": [15.25, 9.5, 8.675],
			"faces": {
				"north": {"uv": [5.75, 7, 13, 8.5], "texture": "#texture"},
				"south": {"uv": [8, 7, 15.25, 8.5], "texture": "#texture"},
				"west": {"uv": [7, 7, 9, 8.5], "texture": "#texture"},
				"up": {"uv": [8, 7, 15.25, 9], "texture": "#texture"},
				"down": {"uv": [8, 9, 0.75, 7], "texture": "#texture"}
			}
		},
		{
			"from": [8.25, 7.25, 7.325],
			"to": [16, 7.5, 8.675],
			"faces": {
				"north": {"uv": [5.75, 8.5, 12.5, 8.75], "texture": "#texture"},
				"south": {"uv": [8.5, 8.5, 15.25, 8.75], "texture": "#texture"},
				"west": {"uv": [7.25, 8.5, 8.75, 8.75], "texture": "#texture"},
				"down": {"uv": [7.5, 8.75, 0.75, 7.25], "texture": "#texture"}
			}
		},
		{
			"from": [8.25, 9.75, 7.575],
			"to": [16, 10, 8.425],
			"faces": {
				"north": {"uv": [1, 6, 1.5, 6.25], "texture": "#texture"},
				"east": {"uv": [7.75, 6, 8.25, 6.25], "texture": "#texture"},
				"south": {"uv": [14.5, 6, 15, 6.25], "texture": "#texture"},
				"west": {"uv": [7.75, 6, 8.25, 6.25], "texture": "#texture"},
				"up": {"uv": [14.5, 7.75, 15, 8.25], "texture": "#texture"}
			}
		},
		{
			"from": [8.25, 9.5, 7.325],
			"to": [16, 9.75, 8.675],
			"faces": {
				"north": {"uv": [1, 6.25, 1.5, 6.5], "texture": "#texture"},
				"east": {"uv": [7.5, 6.25, 8.5, 6.5], "texture": "#texture"},
				"south": {"uv": [14.5, 6.25, 15, 6.5], "texture": "#texture"},
				"west": {"uv": [7.5, 6.25, 8.5, 6.5], "texture": "#texture"},
				"up": {"uv": [14.5, 7.5, 15, 8.5], "texture": "#texture"}
			}
		},
		{
			"from": [15.25, 7.5, 7.325],
			"to": [16, 9.5, 8.675],
			"faces": {
				"north": {"uv": [1, 6.5, 1.75, 9], "texture": "#texture"},
				"east": {"uv": [7.25, 6.5, 8.75, 9], "texture": "#texture", "cullface": "east"},
				"south": {"uv": [14.25, 6.5, 15, 9], "texture": "#texture"},
				"west": {"uv": [7.25, 6.5, 8.75, 9], "texture": "#texture"},
				"up": {"uv": [15.25, 7.25, 16, 8.75], "texture": "#texture"},
				"down": {"uv": [1.75, 8.75, 1, 7.25], "texture": "#texture"}
			}
		},
		{
			"from": [13.25, 6.25, 7.5],
			"to": [13.5, 6.5, 8.5],
			"rotation": {"angle": 0, "axis": "y", "origin": [-0.25, 0, 0]},
			"faces": {
				"north": {"uv": [2.25, 9.75, 2.5, 10], "texture": "#texture"},
				"east": {"uv": [7.5, 9.75, 8.5, 10], "texture": "#texture"},
				"south": {"uv": [13.5, 9.75, 13.75, 10], "texture": "#texture"},
				"up": {"uv": [13.5, 7.5, 13.75, 8.5], "texture": "#texture"}
			}
		},
		{
			"from": [13, 6.25, 7.5],
			"to": [13.25, 7.5, 8.5],
			"rotation": {"angle": 0, "axis": "y", "origin": [-0.25, 0, 0]},
			"faces": {
				"north": {"uv": [2.5, 8.75, 2.75, 10], "texture": "#texture"},
				"east": {"uv": [7.5, 8.75, 8.5, 10], "texture": "#texture"},
				"south": {"uv": [13.25, 8.75, 13.5, 10], "texture": "#texture"},
				"west": {"uv": [7.5, 8.75, 8.5, 10], "texture": "#texture"},
				"down": {"uv": [2.75, 8.5, 2.5, 7.5], "texture": "#texture"}
			}
		},
		{
			"from": [13.25, 6, 7.5],
			"to": [15, 6.25, 8.5],
			"rotation": {"angle": 0, "axis": "y", "origin": [-0.25, 0, 0]},
			"faces": {
				"north": {"uv": [0.75, 10, 2.5, 10.25], "texture": "#texture"},
				"east": {"uv": [7.5, 10, 8.5, 10.25], "texture": "#texture"},
				"south": {"uv": [13.5, 10, 15.25, 10.25], "texture": "#texture"},
				"west": {"uv": [7.5, 10, 8.5, 10.25], "texture": "#texture"},
				"up": {"uv": [13.5, 7.5, 15.25, 8.5], "texture": "#texture"},
				"down": {"uv": [2.5, 8.5, 0.75, 7.5], "texture": "#texture"}
			}
		},
		{
			"from": [15, 6.25, 7.5],
			"to": [15.25, 7.25, 8.5],
			"rotation": {"angle": 0, "axis": "y", "origin": [-0.25, 0, 0]},
			"faces": {
				"north": {"uv": [0.5, 9, 0.75, 10], "texture": "#texture"},
				"east": {"uv": [7.5, 9, 8.5, 10], "texture": "#texture"},
				"south": {"uv": [15.25, 9, 15.5, 10], "texture": "#texture"},
				"west": {"uv": [7.5, 9, 8.5, 10], "texture": "#texture"},
				"down": {"uv": [0.75, 8.5, 0.5, 7.5], "texture": "#texture"}
			}
		},
		{
			"from": [14.55, 6.625, 7.75],
			"to": [14.8, 7.875, 8.25],
			"rotation": {"angle": -22.5, "axis": "z", "origin": [14.25, 7.5, 7.75]},
			"faces": {
				"north": {"uv": [0.75, 2, 1.25, 3.25], "texture": "#texture"},
				"east": {"uv": [7.75, 2, 8.25, 3.25], "texture": "#texture"},
				"south": {"uv": [14.75, 2, 15.25, 3.25], "texture": "#texture"},
				"west": {"uv": [7.75, 2, 8.25, 3.25], "texture": "#texture"},
				"down": {"uv": [1.25, 8.25, 0.75, 7.75], "texture": "#texture"}
			}
		},
		{
			"from": [14.75, 6.25, 7.5],
			"to": [15, 6.5, 8.5],
			"rotation": {"angle": 0, "axis": "y", "origin": [-0.25, 0, 0]},
			"faces": {
				"north": {"uv": [0.75, 9.75, 1, 10], "texture": "#texture"},
				"south": {"uv": [15, 9.75, 15.25, 10], "texture": "#texture"},
				"west": {"uv": [7.5, 9.75, 8.5, 10], "texture": "#texture"},
				"up": {"uv": [15, 7.5, 15.25, 8.5], "texture": "#texture"}
			}
		},
		{
			"name": "Cube",
			"from": [-11.75, 9.75, 7.825],
			"to": [9.25, 10, 8.175],
			"faces": {
				"north": {"uv": [1, 6, 15, 6.25], "texture": "#texture"},
				"east": {"uv": [0, 0, 0, 0], "texture": "#texture"},
				"south": {"uv": [0, 6, 15, 6.25], "texture": "#texture"},
				"west": {"uv": [7.75, 6, 8.25, 6.25], "texture": "#texture", "cullface": "west"},
				"up": {"uv": [0, 7.75, 15, 8.25], "texture": "#texture"},
				"down": {"uv": [16, 8.25, 1, 7.75], "texture": "#texture"}
			}
		},
		{
			"name": "Element",
			"from": [15.5, 7.6, 7.35],
			"to": [18.75, 9.325, 8.65],
			"rotation": {"angle": -22.5, "axis": "z", "origin": [15.5, 9.325, 7.25]},
			"faces": {
				"north": {"uv": [11.75, 5, 15, 6.75], "texture": "#1"},
				"east": {"uv": [7.25, 6.75, 8.75, 8.5], "texture": "#1", "cullface": "east"},
				"south": {"uv": [11.75, 5, 15, 6.75], "texture": "#1"},
				"west": {"uv": [7.25, 6.75, 8.75, 8.5], "texture": "#1"},
				"up": {"uv": [11.75, 0, 15, 1.5], "texture": "#1"},
				"down": {"uv": [11.75, 0, 15, 1.5], "texture": "#1"}
			}
		},
		{
			"name": "Element",
			"from": [17.5, 4.5, 7.5],
			"to": [19.25, 7.25, 8.5],
			"rotation": {"angle": 22.5, "axis": "z", "origin": [17.5, 7.25, 7.5]},
			"faces": {
				"north": {"uv": [11, 9.75, 12.5, 12.25], "texture": "#1"},
				"east": {"uv": [7.5, 9.75, 8.5, 12.25], "texture": "#1", "cullface": "east"},
				"south": {"uv": [11, 9.75, 12.5, 12.25], "texture": "#1"},
				"west": {"uv": [7.5, 9.75, 8.5, 12.25], "texture": "#1"},
				"up": {"uv": [11, 7.5, 12.5, 8.5], "texture": "#1"},
				"down": {"uv": [11, 7.5, 12.5, 8.5], "texture": "#1"}
			}
		},
		{
			"name": "Element",
			"from": [17.75, 6.325, 7.35],
			"to": [25, 8.075, 8.65],
			"rotation": {"angle": 0, "axis": "y", "origin": [0, 0.075, 0]},
			"faces": {
				"north": {"uv": [9, 5, 15, 6.75], "texture": "#1"},
				"south": {"uv": [1, 0, 7, 1.75], "texture": "#1"},
				"west": {"uv": [1, 0, 2.5, 1.75], "texture": "#1"},
				"up": {"uv": [1, 0, 7, 1.5], "texture": "#1"},
				"down": {"uv": [1, 0, 7, 1.5], "texture": "#1"}
			}
		},
		{
			"name": "Element",
			"from": [-1.25, 7.325, 7.15],
			"to": [8.25, 9.125, 8.85],
			"rotation": {"angle": 0, "axis": "y", "origin": [0, 0.075, 0]},
			"faces": {
				"north": {"uv": [9, 5, 15, 6.75], "texture": "#1"},
				"east": {"uv": [0, 0, 0, 0], "texture": "#1"},
				"south": {"uv": [1, 0, 7, 1.75], "texture": "#1"},
				"west": {"uv": [1, 0, 2.5, 1.75], "texture": "#1"},
				"up": {"uv": [1, 0, 7, 1.5], "texture": "#1"},
				"down": {"uv": [1, 0, 7, 1.5], "texture": "#1"}
			}
		},
		{
			"name": "Element",
			"from": [-1.25, 7.075, 7.4],
			"to": [8.25, 9.375, 8.6],
			"rotation": {"angle": 0, "axis": "y", "origin": [0, 0.075, 0]},
			"faces": {
				"north": {"uv": [9, 5, 15, 6.75], "texture": "#1"},
				"east": {"uv": [0, 0, 0, 0], "texture": "#1"},
				"south": {"uv": [1, 0, 7, 1.75], "texture": "#1"},
				"west": {"uv": [1, 0, 2.5, 1.75], "texture": "#1"},
				"up": {"uv": [1, 0, 7, 1.5], "texture": "#1"},
				"down": {"uv": [1, 0, 7, 1.5], "texture": "#1"}
			}
		},
		{
			"name": "Element",
			"from": [19, 8.075, 7.5],
			"to": [25, 8.325, 8.5],
			"rotation": {"angle": 0, "axis": "y", "origin": [0, -5.925, 0]},
			"faces": {
				"north": {"uv": [9, 7.75, 10, 8], "texture": "#1"},
				"south": {"uv": [10, 7.75, 9, 8], "texture": "#1"},
				"west": {"uv": [7.5, 7.75, 8.5, 8], "texture": "#1"},
				"up": {"uv": [10, 7.5, 9.4, 8.5], "texture": "#1"}
			}
		},
		{
			"name": "Element",
			"from": [19.25, 6.075, 7.35],
			"to": [25, 6.325, 8.65],
			"rotation": {"angle": 0, "axis": "y", "origin": [0, 0.075, 0]},
			"faces": {
				"north": {"uv": [9.25, 10, 15, 10.25], "texture": "#1"},
				"south": {"uv": [9.25, 10, 15, 10.25], "texture": "#1"},
				"west": {"uv": [7.25, 10, 8.75, 10.25], "texture": "#1"},
				"down": {"uv": [9.25, 7.25, 15, 8.75], "texture": "#1"}
			}
		},
		{
			"name": "Element",
			"from": [19.5, 5.825, 7.35],
			"to": [25, 6.075, 8.65],
			"rotation": {"angle": 0, "axis": "y", "origin": [0, 0.075, 0]},
			"faces": {
				"north": {"uv": [9.25, 10.25, 14.75, 10.5], "texture": "#1"},
				"south": {"uv": [9.5, 10.25, 15, 10.5], "texture": "#1"},
				"west": {"uv": [7.25, 10.25, 8.75, 10.5], "texture": "#1"},
				"down": {"uv": [9.5, 7.25, 15, 8.75], "texture": "#1"}
			}
		},
		{
			"name": "Element",
			"from": [19.75, 5.575, 7.35],
			"to": [25, 5.825, 8.65],
			"rotation": {"angle": 0, "axis": "y", "origin": [0, 0.075, 0]},
			"faces": {
				"north": {"uv": [9.25, 10.5, 14.5, 10.75], "texture": "#1"},
				"south": {"uv": [9.75, 10.5, 15, 10.75], "texture": "#1"},
				"west": {"uv": [7.25, 10.5, 8.75, 10.75], "texture": "#1"},
				"down": {"uv": [9.75, 7.25, 15, 8.75], "texture": "#1"}
			}
		},
		{
			"name": "Element",
			"from": [20, 5.325, 7.35],
			"to": [25, 5.575, 8.65],
			"rotation": {"angle": 0, "axis": "y", "origin": [0, 0.075, 0]},
			"faces": {
				"north": {"uv": [9.25, 10.75, 14.25, 11], "texture": "#1"},
				"south": {"uv": [10, 10.75, 15, 11], "texture": "#1"},
				"west": {"uv": [7.25, 10.75, 8.75, 11], "texture": "#1"},
				"down": {"uv": [10, 7.25, 15, 8.75], "texture": "#1"}
			}
		},
		{
			"name": "Element",
			"from": [20.25, 5.075, 7.35],
			"to": [25, 5.325, 8.65],
			"rotation": {"angle": 0, "axis": "y", "origin": [0, 0.075, 0]},
			"faces": {
				"north": {"uv": [1, 11, 5.75, 11.25], "texture": "#1"},
				"south": {"uv": [10.25, 11, 15, 11.25], "texture": "#1"},
				"west": {"uv": [7.25, 11, 8.75, 11.25], "texture": "#1"},
				"down": {"uv": [5.75, 8.75, 1, 7.25], "texture": "#1"}
			}
		},
		{
			"name": "Element",
			"from": [21, 4.825, 7.35],
			"to": [25, 5.075, 8.65],
			"rotation": {"angle": 0, "axis": "y", "origin": [0, 0.075, 0]},
			"faces": {
				"north": {"uv": [1, 11.25, 5.25, 11.5], "texture": "#1"},
				"south": {"uv": [10.75, 11.25, 15, 11.5], "texture": "#1"},
				"west": {"uv": [7.25, 11.25, 8.75, 11.5], "texture": "#1"},
				"down": {"uv": [5.25, 8.75, 1, 7.25], "texture": "#1"}
			}
		},
		{
			"name": "Element",
			"from": [22, 4.575, 7.35],
			"to": [25, 4.825, 8.65],
			"rotation": {"angle": 0, "axis": "y", "origin": [0, 0.075, 0]},
			"faces": {
				"north": {"uv": [1, 11.5, 4.5, 11.75], "texture": "#1"},
				"south": {"uv": [11.5, 11.5, 15, 11.75], "texture": "#1"},
				"west": {"uv": [7.25, 11.5, 8.75, 11.75], "texture": "#1"},
				"down": {"uv": [4.5, 8.75, 1, 7.25], "texture": "#1"}
			}
		},
		{
			"name": "Element",
			"from": [23, 4.325, 7.35],
			"to": [25, 4.575, 8.65],
			"rotation": {"angle": 0, "axis": "y", "origin": [0, 0.075, 0]},
			"faces": {
				"north": {"uv": [1, 11.75, 3.75, 12], "texture": "#1"},
				"south": {"uv": [12.25, 11.75, 15, 12], "texture": "#1"},
				"west": {"uv": [7.25, 11.75, 8.75, 12], "texture": "#1"},
				"down": {"uv": [3.75, 8.75, 1, 7.25], "texture": "#1"}
			}
		},
		{
			"name": "Element",
			"from": [24, 4.075, 7.35],
			"to": [25, 4.325, 8.65],
			"rotation": {"angle": 0, "axis": "y", "origin": [0, 0.075, 0]},
			"faces": {
				"north": {"uv": [1, 12, 3, 12.25], "texture": "#1"},
				"south": {"uv": [13, 12, 15, 12.25], "texture": "#1"},
				"west": {"uv": [7.25, 12, 8.75, 12.25], "texture": "#1"},
				"down": {"uv": [3, 8.75, 1, 7.25], "texture": "#1"}
			}
		},
		{
			"from": [-11.75, 8.8, 7.475],
			"to": [9.45, 9.4, 7.725],
			"faces": {
				"north": {"uv": [0, 0, 16, 0.6], "texture": "#texture"},
				"east": {"uv": [0, 0, 0.25, 0.6], "texture": "#texture"},
				"south": {"uv": [0, 0, 16, 0.6], "texture": "#texture"},
				"west": {"uv": [0, 0, 0.25, 0.6], "texture": "#texture"},
				"up": {"uv": [0, 0, 16, 0.25], "texture": "#texture"},
				"down": {"uv": [0, 0, 16, 0.25], "texture": "#texture"}
			}
		},
		{
			"from": [-11.75, 8.8, 8.275],
			"to": [9.45, 9.4, 8.525],
			"faces": {
				"north": {"uv": [0, 0, 16, 0.6], "texture": "#texture"},
				"east": {"uv": [0, 0, 0.25, 0.6], "texture": "#texture"},
				"south": {"uv": [0, 0, 16, 0.6], "texture": "#texture"},
				"west": {"uv": [0, 0, 0.25, 0.6], "texture": "#texture"},
				"up": {"uv": [0, 0, 16, 0.25], "texture": "#texture"},
				"down": {"uv": [0, 0, 16, 0.25], "texture": "#texture"}
			}
		},
		{
			"from": [-11.75, 9.4, 7.725],
			"to": [9.45, 9.6, 8.275],
			"faces": {
				"north": {"uv": [0, 0, 16, 0.2], "texture": "#texture"},
				"east": {"uv": [0, 0, 0.55, 0.2], "texture": "#texture"},
				"south": {"uv": [0, 0, 16, 0.2], "texture": "#texture"},
				"west": {"uv": [0, 0, 0.55, 0.2], "texture": "#texture"},
				"up": {"uv": [0, 0, 16, 0.55], "texture": "#texture"},
				"down": {"uv": [0, 0, 16, 0.55], "texture": "#texture"}
			}
		},
		{
			"from": [-11.75, 8.55, 7.725],
			"to": [9.45, 8.8, 8.275],
			"faces": {
				"north": {"uv": [0, 0, 16, 0.25], "texture": "#texture"},
				"east": {"uv": [0, 0, 0.55, 0.25], "texture": "#texture"},
				"south": {"uv": [0, 0, 16, 0.25], "texture": "#texture"},
				"west": {"uv": [0, 0, 0.55, 0.25], "texture": "#texture"},
				"up": {"uv": [0, 0, 16, 0.55], "texture": "#texture"},
				"down": {"uv": [0, 0, 16, 0.55], "texture": "#texture"}
			}
		},
		{
			"from": [-1.75, 7.3, 7.425],
			"to": [-1, 8.45, 8.575],
			"faces": {
				"north": {"uv": [0, 0, 0.75, 1.15], "texture": "#texture"},
				"east": {"uv": [0, 0, 1.15, 1.15], "texture": "#texture"},
				"south": {"uv": [0, 0, 0.75, 1.15], "texture": "#texture"},
				"west": {"uv": [0, 0, 1.15, 1.15], "texture": "#texture"},
				"up": {"uv": [0, 0, 0.75, 1.15], "texture": "#texture"},
				"down": {"uv": [0, 0, 0.75, 1.15], "texture": "#texture"}
			}
		},
		{
			"from": [-1.75, 7.3, 7.425],
			"to": [-1, 8.45, 8.575],
			"faces": {
				"north": {"uv": [0, 0, 0.75, 1.15], "texture": "#texture"},
				"east": {"uv": [0, 0, 1.15, 1.15], "texture": "#texture"},
				"south": {"uv": [0, 0, 0.75, 1.15], "texture": "#texture"},
				"west": {"uv": [0, 0, 1.15, 1.15], "texture": "#texture"},
				"up": {"uv": [0, 0, 0.75, 1.15], "texture": "#texture"},
				"down": {"uv": [0, 0, 0.75, 1.15], "texture": "#texture"}
			}
		},
		{
			"from": [-1.75, 8.25, 7.75],
			"to": [-1, 8.75, 8.25],
			"faces": {
				"north": {"uv": [0, 0, 0.75, 0.5], "texture": "#texture"},
				"east": {"uv": [0, 0, 0.5, 0.5], "texture": "#texture"},
				"south": {"uv": [0, 0, 0.75, 0.5], "texture": "#texture"},
				"west": {"uv": [0, 0, 0.5, 0.5], "texture": "#texture"},
				"up": {"uv": [0, 0, 0.75, 0.5], "texture": "#texture"},
				"down": {"uv": [0, 0, 0.75, 0.5], "texture": "#texture"}
			}
		},
		{
			"from": [-2, 7.35, 7.725],
			"to": [13.2, 7.85, 8.275],
			"faces": {
				"north": {"uv": [0, 0, 15.2, 0.5], "texture": "#texture"},
				"east": {"uv": [0, 0, 0.55, 0.5], "texture": "#texture"},
				"south": {"uv": [0, 0, 15.2, 0.5], "texture": "#texture"},
				"west": {"uv": [0, 0, 0.55, 0.5], "texture": "#texture"},
				"up": {"uv": [0, 0, 15.2, 0.55], "texture": "#texture"},
				"down": {"uv": [0, 0, 15.2, 0.55], "texture": "#texture"}
			}
		},
		{
			"from": [-2, 7.9, 7.725],
			"to": [13.2, 8.4, 8.275],
			"faces": {
				"north": {"uv": [0, 0, 15.2, 0.5], "texture": "#texture"},
				"east": {"uv": [0, 0, 0.55, 0.5], "texture": "#texture"},
				"south": {"uv": [0, 0, 15.2, 0.5], "texture": "#texture"},
				"west": {"uv": [0, 0, 0.55, 0.5], "texture": "#texture"},
				"up": {"uv": [0, 0, 15.2, 0.55], "texture": "#texture"},
				"down": {"uv": [0, 0, 15.2, 0.55], "texture": "#texture"}
			}
		},
		{
			"from": [-2, 7.6, 7.475],
			"to": [13.2, 8.15, 7.975],
			"faces": {
				"north": {"uv": [0, 0, 15.2, 0.55], "texture": "#texture"},
				"east": {"uv": [0, 0, 0.5, 0.55], "texture": "#texture"},
				"south": {"uv": [0, 0, 15.2, 0.55], "texture": "#texture"},
				"west": {"uv": [0, 0, 0.5, 0.55], "texture": "#texture"},
				"up": {"uv": [0, 0, 15.2, 0.5], "texture": "#texture"},
				"down": {"uv": [0, 0, 15.2, 0.5], "texture": "#texture"}
			}
		},
		{
			"from": [-2.25, 7.625, 7.75],
			"to": [-1.5, 8.125, 8.25],
			"faces": {
				"north": {"uv": [0, 0, 0.75, 0.5], "texture": "#texture"},
				"east": {"uv": [0, 0, 0.5, 0.5], "texture": "#texture"},
				"south": {"uv": [0, 0, 0.75, 0.5], "texture": "#texture"},
				"west": {"uv": [0, 0, 0.5, 0.5], "texture": "#texture"},
				"up": {"uv": [0, 0, 0.75, 0.5], "texture": "#texture"},
				"down": {"uv": [0, 0, 0.75, 0.5], "texture": "#texture"}
			}
		},
		{
			"from": [-11.75, 9.6, 7.825],
			"to": [-9.75, 9.75, 8.175],
			"faces": {
				"north": {"uv": [0, 0, 2, 0.15], "texture": "#texture"},
				"east": {"uv": [0, 0, 0.35, 0.15], "texture": "#texture"},
				"south": {"uv": [0, 0, 2, 0.15], "texture": "#texture"},
				"west": {"uv": [0, 0, 0.35, 0.15], "texture": "#texture"},
				"up": {"uv": [0, 0, 2, 0.35], "texture": "#texture"},
				"down": {"uv": [0, 0, 2, 0.35], "texture": "#texture"}
			}
		},
		{
			"from": [-8, 9.6, 7.825],
			"to": [-6.75, 9.75, 8.175],
			"faces": {
				"north": {"uv": [0, 0, 1.25, 0.15], "texture": "#texture"},
				"east": {"uv": [0, 0, 0.35, 0.15], "texture": "#texture"},
				"south": {"uv": [0, 0, 1.25, 0.15], "texture": "#texture"},
				"west": {"uv": [0, 0, 0.35, 0.15], "texture": "#texture"},
				"up": {"uv": [0, 0, 1.25, 0.35], "texture": "#texture"},
				"down": {"uv": [0, 0, 1.25, 0.35], "texture": "#texture"}
			}
		},
		{
			"from": [-5, 9.6, 7.825],
			"to": [-3.75, 9.75, 8.175],
			"faces": {
				"north": {"uv": [0, 0, 1.25, 0.15], "texture": "#texture"},
				"east": {"uv": [0, 0, 0.35, 0.15], "texture": "#texture"},
				"south": {"uv": [0, 0, 1.25, 0.15], "texture": "#texture"},
				"west": {"uv": [0, 0, 0.35, 0.15], "texture": "#texture"},
				"up": {"uv": [0, 0, 1.25, 0.35], "texture": "#texture"},
				"down": {"uv": [0, 0, 1.25, 0.35], "texture": "#texture"}
			}
		},
		{
			"from": [-2, 9.6, 7.825],
			"to": [-0.75, 9.75, 8.175],
			"faces": {
				"north": {"uv": [0, 0, 1.25, 0.15], "texture": "#texture"},
				"east": {"uv": [0, 0, 0.35, 0.15], "texture": "#texture"},
				"south": {"uv": [0, 0, 1.25, 0.15], "texture": "#texture"},
				"west": {"uv": [0, 0, 0.35, 0.15], "texture": "#texture"},
				"up": {"uv": [0, 0, 1.25, 0.35], "texture": "#texture"},
				"down": {"uv": [0, 0, 1.25, 0.35], "texture": "#texture"}
			}
		},
		{
			"from": [1, 9.6, 7.825],
			"to": [2.25, 9.75, 8.175],
			"faces": {
				"north": {"uv": [0, 0, 1.25, 0.15], "texture": "#texture"},
				"east": {"uv": [0, 0, 0.35, 0.15], "texture": "#texture"},
				"south": {"uv": [0, 0, 1.25, 0.15], "texture": "#texture"},
				"west": {"uv": [0, 0, 0.35, 0.15], "texture": "#texture"},
				"up": {"uv": [0, 0, 1.25, 0.35], "texture": "#texture"},
				"down": {"uv": [0, 0, 1.25, 0.35], "texture": "#texture"}
			}
		},
		{
			"from": [4, 9.6, 7.825],
			"to": [5.25, 9.75, 8.175],
			"faces": {
				"north": {"uv": [0, 0, 1.25, 0.15], "texture": "#texture"},
				"east": {"uv": [0, 0, 0.35, 0.15], "texture": "#texture"},
				"south": {"uv": [0, 0, 1.25, 0.15], "texture": "#texture"},
				"west": {"uv": [0, 0, 0.35, 0.15], "texture": "#texture"},
				"up": {"uv": [0, 0, 1.25, 0.35], "texture": "#texture"},
				"down": {"uv": [0, 0, 1.25, 0.35], "texture": "#texture"}
			}
		},
		{
			"from": [7, 9.6, 7.825],
			"to": [8.25, 9.75, 8.175],
			"faces": {
				"north": {"uv": [0, 0, 1.25, 0.15], "texture": "#texture"},
				"east": {"uv": [0, 0, 0.35, 0.15], "texture": "#texture"},
				"south": {"uv": [0, 0, 1.25, 0.15], "texture": "#texture"},
				"west": {"uv": [0, 0, 0.35, 0.15], "texture": "#texture"},
				"up": {"uv": [0, 0, 1.25, 0.35], "texture": "#texture"},
				"down": {"uv": [0, 0, 1.25, 0.35], "texture": "#texture"}
			}
		},
		{
			"from": [-11.75, 9.95, 7.9],
			"to": [-11.25, 10.2, 8.1],
			"faces": {
				"north": {"uv": [0, 0, 0.5, 0.25], "texture": "#texture"},
				"east": {"uv": [0, 0, 0.2, 0.25], "texture": "#texture"},
				"south": {"uv": [0, 0, 0.5, 0.25], "texture": "#texture"},
				"west": {"uv": [0, 0, 0.2, 0.25], "texture": "#texture"},
				"up": {"uv": [0, 0, 0.5, 0.2], "texture": "#texture"},
				"down": {"uv": [0, 0, 0.5, 0.2], "texture": "#texture"}
			}
		},
		{
			"from": [-2, 7.6, 8.025],
			"to": [13.2, 8.15, 8.525],
			"faces": {
				"north": {"uv": [0, 0, 15.2, 0.55], "texture": "#texture"},
				"east": {"uv": [0, 0, 0.5, 0.55], "texture": "#texture"},
				"south": {"uv": [0, 0, 15.2, 0.55], "texture": "#texture"},
				"west": {"uv": [0, 0, 0.5, 0.55], "texture": "#texture"},
				"up": {"uv": [0, 0, 15.2, 0.5], "texture": "#texture"},
				"down": {"uv": [0, 0, 15.2, 0.5], "texture": "#texture"}
			}
		},
		{
			"from": [25, 8.075, 7.5],
			"to": [25.5, 8.325, 8.5],
			"faces": {
				"north": {"uv": [0, 0, 0.5, 0.25], "texture": "#texture"},
				"east": {"uv": [0, 0, 1, 0.25], "texture": "#texture"},
				"south": {"uv": [0, 0, 0.5, 0.25], "texture": "#texture"},
				"west": {"uv": [0, 0, 1, 0.25], "texture": "#texture"},
				"up": {"uv": [0, 0, 0.5, 1], "texture": "#texture"},
				"down": {"uv": [0, 0, 0.5, 1], "texture": "#texture"}
			}
		},
		{
			"from": [25, 3.825, 7.35],
			"to": [25.5, 8.075, 8.65],
			"faces": {
				"north": {"uv": [0, 0, 0.5, 0.25], "texture": "#texture"},
				"east": {"uv": [0, 0, 1, 0.25], "texture": "#texture"},
				"south": {"uv": [0, 0, 0.5, 0.25], "texture": "#texture"},
				"west": {"uv": [0, 0, 1, 0.25], "texture": "#texture"},
				"up": {"uv": [0, 0, 0.5, 1], "texture": "#texture"},
				"down": {"uv": [0, 0, 0.5, 1], "texture": "#texture"}
			}
		}
	],
	"gui_light": "front",
	"display": {
		"thirdperson_righthand": {
			"rotation": [0, -90, -63],
			"translation": [0, 5.75, -1.25],
			"scale": [0.87, 0.87, 0.87]
		},
		"thirdperson_lefthand": {
			"rotation": [0, 90, 0],
			"translation": [0, 0.5, -5.25],
			"scale": [0.87, 0.87, 0.87]
		},
		"firstperson_righthand": {
			"rotation": [0, -90, 0],
			"translation": [0, 3, -5.75],
			"scale": [0.96, 0.96, 0.96]
		},
		"firstperson_lefthand": {
			"rotation": [0, 90, 0],
			"translation": [0, 3, -5.75],
			"scale": [0.96, 0.96, 0.96]
		},
		"ground": {
			"translation": [1, 0.25, 0],
			"scale": [0.99, 0.99, 0.99]
		},
		"gui": {
			"rotation": [0, 0, -45],
			"translation": [0.25, 0, 0],
			"scale": [0.52, 0.52, 0.9]
		},
		"head": {
			"rotation": [0, -93, 7],
			"translation": [0, 10.25, 0]
		},
		"fixed": {
			"rotation": [0, 180, -45],
			"translation": [-0.5, 0, 0],
			"scale": [0.92, 0.92, 0.92]
		}
	},
	"groups": [
		{
			"name": "Remington 870",
			"origin": [8, 8, 8],
			"color": 0,
			"children": [
				{
					"name": "browing",
					"origin": [8, 8, 8],
					"color": 0,
					"children": []
				}
			]
		},
		{
			"name": "M1014",
			"origin": [8, 8, 8],
			"color": 0,
			"children": [
				{
					"name": "moss",
					"origin": [8, 8, 8],
					"color": 0,
					"children": []
				}
			]
		},
		{
			"name": "Remington 870",
			"origin": [8, 8, 8],
			"color": 0,
			"children": [
				{
					"name": "Remington 870",
					"origin": [8, 8, 8],
					"color": 0,
					"children": [
						{
							"name": "browing",
							"origin": [8, 8, 8],
							"color": 0,
							"children": [0, 1, 2, 3, 4, 5, 6, 7, 8, 9, 10, 11, 12, 13, 14, 15, 16, 17, 18, 19, 20, 21, 22, 23, 24, 25, 26, 27]
						}
					]
				},
				28,
				29,
				30,
				31,
				32,
				33,
				34,
				35,
				36,
				37,
				38,
				39,
				40,
				41,
				42,
				43,
				44,
				45,
				46,
				47,
				48,
				49
			]
		}
	]
}