{
	"credit": "Made by SrDarmith - YouTube: Mainclay",
	"textures": {
		"texture": "block/door_iron_lower",
		"door_iron_lower": "block/woo_colored_black"
	},
	"elements": [
		{
			"from": [7.5, 10.875, 2.5],
			"to": [8.5, 11.825, 6.25],
			"faces": {
				"north": {"uv": [7.5, 4, 8.5, 5], "texture": "#texture"},
				"east": {"uv": [7.75, 4, 13.75, 5], "texture": "#texture"},
				"west": {"uv": [2.25, 4, 8.25, 5], "texture": "#texture"},
				"up": {"uv": [7.5, 2.25, 8.5, 8.25], "texture": "#texture"}
			}
		},
		{
			"from": [7.5, 10.875, 6.25],
			"to": [8.5, 11.875, 7.75],
			"faces": {
				"north": {"uv": [7.5, 4, 8.5, 5], "texture": "#texture"},
				"east": {"uv": [7.75, 4, 13.75, 5], "texture": "#texture"},
				"west": {"uv": [2.25, 4, 8.25, 5], "texture": "#texture"},
				"up": {"uv": [7.5, 2.25, 8.5, 8.25], "texture": "#texture"}
			}
		},
		{
			"from": [7.5, 5.5, 8.825],
			"to": [8.5, 5.75, 9.375],
			"rotation": {"angle": 0, "axis": "y", "origin": [0, 0, -0.25]},
			"faces": {
				"north": {"uv": [7.5, 10.25, 8.5, 10.5], "texture": "#texture"},
				"east": {"uv": [6.25, 10.25, 6.75, 10.5], "texture": "#texture"},
				"west": {"uv": [9.25, 10.25, 9.75, 10.5], "texture": "#texture"},
				"up": {"uv": [7.5, 9.25, 8.5, 9.75], "texture": "#texture"},
				"down": {"uv": [8.5, 9.75, 7.5, 9.25], "texture": "#texture"}
			}
		},
		{
			"from": [7.3, 10, 1.45],
			"to": [8.7, 11, 7.75],
			"rotation": {"angle": 0, "axis": "y", "origin": [0, 0, 0.25]},
			"faces": {
				"north": {"uv": [7.25, 5, 8.75, 6], "texture": "#texture"},
				"east": {"uv": [7.75, 5, 15.25, 6], "texture": "#texture"},
				"west": {"uv": [0.75, 5, 8.25, 6], "texture": "#texture"},
				"up": {"uv": [7.25, 0.75, 8.75, 8.25], "texture": "#texture"},
				"down": {"uv": [8.75, 8.25, 7.25, 0.75], "texture": "#texture"}
			}
		},
		{
			"from": [7.3, 10.75, 1.125],
			"to": [8.7, 11, 2.275],
			"rotation": {"angle": 0, "axis": "y", "origin": [0, 0, 0.25]},
			"faces": {
				"north": {"uv": [7.25, 5, 8.75, 6], "texture": "#texture"},
				"east": {"uv": [14, 5, 15.25, 6], "texture": "#texture"},
				"west": {"uv": [0.75, 5, 1.75, 6], "texture": "#texture"},
				"up": {"uv": [7.25, 5, 8.75, 6], "texture": "#texture"},
				"down": {"uv": [8.75, 8.25, 7.25, 0.75], "texture": "#texture"}
			}
		},
		{
			"from": [7.3, 8.525, 5.175],
			"to": [8.7, 9.6, 5.775],
			"rotation": {"angle": -22.5, "axis": "x", "origin": [0, 0, 0.25]},
			"faces": {
				"north": {"uv": [7.25, 5, 8.75, 6], "texture": "#texture"},
				"east": {"uv": [14.75, 5, 15.25, 6], "texture": "#texture"},
				"west": {"uv": [0.75, 5, 1.25, 6], "texture": "#texture"},
				"up": {"uv": [7.25, 0.75, 8.75, 8.25], "texture": "#texture"},
				"down": {"uv": [8.75, 8.25, 7.25, 0.75], "texture": "#texture"}
			}
		},
		{
			"from": [7.175, 5.05, 14.2],
			"to": [8.825, 6.6, 14.8],
			"rotation": {"angle": -22.5, "axis": "x", "origin": [0, 0, 0.25]},
			"faces": {
				"east": {"uv": [8.25, 5, 8.75, 6], "rotation": 180, "texture": "#texture"},
				"south": {"uv": [8.25, 5, 8.75, 6], "rotation": 180, "texture": "#texture"},
				"west": {"uv": [8.35, 5, 8.95, 6], "rotation": 180, "texture": "#texture"},
				"up": {"uv": [8.75, 8.25, 7.25, 0.75], "texture": "#texture"},
				"down": {"uv": [7.25, 0.75, 8.75, 8.25], "texture": "#texture"}
			}
		},
		{
			"from": [7.175, 0.525, 15.95],
			"to": [8.825, 0.925, 16.225],
			"rotation": {"angle": -45, "axis": "x", "origin": [0, 0, 0.25]},
			"faces": {
				"east": {"uv": [8.25, 5, 8.75, 6], "rotation": 180, "texture": "#texture"},
				"south": {"uv": [8.25, 5, 8.75, 6], "rotation": 180, "texture": "#texture"},
				"west": {"uv": [8.35, 5, 8.95, 6], "rotation": 180, "texture": "#texture"},
				"up": {"uv": [8.75, 8.25, 7.25, 0.75], "texture": "#texture"},
				"down": {"uv": [7.25, 0.75, 8.75, 8.25], "texture": "#texture"}
			}
		},
		{
			"from": [7.175, 10, 7.75],
			"to": [8.825, 11.95, 10.9],
			"rotation": {"angle": 0, "axis": "y", "origin": [0, 0, 0.25]},
			"faces": {
				"north": {"uv": [7, 4, 9, 6], "texture": "#texture"},
				"east": {"uv": [8.2, 4, 10.95, 6], "texture": "#texture"},
				"south": {"uv": [7, 4, 9, 6], "texture": "#texture"},
				"west": {"uv": [8.25, 4, 11, 6], "texture": "#texture"},
				"up": {"uv": [7, 8.25, 9, 11], "texture": "#texture"},
				"down": {"uv": [9, 11, 7, 8.25], "texture": "#texture"}
			}
		},
		{
			"from": [7.175, 10, 10.8],
			"to": [8.825, 10.975, 11.25],
			"rotation": {"angle": 0, "axis": "y", "origin": [0, 0, 0.25]},
			"faces": {
				"north": {"uv": [7, 4, 9, 6], "texture": "#texture"},
				"east": {"uv": [9, 5, 9.75, 6], "texture": "#texture"},
				"south": {"uv": [7, 4, 9, 6], "texture": "#texture"},
				"west": {"uv": [9.25, 5, 10, 6], "texture": "#texture"},
				"up": {"uv": [7, 8.25, 9, 11], "texture": "#texture"},
				"down": {"uv": [9, 11, 7, 8.25], "texture": "#texture"}
			}
		},
		{
			"from": [7.175, 10, 11.225],
			"to": [8.825, 10.25, 11.775],
			"rotation": {"angle": 0, "axis": "y", "origin": [0, 0, 0.25]},
			"faces": {
				"north": {"uv": [7, 4, 9, 6], "texture": "#texture"},
				"east": {"uv": [9, 5, 9.75, 6], "texture": "#texture"},
				"south": {"uv": [7, 4, 9, 6], "texture": "#texture"},
				"west": {"uv": [9.25, 5, 10, 6], "texture": "#texture"},
				"up": {"uv": [7, 8.25, 9, 11], "texture": "#texture"},
				"down": {"uv": [9, 11, 7, 8.25], "texture": "#texture"}
			}
		},
		{
			"from": [7.75, 11.15, 11.375],
			"to": [8.25, 11.4, 12.125],
			"rotation": {"angle": 0, "axis": "y", "origin": [0, 0, 0.25]},
			"faces": {
				"north": {"uv": [0, 0, 0, 0], "texture": "#texture"},
				"east": {"uv": [3.75, 4.75, 4.5, 5.25], "texture": "#texture"},
				"south": {"uv": [0, 4.75, 0, 5.25], "texture": "#texture"},
				"west": {"uv": [11.5, 4.75, 12.25, 5.25], "texture": "#texture"},
				"up": {"uv": [0, 11.5, 0, 12.25], "texture": "#texture"},
				"down": {"uv": [16, 12.25, 16, 11.5], "texture": "#texture"}
			}
		},
		{
			"from": [7.3, 11, 6.25],
			"to": [7.7, 11.725, 7.75],
			"faces": {
				"north": {"uv": [8.5, 4.25, 8.75, 5], "texture": "#texture"},
				"west": {"uv": [6.75, 4.25, 8.25, 5], "texture": "#texture"},
				"up": {"uv": [7.25, 6.75, 7.5, 8.25], "texture": "#texture"}
			}
		},
		{
			"from": [8.3, 11, 6],
			"to": [8.7, 11.725, 7.5],
			"faces": {
				"north": {"uv": [7.25, 4.25, 7.5, 5], "texture": "#texture"},
				"east": {"uv": [7.75, 4.25, 9.25, 5], "texture": "#texture"},
				"up": {"uv": [8.5, 6.75, 8.75, 8.25], "texture": "#texture"}
			}
		},
		{
			"from": [7.5, 9.5, 11],
			"to": [8.5, 9.75, 11.675],
			"faces": {
				"east": {"uv": [4.25, 6.25, 4.75, 6.5], "texture": "#texture"},
				"south": {"uv": [7.5, 6.25, 8.5, 6.5], "texture": "#texture"},
				"west": {"uv": [11.25, 6.25, 11.75, 6.5], "texture": "#texture"},
				"down": {"uv": [8.5, 11.75, 7.5, 11.25], "texture": "#texture"}
			}
		},
		{
			"from": [7.3, 9.75, 1.55],
			"to": [8.7, 10, 12.55],
			"faces": {
				"north": {"uv": [7.5, 6, 8.5, 6.25], "texture": "#texture"},
				"east": {"uv": [3.75, 6, 9.25, 6.25], "texture": "#texture"},
				"south": {"uv": [7.5, 6, 8.5, 6.25], "texture": "#texture"},
				"west": {"uv": [6.75, 6, 12.25, 6.25], "texture": "#texture"},
				"up": {"uv": [7.5, 6.75, 8.5, 12.25], "texture": "#texture"},
				"down": {"uv": [8.5, 12.25, 7.5, 6.75], "texture": "#texture"}
			}
		},
		{
			"from": [7.5, 9.5, 6.25],
			"to": [8.5, 9.75, 11],
			"rotation": {"angle": 0, "axis": "y", "origin": [0, 0, -0.25]},
			"faces": {
				"north": {"uv": [7.5, 6.25, 8.5, 6.5], "texture": "#texture"},
				"east": {"uv": [4.75, 6.25, 8.75, 6.5], "texture": "#texture"},
				"west": {"uv": [7.25, 6.25, 11.25, 6.5], "texture": "#texture"},
				"down": {"uv": [8.5, 11.25, 7.5, 7.25], "texture": "#texture"}
			}
		},
		{
			"from": [7.75, 8.5, 7.05],
			"to": [8.25, 9.5, 7.3],
			"rotation": {"angle": 0, "axis": "y", "origin": [0, 0, -0.35]},
			"faces": {
				"north": {"uv": [7.75, 6.5, 8.25, 7.5], "texture": "#texture"},
				"east": {"uv": [8, 6.5, 8.25, 7.5], "texture": "#texture"},
				"south": {"uv": [7.75, 6.5, 8.25, 7.5], "texture": "#texture"},
				"west": {"uv": [7.75, 6.5, 8, 7.5], "texture": "#texture"}
			}
		},
		{
			"from": [7.75, 8.25, 7],
			"to": [8.25, 8.5, 8.8],
			"rotation": {"angle": 0, "axis": "y", "origin": [0, 0, -0.35]},
			"faces": {
				"north": {"uv": [7.75, 7.5, 8.25, 7.75], "texture": "#texture"},
				"east": {"uv": [6.75, 7.5, 8, 7.75], "texture": "#texture"},
				"west": {"uv": [8, 7.5, 9.25, 7.75], "texture": "#texture"},
				"up": {"uv": [7.75, 8, 8.25, 9.25], "texture": "#texture"},
				"down": {"uv": [8.25, 9.25, 7.75, 8], "texture": "#texture"}
			}
		},
		{
			"from": [7.175, 10, 2.575],
			"to": [7.425, 10.825, 7.75],
			"faces": {
				"north": {"uv": [7.75, 7.5, 8.25, 7.75], "texture": "#texture"},
				"east": {"uv": [6.75, 7.5, 8, 7.75], "texture": "#texture"},
				"south": {"uv": [0, 0, 0, 0], "texture": "#texture"},
				"west": {"uv": [8, 7.5, 9.25, 7.75], "texture": "#texture"},
				"up": {"uv": [7.75, 8, 8.25, 9.25], "texture": "#texture"},
				"down": {"uv": [8.25, 9.25, 7.75, 8], "texture": "#texture"}
			}
		},
		{
			"from": [8.575, 10, 2.575],
			"to": [8.825, 10.825, 7.75],
			"faces": {
				"north": {"uv": [7.75, 7.5, 8.25, 7.75], "texture": "#texture"},
				"east": {"uv": [6.75, 7.5, 8, 7.75], "texture": "#texture"},
				"west": {"uv": [8, 7.5, 9.25, 7.75], "texture": "#texture"},
				"up": {"uv": [7.75, 8, 8.25, 9.25], "texture": "#texture"},
				"down": {"uv": [8.25, 9.25, 7.75, 8], "texture": "#texture"}
			}
		},
		{
			"from": [7.75, 8.725, 8.475],
			"to": [8.25, 9.625, 8.725],
			"rotation": {"angle": 22.5, "axis": "x", "origin": [7.75, 9.625, 8.4]},
			"faces": {
				"north": {"uv": [7.75, 7.75, 8.25, 8.75], "texture": "#texture"},
				"east": {"uv": [2.5, 7.75, 3, 8.75], "texture": "#texture"},
				"south": {"uv": [7.75, 7.75, 8.25, 8.75], "texture": "#texture"},
				"west": {"uv": [13, 7.75, 13.5, 8.75], "texture": "#texture"},
				"up": {"uv": [7.75, 13, 8.25, 13.5], "texture": "#texture"},
				"down": {"uv": [8.25, 13.5, 7.75, 13], "texture": "#texture"}
			}
		},
		{
			"from": [7.5, 7.5, 8.8],
			"to": [8.5, 9.5, 9.125],
			"rotation": {"angle": 0, "axis": "y", "origin": [0, 0, -0.25]},
			"faces": {
				"north": {"uv": [7.5, 6.5, 8.5, 8.25], "texture": "#texture"},
				"east": {"uv": [6.5, 6.5, 6.75, 8.25], "texture": "#texture"},
				"west": {"uv": [9.25, 6.5, 9.5, 8.25], "texture": "#texture"},
				"down": {"uv": [8.5, 9.5, 7.5, 9.25], "texture": "#texture"}
			}
		},
		{
			"from": [7.5, 5.75, 9.025],
			"to": [8.5, 7.5, 9.375],
			"rotation": {"angle": 0, "axis": "y", "origin": [0, 0, -0.25]},
			"faces": {
				"north": {"uv": [7.5, 8.25, 8.5, 10.25], "texture": "#texture"},
				"east": {"uv": [6.25, 8.25, 6.5, 10.25], "texture": "#texture"},
				"west": {"uv": [9.5, 8.25, 9.75, 10.25], "texture": "#texture"}
			}
		},
		{
			"from": [7.75, 10.9, 11.625],
			"to": [8.25, 11.15, 11.875],
			"rotation": {"angle": 0, "axis": "y", "origin": [0, 0, 0.25]},
			"faces": {
				"east": {"uv": [4.25, 5, 4.5, 5.25], "texture": "#texture"},
				"south": {"uv": [7.75, 5, 8.25, 5.25], "texture": "#texture"},
				"west": {"uv": [11.5, 5, 11.75, 5.25], "texture": "#texture"},
				"down": {"uv": [8.25, 11.75, 7.75, 11.5], "texture": "#texture"}
			}
		},
		{
			"from": [7.75, 10.4, 11.375],
			"to": [8.25, 11.15, 11.625],
			"rotation": {"angle": 0, "axis": "y", "origin": [0, 0, 0.25]},
			"faces": {
				"north": {"uv": [0, 0, 0, 0], "texture": "#texture"},
				"east": {"uv": [4.5, 5, 4.75, 5.75], "texture": "#texture"},
				"south": {"uv": [7.75, 5, 8.25, 5.75], "texture": "#texture"},
				"west": {"uv": [11.25, 5, 11.5, 5.75], "texture": "#texture"},
				"down": {"uv": [8.25, 11.5, 7.75, 11.25], "texture": "#texture"}
			}
		},
		{
			"from": [7.25, 7.5, 9.125],
			"to": [8.75, 9.5, 11],
			"faces": {
				"north": {"uv": [7.25, 6.5, 8.75, 8.25], "texture": "#door_iron_lower"},
				"east": {"uv": [5, 6.5, 6.5, 8.25], "texture": "#door_iron_lower"},
				"south": {"uv": [7.25, 6.5, 8.75, 8.25], "texture": "#door_iron_lower"},
				"west": {"uv": [9.5, 6.5, 11, 8.25], "texture": "#door_iron_lower"},
				"up": {"uv": [0, 0, 0, 0], "texture": "#door_iron_lower"},
				"down": {"uv": [8.75, 11, 7.25, 9.5], "texture": "#door_iron_lower"}
			}
		},
		{
			"from": [7.25, 5.75, 9.375],
			"to": [8.75, 8, 11.45],
			"faces": {
				"north": {"uv": [7.25, 8.25, 8.75, 10.25], "texture": "#door_iron_lower"},
				"east": {"uv": [4.75, 8.25, 6.25, 10.25], "texture": "#door_iron_lower"},
				"south": {"uv": [7.25, 8.25, 8.75, 10.25], "texture": "#door_iron_lower"},
				"west": {"uv": [9.75, 8.25, 11.25, 10.25], "texture": "#door_iron_lower"},
				"up": {"uv": [7.25, 9.75, 8.75, 11.25], "texture": "#door_iron_lower"}
			}
		},
		{
			"from": [7.35, 5.75, 11.45],
			"to": [8.65, 7.05, 11.7],
			"faces": {
				"north": {"uv": [7.25, 8.25, 8.75, 10.25], "texture": "#door_iron_lower"},
				"east": {"uv": [4.75, 8.25, 6.25, 10.25], "texture": "#door_iron_lower"},
				"south": {"uv": [7.25, 8.25, 8.75, 10.25], "texture": "#door_iron_lower"},
				"west": {"uv": [9.75, 8.25, 11.25, 10.25], "texture": "#door_iron_lower"},
				"up": {"uv": [7.25, 9.75, 8.75, 11.25], "texture": "#door_iron_lower"},
				"down": {"uv": [0, 0, 0, 0], "texture": "#door_iron_lower"}
			}
		},
		{
			"from": [7.25, 9.5, 10.25],
			"to": [8.75, 9.75, 11],
			"faces": {
				"north": {"uv": [8.5, 6, 8.75, 6.5], "texture": "#door_iron_lower"},
				"east": {"uv": [5, 6, 5.75, 6.5], "texture": "#door_iron_lower"},
				"south": {"uv": [7.25, 6, 7.5, 6.5], "texture": "#door_iron_lower"},
				"west": {"uv": [10.25, 6, 11, 6.5], "texture": "#door_iron_lower"},
				"up": {"uv": [0, 0, 0, 0], "texture": "#door_iron_lower"}
			}
		},
		{
			"from": [7.5, 10.825, 1.125],
			"to": [7.75, 11.825, 2.5],
			"rotation": {"angle": 0, "axis": "y", "origin": [0, -0.05, 0.25]},
			"faces": {
				"north": {"uv": [8.25, 4, 8.5, 5], "texture": "#texture"},
				"east": {"uv": [13.75, 4, 15.25, 5], "texture": "#texture"},
				"west": {"uv": [0.75, 4, 2.25, 5], "texture": "#texture"},
				"up": {"uv": [7.5, 0.75, 7.75, 2.25], "texture": "#texture"}
			}
		},
		{
			"from": [8.25, 10.825, 1.125],
			"to": [8.5, 11.825, 2.5],
			"rotation": {"angle": 0, "axis": "y", "origin": [0, -0.05, 0.25]},
			"faces": {
				"north": {"uv": [7.5, 4, 7.75, 5], "texture": "#texture"},
				"east": {"uv": [13.75, 4, 15.25, 5], "texture": "#texture"},
				"west": {"uv": [0.75, 4, 2.25, 5], "texture": "#texture"},
				"up": {"uv": [8.25, 0.75, 8.5, 2.25], "texture": "#texture"}
			}
		},
		{
			"from": [7.75, 11.575, 1.125],
			"to": [8.25, 11.825, 2.5],
			"rotation": {"angle": 0, "axis": "y", "origin": [0, -0.05, 0.25]},
			"faces": {
				"north": {"uv": [7.75, 4, 8.25, 4.25], "texture": "#texture"},
				"up": {"uv": [7.75, 0.75, 8.25, 2.25], "texture": "#texture"},
				"down": {"uv": [8.25, 2.25, 7.75, 0.75], "texture": "#texture"}
			}
		},
		{
			"from": [7.5, 9.25, 11.25],
			"to": [8.5, 9.5, 11.425],
			"faces": {
				"east": {"uv": [4.5, 6.5, 4.75, 6.75], "texture": "#texture"},
				"south": {"uv": [7.5, 6.5, 8.5, 6.75], "texture": "#texture"},
				"west": {"uv": [11.25, 6.5, 11.5, 6.75], "texture": "#texture"},
				"down": {"uv": [8.5, 11.5, 7.5, 11.25], "texture": "#texture"}
			}
		},
		{
			"from": [7.25, 5.5, 9.375],
			"to": [8.75, 5.75, 11.45],
			"faces": {
				"north": {"uv": [7.25, 10.25, 8.75, 10.5], "texture": "#texture"},
				"east": {"uv": [4.75, 10.25, 6.25, 10.5], "texture": "#texture"},
				"south": {"uv": [7.25, 10.25, 8.75, 10.5], "texture": "#texture"},
				"west": {"uv": [9.75, 10.25, 11.25, 10.5], "texture": "#texture"},
				"down": {"uv": [8.75, 11.25, 7.25, 9.75], "texture": "#texture"}
			}
		},
		{
			"from": [7.875, 11.35, -3.25],
			"to": [8.125, 11.725, -2.25],
			"rotation": {"angle": 22.5, "axis": "x", "origin": [0, -0.05, 0.25]},
			"faces": {
				"north": {"uv": [7.875, 3.75, 8.125, 4], "texture": "#door_iron_lower"},
				"east": {"uv": [14.5, 3.75, 15, 4], "texture": "#door_iron_lower"},
				"south": {"uv": [7.875, 3.75, 8.125, 4], "texture": "#door_iron_lower"},
				"west": {"uv": [1, 3.75, 1.5, 4], "texture": "#door_iron_lower"},
				"up": {"uv": [7.875, 1, 8.125, 1.5], "texture": "#door_iron_lower"}
			}
		},
		{
			"from": [7.5, 8.75, 11],
			"to": [8.5, 9.5, 11.25],
			"faces": {
				"east": {"uv": [4.75, 6.5, 5, 7.5], "texture": "#texture"},
				"south": {"uv": [7.5, 6.5, 8.5, 7.5], "texture": "#texture"},
				"west": {"uv": [11, 6.5, 11.25, 7.5], "texture": "#texture"}
			}
		},
		{
			"from": [7.25, 7.75, 11],
			"to": [8.75, 8.75, 11.25],
			"faces": {
				"east": {"uv": [4.75, 7.5, 5, 8.25], "texture": "#door_iron_lower"},
				"south": {"uv": [7.25, 7.5, 8.75, 8.25], "texture": "#door_iron_lower"},
				"west": {"uv": [11, 7.5, 11.25, 8.25], "texture": "#door_iron_lower"},
				"up": {"uv": [7.25, 11, 8.75, 11.25], "texture": "#door_iron_lower"}
			}
		},
		{
			"from": [7.5, 11.775, 10.35],
			"to": [7.875, 12.1, 10.675],
			"rotation": {"angle": 0, "axis": "y", "origin": [0, -0.175, 0.25]},
			"faces": {
				"north": {"uv": [8.25, 3.75, 8.5, 4], "texture": "#door_iron_lower"},
				"east": {"uv": [5, 3.75, 5.5, 4], "texture": "#door_iron_lower"},
				"south": {"uv": [7.5, 3.75, 7.75, 4], "texture": "#door_iron_lower"},
				"west": {"uv": [10.5, 3.75, 11, 4], "texture": "#door_iron_lower"},
				"up": {"uv": [7.5, 10.5, 7.75, 11], "texture": "#door_iron_lower"}
			}
		},
		{
			"from": [7.5, 11.775, 10.675],
			"to": [7.875, 12.225, 10.8],
			"rotation": {"angle": 0, "axis": "y", "origin": [0, -0.175, 0.25]},
			"faces": {
				"north": {"uv": [8.25, 3.75, 8.5, 4], "texture": "#door_iron_lower"},
				"east": {"uv": [5, 3.75, 5.5, 4], "texture": "#door_iron_lower"},
				"south": {"uv": [7.5, 3.75, 7.75, 4], "texture": "#door_iron_lower"},
				"west": {"uv": [10.5, 3.75, 11, 4], "texture": "#door_iron_lower"},
				"up": {"uv": [7.5, 10.5, 7.75, 11], "texture": "#door_iron_lower"}
			}
		},
		{
			"from": [7.5, 7.05, 14.275],
			"to": [7.875, 7.3, 14.625],
			"rotation": {"angle": -22.5, "axis": "x", "origin": [0, -0.175, 0.25]},
			"faces": {
				"north": {"uv": [8.25, 3.75, 8.5, 4], "texture": "#door_iron_lower"},
				"east": {"uv": [5, 3.75, 5.5, 4], "texture": "#door_iron_lower"},
				"south": {"uv": [7.5, 3.75, 7.75, 4], "texture": "#door_iron_lower"},
				"west": {"uv": [10.5, 3.75, 11, 4], "texture": "#door_iron_lower"},
				"up": {"uv": [7.5, 10.5, 7.75, 11], "texture": "#door_iron_lower"}
			}
		},
		{
			"from": [8.125, 11.775, 10.35],
			"to": [8.5, 12.1, 10.675],
			"rotation": {"angle": 0, "axis": "y", "origin": [0.625, -0.175, 0.25]},
			"faces": {
				"north": {"uv": [8.25, 3.75, 8.5, 4], "texture": "#door_iron_lower"},
				"east": {"uv": [5, 3.75, 5.5, 4], "texture": "#door_iron_lower"},
				"south": {"uv": [7.5, 3.75, 7.75, 4], "texture": "#door_iron_lower"},
				"west": {"uv": [10.5, 3.75, 11, 4], "texture": "#door_iron_lower"},
				"up": {"uv": [7.5, 10.5, 7.75, 11], "texture": "#door_iron_lower"}
			}
		},
		{
			"from": [8.125, 11.775, 10.675],
			"to": [8.5, 12.225, 10.8],
			"rotation": {"angle": 0, "axis": "y", "origin": [0.625, -0.175, 0.25]},
			"faces": {
				"north": {"uv": [8.25, 3.75, 8.5, 4], "texture": "#door_iron_lower"},
				"east": {"uv": [5, 3.75, 5.5, 4], "texture": "#door_iron_lower"},
				"south": {"uv": [7.5, 3.75, 7.75, 4], "texture": "#door_iron_lower"},
				"west": {"uv": [10.5, 3.75, 11, 4], "texture": "#door_iron_lower"},
				"up": {"uv": [7.5, 10.5, 7.75, 11], "texture": "#door_iron_lower"}
			}
		},
		{
			"from": [8.125, 7.05, 14.275],
			"to": [8.5, 7.3, 14.625],
			"rotation": {"angle": -22.5, "axis": "x", "origin": [0.625, -0.175, 0.25]},
			"faces": {
				"north": {"uv": [8.25, 3.75, 8.5, 4], "texture": "#door_iron_lower"},
				"east": {"uv": [5, 3.75, 5.5, 4], "texture": "#door_iron_lower"},
				"south": {"uv": [7.5, 3.75, 7.75, 4], "texture": "#door_iron_lower"},
				"west": {"uv": [10.5, 3.75, 11, 4], "texture": "#door_iron_lower"},
				"up": {"uv": [7.5, 10.5, 7.75, 11], "texture": "#door_iron_lower"}
			}
		},
		{
			"from": [7.75, 11.925, 10.35],
			"to": [8.25, 12.05, 10.8],
			"rotation": {"angle": 0, "axis": "y", "origin": [0, 0, 0.25]},
			"faces": {
				"north": {"uv": [8.25, 3.75, 8.5, 4], "texture": "#door_iron_lower"},
				"east": {"uv": [5, 3.75, 5.5, 4], "texture": "#door_iron_lower"},
				"south": {"uv": [7.5, 3.75, 7.75, 4], "texture": "#door_iron_lower"},
				"west": {"uv": [10.5, 3.75, 11, 4], "texture": "#door_iron_lower"},
				"up": {"uv": [7.5, 10.5, 7.75, 11], "texture": "#door_iron_lower"}
			}
		}
	],
	"gui_light": "front",
	"display": {
		"thirdperson_righthand": {
			"translation": [0, -0.5, 0],
			"scale": [0.9, 0.9, 0.91]
		},
		"thirdperson_lefthand": {
			"translation": [0, -1.25, 0],
			"scale": [0.9, 0.9, 0.91]
		},
		"firstperson_righthand": {
			"translation": [0, 1, -1],
			"scale": [1.2, 1.2, 1.2]
		},
		"firstperson_lefthand": {
			"translation": [0, 1, -1],
			"scale": [1.34, 1.34, 1.34]
		},
		"ground": {
			"translation": [0, 0, 1.25],
			"scale": [1.1, 1.1, 1.11]
		},
		"gui": {
			"rotation": [90, 45, -90],
			"translation": [-0.5, -2, 0],
			"scale": [0.97, 1.05, 1.06]
		},
		"head": {
			"rotation": [0, -93, 7],
			"translation": [0, 10.25, 0]
		},
		"fixed": {
			"rotation": [90, -45, 90],
			"translation": [0.75, -2.25, 0],
			"scale": [1.37, 1.37, 1.38]
		}
	},
	"groups": [
		{
			"name": "Desert Eagle",
			"origin": [8, 8, 8],
			"color": 0,
			"children": [
				{
					"name": "deagle",
					"origin": [8, 8, 8],
					"color": 0,
					"children": [0, 1, 2, 3, 4, 5, 6, 7, 8, 9, 10, 11, 12, 13, 14, 15, 16, 17, 18, 19, 20, 21, 22, 23, 24, 25, 26, 27, 28, 29, 30, 31, 32, 33, 34, 35, 36, 37, 38, 39, 40, 41, 42, 43, 44]
				}
			]
		}
	]
}