{
	"credit": "Made by SrDarmith - YouTube: Mainclay",
	"textures": {
		"texture": "block/anvil_1"
	},
	"elements": [
		{
			"from": [10, 9.95, 7.375],
			"to": [18.7, 10.7, 8],
			"rotation": {"angle": 0, "axis": "y", "origin": [6, 0, 0]},
			"faces": {
				"north": {"uv": [3.5, 4.75, 14, 5.75], "texture": "#texture"},
				"east": {"uv": [8, 4.75, 8.75, 5.75], "texture": "#texture"},
				"south": {"uv": [2, 4.75, 12.5, 5.75], "texture": "#texture"},
				"west": {"uv": [7.25, 4.75, 8, 5.75], "texture": "#texture"},
				"up": {"uv": [2, 7.25, 12.5, 8], "texture": "#texture"},
				"down": {"uv": [14, 8, 3.5, 7.25], "texture": "#texture"}
			}
		},
		{
			"from": [9.75, 9.425, 7.55],
			"to": [18.5, 10.2, 8.95],
			"rotation": {"angle": 0, "axis": "y", "origin": [6, 0, 0]},
			"faces": {
				"north": {"uv": [3.25, 5.75, 12.5, 6], "texture": "#texture"},
				"east": {"uv": [6.75, 5.75, 8.75, 6], "texture": "#texture"},
				"south": {"uv": [3.5, 5.75, 12.75, 6], "texture": "#texture"},
				"west": {"uv": [7.25, 5.75, 9.25, 6], "texture": "#texture"},
				"up": {"uv": [3.5, 7.25, 12.75, 9.25], "texture": "#texture"},
				"down": {"uv": [12.5, 9.25, 3.25, 7.25], "texture": "#texture"}
			}
		},
		{
			"from": [15.25, 9.425, 7.45],
			"to": [19, 10.2, 9.05],
			"rotation": {"angle": 0, "axis": "y", "origin": [6, 0, 0]},
			"faces": {
				"north": {"uv": [3.25, 5.75, 12.5, 6], "texture": "#texture"},
				"east": {"uv": [6.75, 5.75, 8.75, 6], "texture": "#texture"},
				"south": {"uv": [3.5, 5.75, 12.75, 6], "texture": "#texture"},
				"west": {"uv": [7.25, 5.75, 9.25, 6], "texture": "#texture"},
				"up": {"uv": [3.5, 7.25, 12.75, 9.25], "texture": "#texture"},
				"down": {"uv": [12.5, 9.25, 3.25, 7.25], "texture": "#texture"}
			}
		},
		{
			"from": [9, 9.475, 7.75],
			"to": [18.5, 10.325, 8.75],
			"rotation": {"angle": 0, "axis": "y", "origin": [6, 0, 0]},
			"faces": {
				"north": {"uv": [4.5, 5.5, 14, 6.5], "texture": "#texture"},
				"east": {"uv": [7.25, 5.5, 8.25, 6.5], "texture": "#texture"},
				"south": {"uv": [2, 5.5, 11.5, 6.5], "texture": "#texture"},
				"west": {"uv": [7.75, 5.5, 8.75, 6.5], "texture": "#texture"},
				"up": {"uv": [2, 7.75, 11.5, 8.75], "texture": "#texture"},
				"down": {"uv": [14, 8.75, 4.5, 7.75], "texture": "#texture"}
			}
		},
		{
			"from": [9.75, 9.25, 7.6],
			"to": [18.3, 9.5, 8.9],
			"rotation": {"angle": 0, "axis": "y", "origin": [6, 0, 0]},
			"faces": {
				"north": {"uv": [3.5, 6, 12.25, 6.75], "texture": "#texture"},
				"east": {"uv": [7, 6, 8.5, 6.75], "texture": "#texture"},
				"south": {"uv": [3.75, 6, 12.5, 6.75], "texture": "#texture"},
				"west": {"uv": [7.5, 6, 9, 6.75], "texture": "#texture"},
				"down": {"uv": [12.25, 9, 3.5, 7.5], "texture": "#texture"}
			}
		},
		{
			"from": [9.75, 10.725, 7.875],
			"to": [15.25, 11.35, 8.625],
			"rotation": {"angle": 0, "axis": "y", "origin": [6, 0, 0]},
			"faces": {
				"north": {"uv": [9, 4.25, 14, 4.5], "texture": "#texture"},
				"east": {"uv": [7, 4.25, 8.5, 4.5], "texture": "#texture"},
				"south": {"uv": [2, 4.25, 7, 4.5], "texture": "#texture"},
				"west": {"uv": [7.5, 4.25, 9, 4.5], "texture": "#texture"},
				"up": {"uv": [2, 7.5, 7, 9], "texture": "#texture"}
			}
		},
		{
			"from": [15.25, 10.775, 7.75],
			"to": [18.25, 11.525, 8.75],
			"rotation": {"angle": 0, "axis": "y", "origin": [6, 0, 0]},
			"faces": {
				"north": {"uv": [3.5, 4.25, 7, 4.5], "texture": "#texture"},
				"east": {"uv": [7, 4.25, 8.5, 4.5], "texture": "#texture"},
				"south": {"uv": [9, 4.25, 12.5, 4.5], "texture": "#texture"},
				"west": {"uv": [7.5, 4.25, 9, 4.5], "texture": "#texture"},
				"up": {"uv": [9, 7.5, 12.5, 9], "texture": "#texture"}
			}
		},
		{
			"from": [9, 10.7, 7.5],
			"to": [9.75, 11.2, 9],
			"rotation": {"angle": 0, "axis": "y", "origin": [6, 0, 0]},
			"faces": {
				"north": {"uv": [3.5, 4.5, 7, 5.75], "texture": "#texture"},
				"east": {"uv": [7, 4.5, 8.5, 5.75], "texture": "#texture"},
				"south": {"uv": [9, 4.5, 12.5, 5.75], "texture": "#texture"},
				"west": {"uv": [7.5, 4.5, 9, 5.75], "texture": "#texture"},
				"up": {"uv": [10, 8, 11, 9], "texture": "#texture"},
				"down": {"uv": [0, 0, 0, 0], "texture": "#texture"}
			}
		},
		{
			"from": [9, 10.925, 7.75],
			"to": [9.75, 11.525, 8.75],
			"rotation": {"angle": 0, "axis": "y", "origin": [6, 0, 0]},
			"faces": {
				"north": {"uv": [3.5, 4.25, 7, 4.5], "texture": "#texture"},
				"east": {"uv": [7, 4.25, 8.5, 4.5], "texture": "#texture"},
				"south": {"uv": [9, 4.25, 12.5, 4.5], "texture": "#texture"},
				"west": {"uv": [7.5, 4.25, 9, 4.5], "texture": "#texture"},
				"up": {"uv": [9, 7.5, 12.5, 9], "texture": "#texture"}
			}
		},
		{
			"from": [13.2, 9.225, 8.125],
			"to": [13.675, 9.525, 8.375],
			"rotation": {"angle": 22.5, "axis": "z", "origin": [6, 0, 0]},
			"faces": {
				"north": {"uv": [13, 4, 13.75, 4.25], "texture": "#texture"},
				"east": {"uv": [7.5, 4, 8, 4.25], "texture": "#texture"},
				"south": {"uv": [2.25, 4, 3, 4.25], "texture": "#texture"},
				"west": {"uv": [8, 4, 8.5, 4.25], "texture": "#texture"},
				"up": {"uv": [2.25, 8, 3, 8.5], "texture": "#texture"}
			}
		},
		{
			"from": [15.25, 10.525, 7.5],
			"to": [18.5, 11.2, 9],
			"rotation": {"angle": 0, "axis": "y", "origin": [6, 0, 0]},
			"faces": {
				"north": {"uv": [3.5, 4.5, 7, 5.75], "texture": "#texture"},
				"east": {"uv": [7, 4.5, 8.5, 5.75], "texture": "#texture"},
				"south": {"uv": [9, 4.5, 12.5, 5.75], "texture": "#texture"},
				"west": {"uv": [7.5, 4.5, 9, 5.75], "texture": "#texture"},
				"up": {"uv": [10, 8, 11, 9], "texture": "#texture"},
				"down": {"uv": [0, 0, 0, 0], "texture": "#texture"}
			}
		},
		{
			"from": [9.75, 10.7, 7.5],
			"to": [15.25, 10.95, 9],
			"rotation": {"angle": 0, "axis": "y", "origin": [6, 0, 0]},
			"faces": {
				"north": {"uv": [3.5, 4.5, 7, 5.75], "texture": "#texture"},
				"east": {"uv": [7, 4.5, 8.5, 5.75], "texture": "#texture"},
				"south": {"uv": [9, 4.5, 12.5, 5.75], "texture": "#texture"},
				"west": {"uv": [7.5, 4.5, 9, 5.75], "texture": "#texture"},
				"up": {"uv": [10, 8, 11, 9], "texture": "#texture"},
				"down": {"uv": [0, 0, 0, 0], "texture": "#texture"}
			}
		},
		{
			"from": [9.75, 10.675, 7.625],
			"to": [15.25, 11.15, 8.875],
			"rotation": {"angle": 0, "axis": "y", "origin": [6, 0, 0]},
			"faces": {
				"north": {"uv": [9, 4.5, 14, 4.75], "texture": "#texture"},
				"east": {"uv": [7, 4.5, 8.5, 4.75], "texture": "#texture"},
				"south": {"uv": [2, 4.5, 7, 4.75], "texture": "#texture"},
				"west": {"uv": [7.5, 4.5, 9, 4.75], "texture": "#texture"},
				"up": {"uv": [10, 8, 11, 9], "texture": "#texture"},
				"down": {"uv": [14, 9, 9, 7.5], "texture": "#texture"}
			}
		},
		{
			"from": [8.525, 10.575, 7.75],
			"to": [9, 11.075, 8],
			"rotation": {"angle": 0, "axis": "y", "origin": [6, 0, 0]},
			"faces": {
				"north": {"uv": [8, 4.5, 8.25, 5.5], "texture": "#texture"},
				"east": {"uv": [8, 4.5, 8.25, 5.5], "texture": "#texture"},
				"south": {"uv": [7.75, 4.5, 8, 5.5], "texture": "#texture"},
				"west": {"uv": [7.75, 4.5, 8, 5.5], "texture": "#texture"},
				"up": {"uv": [7.75, 4.75, 8, 5], "texture": "#texture"},
				"down": {"uv": [8.25, 5, 8, 4.75], "texture": "#texture"}
			}
		},
		{
			"from": [8.525, 10.575, 8.5],
			"to": [9, 11.075, 8.75],
			"rotation": {"angle": 0, "axis": "y", "origin": [6, 0, 0]},
			"faces": {
				"north": {"uv": [8, 4.5, 8.25, 5.5], "texture": "#texture"},
				"east": {"uv": [7.25, 4.5, 7.5, 5.5], "texture": "#texture"},
				"south": {"uv": [7.75, 4.5, 8, 5.5], "texture": "#texture"},
				"west": {"uv": [8.5, 4.5, 8.75, 5.5], "texture": "#texture"},
				"up": {"uv": [7.75, 5.5, 8, 5.75], "texture": "#texture"},
				"down": {"uv": [8.25, 5.75, 8, 5.5], "texture": "#texture"}
			}
		},
		{
			"from": [17.75, 9.25, 7.75],
			"to": [19.65, 9.5, 8.75],
			"rotation": {"angle": 0, "axis": "y", "origin": [6, 0.25, 0]},
			"faces": {
				"north": {"uv": [2.5, 7, 8.5, 7.25], "texture": "#texture"},
				"east": {"uv": [7.25, 7, 8.25, 7.25], "texture": "#texture"},
				"south": {"uv": [7.5, 7, 13.5, 7.25], "texture": "#texture"},
				"west": {"uv": [7.75, 7, 8.75, 7.25], "texture": "#texture"},
				"up": {"uv": [7.5, 7.75, 13.5, 8.75], "texture": "#texture"},
				"down": {"uv": [8.5, 8.75, 2.5, 7.75], "texture": "#texture"}
			}
		},
		{
			"from": [8.525, 10.325, 8],
			"to": [9, 10.575, 8.5],
			"rotation": {"angle": 0, "axis": "y", "origin": [6, 0, 0]},
			"faces": {
				"north": {"uv": [0, 0, 0, 0], "texture": "#texture"},
				"east": {"uv": [7.5, 5.25, 8, 5.5], "texture": "#texture"},
				"south": {"uv": [6, 0, 6, 0], "texture": "#texture"},
				"west": {"uv": [8, 5.25, 8.5, 5.5], "texture": "#texture"},
				"up": {"uv": [7.75, 5, 8, 5.5], "texture": "#texture"},
				"down": {"uv": [8.25, 5.5, 8, 5], "texture": "#texture"}
			}
		},
		{
			"from": [10, 9.95, 8.5],
			"to": [18.7, 10.7, 9.125],
			"rotation": {"angle": 0, "axis": "y", "origin": [6, 0, 0]},
			"faces": {
				"north": {"uv": [3.5, 4.75, 14, 5.75], "texture": "#texture"},
				"east": {"uv": [6.75, 4.75, 7.5, 5.75], "texture": "#texture"},
				"south": {"uv": [2, 4.75, 12.5, 5.75], "texture": "#texture"},
				"west": {"uv": [8.5, 4.75, 9.25, 5.75], "texture": "#texture"},
				"up": {"uv": [2, 8.5, 12.5, 9.25], "texture": "#texture"},
				"down": {"uv": [14, 9.25, 3.5, 8.5], "texture": "#texture"}
			}
		},
		{
			"from": [9, 9.95, 7.5],
			"to": [10.05, 10.7, 8],
			"rotation": {"angle": 0, "axis": "y", "origin": [6, 0, 0]},
			"faces": {
				"north": {"uv": [3.5, 4.75, 14, 5.75], "texture": "#texture"},
				"east": {"uv": [8, 4.75, 8.75, 5.75], "texture": "#texture"},
				"south": {"uv": [2, 4.75, 12.5, 5.75], "texture": "#texture"},
				"west": {"uv": [7.25, 4.75, 8, 5.75], "texture": "#texture"},
				"up": {"uv": [2, 7.25, 12.5, 8], "texture": "#texture"},
				"down": {"uv": [14, 8, 3.5, 7.25], "texture": "#texture"}
			}
		},
		{
			"from": [9, 9.95, 8.5],
			"to": [10.05, 10.7, 9],
			"rotation": {"angle": 0, "axis": "y", "origin": [6, 0, 0]},
			"faces": {
				"north": {"uv": [3.5, 4.75, 14, 5.75], "texture": "#texture"},
				"east": {"uv": [6.75, 4.75, 7.5, 5.75], "texture": "#texture"},
				"south": {"uv": [2, 4.75, 12.5, 5.75], "texture": "#texture"},
				"west": {"uv": [8.5, 4.75, 9.25, 5.75], "texture": "#texture"},
				"up": {"uv": [2, 8.5, 12.5, 9.25], "texture": "#texture"},
				"down": {"uv": [14, 9.25, 3.5, 8.5], "texture": "#texture"}
			}
		},
		{
			"from": [8.525, 11.075, 8],
			"to": [9, 11.325, 8.5],
			"rotation": {"angle": 0, "axis": "y", "origin": [6, 0, 0]},
			"faces": {
				"north": {"uv": [8, 5, 9, 6], "texture": "#texture"},
				"east": {"uv": [0, 0, 0, 0], "texture": "#texture"},
				"south": {"uv": [6, 0, 6, 0], "texture": "#texture"},
				"west": {"uv": [8, 4.5, 8.5, 4.75], "texture": "#texture"},
				"up": {"uv": [7.75, 5, 8, 5.5], "texture": "#texture"},
				"down": {"uv": [8.25, 5.5, 8, 5], "texture": "#texture"}
			}
		},
		{
			"from": [13.75, 7.75, 8],
			"to": [14, 9, 8.5],
			"rotation": {"angle": 0, "axis": "y", "origin": [6, 0.25, 0]},
			"faces": {
				"north": {"uv": [7.75, 7.25, 8, 8.5], "texture": "#texture"},
				"east": {"uv": [7.5, 7.25, 8, 8.5], "texture": "#texture"},
				"south": {"uv": [8, 7.25, 8.25, 8.5], "texture": "#texture"},
				"west": {"uv": [8, 7.25, 8.5, 8.5], "texture": "#texture"},
				"down": {"uv": [8, 8.5, 7.75, 8], "texture": "#texture"}
			}
		},
		{
			"from": [15.75, 7.5, 8],
			"to": [16.5, 7.75, 8.5],
			"rotation": {"angle": 0, "axis": "y", "origin": [6, 0.25, 0]},
			"faces": {
				"north": {"uv": [5.75, 8.5, 7.75, 8.75], "texture": "#texture"},
				"south": {"uv": [8.25, 8.5, 10.25, 8.75], "texture": "#texture"},
				"west": {"uv": [8, 8.5, 8.5, 8.75], "texture": "#texture"},
				"up": {"uv": [8.25, 8, 10.25, 8.5], "texture": "#texture"},
				"down": {"uv": [7.75, 8.5, 5.75, 8], "texture": "#texture"}
			}
		},
		{
			"from": [13.675, 7.5, 8],
			"to": [14.25, 7.75, 8.5],
			"rotation": {"angle": 0, "axis": "y", "origin": [6, 0.25, 0]},
			"faces": {
				"north": {"uv": [5.75, 8.5, 7.75, 8.75], "texture": "#texture"},
				"east": {"uv": [0, 0, 0, 0], "texture": "#texture"},
				"south": {"uv": [8.25, 8.5, 10.25, 8.75], "texture": "#texture"},
				"west": {"uv": [8, 8.5, 8.5, 8.75], "texture": "#texture"},
				"up": {"uv": [8.25, 8, 10.25, 8.5], "texture": "#texture"},
				"down": {"uv": [7.75, 8.5, 5.75, 8], "texture": "#texture"}
			}
		},
		{
			"from": [13.675, 8.75, 8],
			"to": [13.75, 9, 8.5],
			"rotation": {"angle": 0, "axis": "y", "origin": [6, 0.25, 0]},
			"faces": {
				"north": {"uv": [5.75, 8.5, 7.75, 8.75], "texture": "#texture"},
				"east": {"uv": [0, 0, 0, 0], "texture": "#texture"},
				"south": {"uv": [8.25, 8.5, 10.25, 8.75], "texture": "#texture"},
				"west": {"uv": [8, 8.5, 8.5, 8.75], "texture": "#texture"},
				"up": {"uv": [8.25, 8, 10.25, 8.5], "texture": "#texture"},
				"down": {"uv": [7.75, 8.5, 5.75, 8], "texture": "#texture"}
			}
		},
		{
			"from": [14.25, 7.25, 8],
			"to": [15.75, 7.5, 8.5],
			"rotation": {"angle": 0, "axis": "y", "origin": [6, 0.25, 0]},
			"faces": {
				"north": {"uv": [5.75, 8.5, 7.75, 8.75], "texture": "#texture"},
				"east": {"uv": [0, 0, 0, 0], "texture": "#texture"},
				"south": {"uv": [8.25, 8.5, 10.25, 8.75], "texture": "#texture"},
				"west": {"uv": [8, 8.5, 8.5, 8.75], "texture": "#texture"},
				"up": {"uv": [8.25, 8, 10.25, 8.5], "texture": "#texture"},
				"down": {"uv": [7.75, 8.5, 5.75, 8], "texture": "#texture"}
			}
		},
		{
			"from": [16.5, 8.5, 7.75],
			"to": [19.25, 8.75, 8.75],
			"rotation": {"angle": 0, "axis": "y", "origin": [6, 0, 0]},
			"faces": {
				"north": {"uv": [2.75, 7.25, 5.5, 7.5], "texture": "#texture"},
				"east": {"uv": [7.25, 7.25, 8.25, 7.5], "texture": "#texture"},
				"south": {"uv": [10.5, 7.25, 13.25, 7.5], "texture": "#texture"},
				"down": {"uv": [5.5, 8.75, 2.75, 7.75], "texture": "#texture"}
			}
		},
		{
			"from": [16.25, 7, 7.75],
			"to": [16.75, 9, 8.75],
			"rotation": {"angle": 0, "axis": "y", "origin": [6, 0, 0]},
			"faces": {
				"north": {"uv": [5.5, 7.25, 5.75, 9.25], "texture": "#texture"},
				"east": {"uv": [7.25, 7.25, 8.25, 9.25], "texture": "#texture"},
				"south": {"uv": [10.25, 7.25, 10.5, 9.25], "texture": "#texture"},
				"west": {"uv": [7.75, 7.25, 8.75, 9.25], "texture": "#texture"},
				"down": {"uv": [5.75, 8.75, 5.5, 7.75], "texture": "#texture"}
			}
		},
		{
			"from": [16.75, 7.25, 7.75],
			"to": [19.25, 7.5, 8.75],
			"rotation": {"angle": 0, "axis": "y", "origin": [6, 0, 0]},
			"faces": {
				"north": {"uv": [3, 8.5, 5.5, 9.25], "texture": "#texture"},
				"east": {"uv": [7.25, 8.5, 8.25, 9.25], "texture": "#texture"},
				"south": {"uv": [10.5, 8.5, 13, 9.25], "texture": "#texture"},
				"west": {"uv": [0, 0, 0, 0], "texture": "#texture"},
				"up": {"uv": [0, 0, 0, 0], "texture": "#texture"},
				"down": {"uv": [0, 0, 0, 0], "texture": "#texture"}
			}
		},
		{
			"from": [16.75, 7.25, 7.75],
			"to": [19, 7.5, 8.75],
			"rotation": {"angle": 0, "axis": "y", "origin": [6, 0, 0]},
			"faces": {
				"north": {"uv": [3, 8.5, 5.5, 9.25], "texture": "#texture"},
				"east": {"uv": [7.25, 8.5, 8.25, 9.25], "texture": "#texture"},
				"south": {"uv": [10.5, 8.5, 13, 9.25], "texture": "#texture"},
				"west": {"uv": [0, 0, 0, 0], "texture": "#texture"},
				"up": {"uv": [0, 0, 0, 0], "texture": "#texture"},
				"down": {"uv": [0, 0, 0, 0], "texture": "#texture"}
			}
		},
		{
			"from": [16.5, 5.5, 7.75],
			"to": [19, 7.25, 8.75],
			"rotation": {"angle": 0, "axis": "y", "origin": [6, 0, 0]},
			"faces": {
				"north": {"uv": [2.75, 9.25, 5.5, 9.75], "texture": "#texture"},
				"east": {"uv": [7.25, 9.25, 8.25, 9.75], "texture": "#texture"},
				"south": {"uv": [10.5, 9.25, 13.25, 9.75], "texture": "#texture"},
				"west": {"uv": [7.75, 9.25, 8.75, 9.75], "texture": "#texture"},
				"up": {"uv": [10.5, 7.75, 13.25, 8.75], "texture": "#texture"},
				"down": {"uv": [5.5, 8.75, 2.75, 7.75], "texture": "#texture"}
			}
		},
		{
			"from": [17, 5.25, 7.75],
			"to": [19.25, 7.25, 8.75],
			"rotation": {"angle": 0, "axis": "y", "origin": [6, 0, 0]},
			"faces": {
				"north": {"uv": [2.75, 9.25, 5.5, 9.75], "texture": "#texture"},
				"east": {"uv": [7.25, 9.25, 8.25, 9.75], "texture": "#texture"},
				"south": {"uv": [10.5, 9.25, 13.25, 9.75], "texture": "#texture"},
				"west": {"uv": [7.75, 9.25, 8.75, 9.75], "texture": "#texture"},
				"up": {"uv": [10.5, 7.75, 13.25, 8.75], "texture": "#texture"},
				"down": {"uv": [5.5, 8.75, 2.75, 7.75], "texture": "#texture"}
			}
		},
		{
			"from": [18.625, 10.2, 8],
			"to": [19.625, 10.7, 8.5],
			"rotation": {"angle": 22.5, "axis": "z", "origin": [18.75, 10.5, 8]},
			"faces": {
				"north": {"uv": [7.5, 10.75, 8.75, 11.25], "texture": "#texture"},
				"east": {"uv": [7.25, 10.75, 8.25, 11.25], "texture": "#texture"},
				"south": {"uv": [14.25, 10.75, 15.5, 11.25], "texture": "#texture"},
				"up": {"uv": [14.25, 7.75, 15.5, 8.75], "texture": "#texture"},
				"down": {"uv": [1.75, 8.75, 0.5, 7.75], "texture": "#texture"}
			}
		},
		{
			"from": [21.6875, 3.8625, 7.775],
			"to": [21.9625, 5.3625, 8.725],
			"rotation": {"angle": 22.5, "axis": "z", "origin": [6, 0, 0]},
			"faces": {
				"north": {"uv": [2.25, 11.75, 4.75, 12.5], "texture": "#texture"},
				"east": {"uv": [7.25, 11.75, 8.25, 12.5], "texture": "#texture"},
				"south": {"uv": [11.25, 11.75, 13.75, 12.5], "texture": "#texture"},
				"west": {"uv": [7.75, 11.75, 8.75, 12.5], "texture": "#texture"},
				"up": {"uv": [11.25, 7.75, 13.75, 8.75], "texture": "#texture"},
				"down": {"uv": [4.75, 8.75, 2.25, 7.75], "texture": "#texture"}
			}
		},
		{
			"from": [22.5375, -1.0125, 7.775],
			"to": [22.8125, -0.5125, 8.725],
			"rotation": {"angle": 45, "axis": "z", "origin": [6, 0, 0]},
			"faces": {
				"north": {"uv": [2.25, 11.75, 4.75, 12.5], "texture": "#texture"},
				"east": {"uv": [7.25, 11.75, 8.25, 12.5], "texture": "#texture"},
				"south": {"uv": [11.25, 11.75, 13.75, 12.5], "texture": "#texture"},
				"west": {"uv": [7.75, 11.75, 8.75, 12.5], "texture": "#texture"},
				"up": {"uv": [11.25, 7.75, 13.75, 8.75], "texture": "#texture"},
				"down": {"uv": [4.75, 8.75, 2.25, 7.75], "texture": "#texture"}
			}
		},
		{
			"from": [18.3, 8.95, 7.55],
			"to": [19.275, 9.9, 8.95],
			"rotation": {"angle": 0, "axis": "y", "origin": [6, 0, 0]},
			"faces": {
				"north": {"uv": [3.25, 4.75, 3.5, 6.75], "texture": "#texture"},
				"east": {"uv": [7.25, 4.75, 8.25, 6.75], "texture": "#texture"},
				"south": {"uv": [12.5, 4.75, 12.75, 6.75], "texture": "#texture"},
				"west": {"uv": [7.75, 4.75, 8.75, 6.75], "texture": "#texture"},
				"up": {"uv": [12.5, 7.75, 12.75, 8.75], "texture": "#texture"}
			}
		},
		{
			"from": [18.3, 9.8, 7.55],
			"to": [19.05, 10.35, 8.95],
			"rotation": {"angle": 0, "axis": "y", "origin": [6, 0, 0]},
			"faces": {
				"north": {"uv": [3.25, 4.75, 3.5, 6.75], "texture": "#texture"},
				"east": {"uv": [7.25, 4.75, 8.25, 6.75], "texture": "#texture"},
				"south": {"uv": [12.5, 4.75, 12.75, 6.75], "texture": "#texture"},
				"west": {"uv": [7.75, 4.75, 8.75, 6.75], "texture": "#texture"},
				"up": {"uv": [12.5, 7.75, 12.75, 8.75], "texture": "#texture"}
			}
		},
		{
			"from": [18.3, 10.35, 7.525],
			"to": [18.85, 10.8, 8.975],
			"rotation": {"angle": 0, "axis": "y", "origin": [6, 0, 0]},
			"faces": {
				"north": {"uv": [3.25, 4.75, 3.5, 6.75], "texture": "#texture"},
				"east": {"uv": [7.25, 4.75, 8.25, 6.75], "texture": "#texture"},
				"south": {"uv": [12.5, 4.75, 12.75, 6.75], "texture": "#texture"},
				"west": {"uv": [7.75, 4.75, 8.75, 6.75], "texture": "#texture"},
				"up": {"uv": [12.5, 7.75, 12.75, 8.75], "texture": "#texture"}
			}
		},
		{
			"from": [18.5, 10.8, 7.525],
			"to": [18.7, 11.175, 8.975],
			"rotation": {"angle": 0, "axis": "y", "origin": [6, 0, 0]},
			"faces": {
				"north": {"uv": [3.25, 4.75, 3.5, 6.75], "texture": "#texture"},
				"east": {"uv": [7.25, 4.75, 8.25, 6.75], "texture": "#texture"},
				"south": {"uv": [12.5, 4.75, 12.75, 6.75], "texture": "#texture"},
				"west": {"uv": [7.75, 4.75, 8.75, 6.75], "texture": "#texture"},
				"up": {"uv": [12.5, 7.75, 12.75, 8.75], "texture": "#texture"}
			}
		},
		{
			"from": [16.75, 6.25, 7.5],
			"to": [19, 8.875, 9],
			"rotation": {"angle": 0, "axis": "y", "origin": [6, 0, 0]},
			"faces": {
				"north": {"uv": [15, 11, 16, 12], "texture": "#texture"},
				"east": {"uv": [15, 11, 16, 12], "texture": "#texture"},
				"south": {"uv": [15, 11, 16, 12], "texture": "#texture"},
				"west": {"uv": [15, 11, 16, 12], "texture": "#texture"},
				"up": {"uv": [7.5, 7.75, 9.5, 8.75], "texture": "#texture"},
				"down": {"uv": [8.5, 8.75, 6.5, 7.75], "texture": "#texture"}
			}
		},
		{
			"from": [17, 4.5, 7.5],
			"to": [19.25, 6.5, 9],
			"rotation": {"angle": 0, "axis": "y", "origin": [6, 0, 0]},
			"faces": {
				"north": {"uv": [15.05, 11, 16, 11.95], "texture": "#texture"},
				"east": {"uv": [15.1, 11.1, 16, 11.95], "texture": "#texture"},
				"south": {"uv": [15.05, 11, 16, 11.95], "texture": "#texture"},
				"west": {"uv": [15.1, 11.1, 16, 11.95], "texture": "#texture"},
				"up": {"uv": [11.25, 7.5, 13, 9], "texture": "#texture"},
				"down": {"uv": [4.75, 9, 3, 7.5], "texture": "#texture"}
			}
		},
		{
			"from": [15.6, 7.575, 8],
			"to": [15.85, 9.075, 8.5],
			"rotation": {"angle": -22.5, "axis": "z", "origin": [16, 9.25, 8]},
			"faces": {
				"north": {"uv": [7.75, 1.25, 8.25, 2.75], "texture": "#texture"},
				"east": {"uv": [7.25, 1.25, 8.25, 2.75], "texture": "#texture"},
				"south": {"uv": [7.75, 1.25, 8.25, 2.75], "texture": "#texture"},
				"west": {"uv": [7.75, 1.25, 8.75, 2.75], "texture": "#texture"},
				"down": {"uv": [8.25, 8.75, 7.75, 7.75], "texture": "#texture"}
			}
		},
		{
			"from": [16.75, 4, 7.75],
			"to": [18.25, 5.5, 8.75],
			"rotation": {"angle": 0, "axis": "y", "origin": [6, 0, 0]},
			"faces": {
				"north": {"uv": [2.75, 9.75, 5.25, 12], "texture": "#texture"},
				"east": {"uv": [7.25, 9.75, 8.25, 12], "texture": "#texture"},
				"south": {"uv": [10.75, 9.75, 13.25, 12], "texture": "#texture"},
				"west": {"uv": [7.75, 9.75, 8.75, 12], "texture": "#texture"},
				"down": {"uv": [5.25, 8.75, 2.75, 7.75], "texture": "#texture"}
			}
		},
		{
			"from": [17.65, 11.525, 7.875],
			"to": [17.95, 11.75, 8.125],
			"rotation": {"angle": 0, "axis": "y", "origin": [6, 0, 0]},
			"faces": {
				"north": {"uv": [3.75, 4, 4.75, 4.25], "texture": "#texture"},
				"east": {"uv": [8, 4, 8.25, 4.25], "texture": "#texture"},
				"south": {"uv": [11.25, 4, 12.25, 4.25], "texture": "#texture"},
				"west": {"uv": [7.75, 4, 8, 4.25], "texture": "#texture"},
				"up": {"uv": [11.25, 7.75, 12.25, 8], "texture": "#texture"}
			}
		},
		{
			"from": [17.65, 11.525, 8.375],
			"to": [17.95, 11.75, 8.625],
			"rotation": {"angle": 0, "axis": "y", "origin": [6, 0, 0]},
			"faces": {
				"north": {"uv": [3.75, 4, 4.75, 4.25], "texture": "#texture"},
				"east": {"uv": [7.25, 4, 7.5, 4.25], "texture": "#texture"},
				"south": {"uv": [11.25, 4, 12.25, 4.25], "texture": "#texture"},
				"west": {"uv": [8.5, 4, 8.75, 4.25], "texture": "#texture"},
				"up": {"uv": [11.25, 8.5, 12.25, 8.75], "texture": "#texture"}
			}
		},
		{
			"from": [17.65, 11.525, 8.125],
			"to": [17.95, 11.575, 8.375],
			"rotation": {"angle": 0, "axis": "y", "origin": [6, 0, 0]},
			"faces": {
				"north": {"uv": [3.75, 4, 4.75, 4.25], "texture": "#texture"},
				"east": {"uv": [7.25, 4, 7.5, 4.25], "texture": "#texture"},
				"south": {"uv": [11.25, 4, 12.25, 4.25], "texture": "#texture"},
				"west": {"uv": [8.5, 4, 8.75, 4.25], "texture": "#texture"},
				"up": {"uv": [11.25, 8.5, 12.25, 8.75], "texture": "#texture"}
			}
		},
		{
			"from": [18.5, 9, 7.65],
			"to": [20.075, 9.25, 8.85],
			"rotation": {"angle": 0, "axis": "y", "origin": [6, 0, 0]},
			"faces": {
				"north": {"uv": [2, 6.75, 3.5, 7], "texture": "#texture"},
				"east": {"uv": [7.25, 6.75, 8.25, 7], "texture": "#texture"},
				"south": {"uv": [12.5, 6.75, 14, 7], "texture": "#texture"},
				"up": {"uv": [12.5, 7.75, 14, 8.75], "texture": "#texture"},
				"down": {"uv": [3.5, 8.75, 2, 7.75], "texture": "#texture"}
			}
		},
		{
			"from": [19.25, 5.5, 7.75],
			"to": [19.5, 6.5, 8.75],
			"rotation": {"angle": 0, "axis": "y", "origin": [6, 0, 0]},
			"faces": {
				"north": {"uv": [3, 8.5, 5.5, 9.25], "texture": "#texture"},
				"east": {"uv": [7.25, 8.5, 8.25, 9.25], "texture": "#texture"},
				"south": {"uv": [10.5, 8.5, 13, 9.25], "texture": "#texture"},
				"west": {"uv": [0, 0, 0, 0], "texture": "#texture"},
				"up": {"uv": [0, 0, 0, 0], "texture": "#texture"},
				"down": {"uv": [0, 0, 0, 0], "texture": "#texture"}
			}
		},
		{
			"from": [18.5, 4.25, 7.75],
			"to": [19.5, 5.5, 8.75],
			"rotation": {"angle": 0, "axis": "y", "origin": [6, 0, 0]},
			"faces": {
				"north": {"uv": [2.75, 9.75, 5.25, 12], "texture": "#texture"},
				"east": {"uv": [7.25, 9.75, 8.25, 12], "texture": "#texture"},
				"south": {"uv": [10.75, 9.75, 13.25, 12], "texture": "#texture"},
				"west": {"uv": [7.75, 9.75, 8.75, 12], "texture": "#texture"},
				"up": {"uv": [0, 0, 0, 0], "texture": "#texture"},
				"down": {"uv": [5.25, 8.75, 2.75, 7.75], "texture": "#texture"}
			}
		},
		{
			"from": [16.5, 7.75, 7.5],
			"to": [16.75, 9, 9],
			"rotation": {"angle": 0, "axis": "y", "origin": [6, 0, 0]},
			"faces": {
				"north": {"uv": [15.15, 11.2, 16, 11.95], "texture": "#texture"},
				"east": {"uv": [15.1, 11.1, 16, 11.95], "texture": "#texture"},
				"south": {"uv": [15.15, 11.2, 16, 11.95], "texture": "#texture"},
				"west": {"uv": [15.2, 11.2, 16, 11.95], "texture": "#texture"},
				"up": {"uv": [15.15, 11.2, 16, 12], "texture": "#texture"},
				"down": {"uv": [16, 11.95, 15.15, 11.2], "rotation": 270, "texture": "#texture"}
			}
		},
		{
			"from": [19.25, 4.5, 7.5],
			"to": [19.5, 5.25, 9],
			"rotation": {"angle": 0, "axis": "y", "origin": [6, 0, 0]},
			"faces": {
				"north": {"uv": [3, 9.5, 4.75, 11.75], "texture": "#texture"},
				"east": {"uv": [7, 9.5, 8.5, 11.75], "texture": "#texture"},
				"south": {"uv": [11.25, 9.5, 13, 11.75], "texture": "#texture"},
				"west": {"uv": [7.5, 9.5, 9, 11.75], "texture": "#texture"},
				"up": {"uv": [11.25, 7.5, 13, 9], "texture": "#texture"},
				"down": {"uv": [4.75, 9, 3, 7.5], "texture": "#texture"}
			}
		},
		{
			"from": [16.25, 9, 7.575],
			"to": [18.5, 9.25, 8.925],
			"rotation": {"angle": 0, "axis": "y", "origin": [6, 0, 0]},
			"faces": {
				"north": {"uv": [3.5, 6.75, 9, 7], "texture": "#texture"},
				"east": {"uv": [7, 6.75, 8.5, 7], "texture": "#texture"},
				"south": {"uv": [7, 6.75, 12.5, 7], "texture": "#texture"},
				"west": {"uv": [7.5, 6.75, 9, 7], "texture": "#texture"},
				"down": {"uv": [9, 9, 3.5, 7.5], "texture": "#texture"}
			}
		},
		{
			"from": [13.375, 9, 7.75],
			"to": [19.5, 9.25, 8.75],
			"rotation": {"angle": 0, "axis": "y", "origin": [6, 0.25, 0]},
			"faces": {
				"north": {"uv": [2.5, 7, 8.5, 7.25], "texture": "#texture"},
				"east": {"uv": [7.25, 7, 8.25, 7.25], "texture": "#texture"},
				"south": {"uv": [7.5, 7, 13.5, 7.25], "texture": "#texture"},
				"west": {"uv": [7.75, 7, 8.75, 7.25], "texture": "#texture"},
				"up": {"uv": [7.5, 7.75, 13.5, 8.75], "texture": "#texture"},
				"down": {"uv": [8.5, 8.75, 2.5, 7.75], "texture": "#texture"}
			}
		},
		{
			"from": [17.75, 8.75, 7.75],
			"to": [19.625, 9, 8.75],
			"rotation": {"angle": 0, "axis": "y", "origin": [6, 0.25, 0]},
			"faces": {
				"north": {"uv": [2.5, 7, 8.5, 7.25], "texture": "#texture"},
				"east": {"uv": [7.25, 7, 8.25, 7.25], "texture": "#texture"},
				"south": {"uv": [7.5, 7, 13.5, 7.25], "texture": "#texture"},
				"west": {"uv": [7.75, 7, 8.75, 7.25], "texture": "#texture"},
				"up": {"uv": [7.5, 7.75, 13.5, 8.75], "texture": "#texture"},
				"down": {"uv": [8.5, 8.75, 2.5, 7.75], "texture": "#texture"}
			}
		},
		{
			"from": [17.5, 8.375, 7.45],
			"to": [18, 8.875, 9.05],
			"rotation": {"angle": 0, "axis": "y", "origin": [6, 0, 0]},
			"faces": {
				"north": {"uv": [3, 9.5, 4.75, 11.75], "texture": "#texture"},
				"east": {"uv": [7, 9.5, 8.5, 11.75], "texture": "#texture"},
				"south": {"uv": [11.25, 9.5, 13, 11.75], "texture": "#texture"},
				"west": {"uv": [7.5, 9.5, 9, 11.75], "texture": "#texture"},
				"up": {"uv": [11.25, 7.5, 13, 9], "texture": "#texture"},
				"down": {"uv": [4.75, 9, 3, 7.5], "texture": "#texture"}
			}
		},
		{
			"from": [18, 5.125, 7.45],
			"to": [18.5, 5.625, 9.05],
			"rotation": {"angle": 0, "axis": "y", "origin": [6, 0, 0]},
			"faces": {
				"north": {"uv": [3, 9.5, 4.75, 11.75], "texture": "#texture"},
				"east": {"uv": [7, 9.5, 8.5, 11.75], "texture": "#texture"},
				"south": {"uv": [11.25, 9.5, 13, 11.75], "texture": "#texture"},
				"west": {"uv": [7.5, 9.5, 9, 11.75], "texture": "#texture"},
				"up": {"uv": [11.25, 7.5, 13, 9], "texture": "#texture"},
				"down": {"uv": [4.75, 9, 3, 7.5], "texture": "#texture"}
			}
		},
		{
			"from": [16.5, 8.875, 7.5],
			"to": [19.25, 9.375, 9],
			"rotation": {"angle": 0, "axis": "y", "origin": [6, 0, 0]},
			"faces": {
				"north": {"uv": [15.05, 11.2, 16, 11.95], "texture": "#texture"},
				"east": {"uv": [7, 9.5, 8.5, 11.75], "texture": "#texture"},
				"south": {"uv": [15.05, 11.1, 16, 11.95], "texture": "#texture"},
				"west": {"uv": [7.5, 9.5, 9, 11.75], "texture": "#texture"},
				"up": {"uv": [15.1, 11.1, 16, 12.05], "rotation": 270, "texture": "#texture"},
				"down": {"uv": [16, 12, 15.15, 11.2], "texture": "#texture"}
			}
		},
		{
			"from": [17, 4.25, 7.5],
			"to": [18.5, 4.5, 9],
			"rotation": {"angle": 0, "axis": "y", "origin": [6, 0, 0]},
			"faces": {
				"north": {"uv": [15.15, 11.1, 16, 11.85], "texture": "#texture"},
				"east": {"uv": [7, 9.5, 8.5, 11.75], "texture": "#texture"},
				"south": {"uv": [15.15, 11.1, 16, 11.85], "texture": "#texture"},
				"west": {"uv": [7.5, 9.5, 9, 11.75], "texture": "#texture"},
				"up": {"uv": [15.15, 11.1, 16, 11.9], "rotation": 180, "texture": "#texture"},
				"down": {"uv": [16, 11.9, 15.25, 11.1], "texture": "#texture"}
			}
		}
	],
	"gui_light": "front",
	"display": {
		"thirdperson_righthand": {
			"rotation": [0, -90, 0],
			"translation": [0, -0.75, -5.5],
			"scale": [0.8, 0.8, 0.73]
		},
		"thirdperson_lefthand": {
			"rotation": [0, 90, 0],
			"translation": [0, -0.75, -5.5],
			"scale": [0.8, 0.8, 0.73]
		},
		"firstperson_righthand": {
			"rotation": [9, -89, 5],
			"translation": [1, 1.25, -7.75],
			"scale": [0.78, 0.78, 0.69]
		},
		"firstperson_lefthand": {
			"rotation": [-128.46, 77.65, 149.97],
			"translation": [1.25, 4, -9.25],
			"scale": [0.78, 0.78, 0.69]
		},
		"ground": {
			"translation": [-7, -1, 0]
		},
		"gui": {
			"rotation": [0, 0, -45],
			"translation": [-4.5, 3.5, 0],
			"scale": [0.85617, 0.91281, 1]
		},
		"head": {
			"rotation": [-24, 60, -47],
			"translation": [4.5, -11.25, -7.5]
		},
		"fixed": {
			"rotation": [0, 180, -45],
			"translation": [6, 4.5, 0],
			"scale": [1.06, 1.04, 0.95]
		}
	},
	"groups": [
		{
			"name": "M9",
			"origin": [8, 8, 8],
			"color": 0,
			"children": [
				{
					"name": "M9",
					"origin": [8, 8, 8],
					"color": 0,
					"children": [
						{
							"name": "m9_ads",
							"origin": [8, 8, 8],
							"color": 0,
							"children": [
								0,
								1,
								2,
								3,
								4,
								5,
								6,
								7,
								8,
								9,
								10,
								11,
								12,
								13,
								14,
								15,
								16,
								17,
								18,
								19,
								20,
								21,
								22,
								23,
								24,
								25,
								26,
								27,
								28,
								29,
								30,
								31,
								32,
								33,
								34,
								35,
								36,
								37,
								38,
								39,
								40,
								41,
								42,
								43,
								44,
								45,
								46,
								47,
								48,
								49,
								50,
								51,
								52,
								53,
								54,
								55,
								56,
								57
							]
						}
					]
				}
			]
		}
	]
}