{
	"credit": "Made by SrDarmith - YouTube: Mainclay",
	"textures": {
		"3": "block/blue_stained_glass",
		"particle": "block/anvil_1",
		"texture": "block/anvil_1",
		"blade": "block/door_iron_lower",
		"wood door texture": "block/diamond_block"
	},
	"elements": [
		{
			"from": [-12.75, 9.25, 7.5],
			"to": [12.5, 9.75, 7.75],
			"faces": {
				"north": {"uv": [3.5, 6.25, 16, 6.75], "texture": "#texture", "cullface": "west"},
				"east": {"uv": [8.25, 6.25, 8.5, 6.75], "texture": "#texture", "cullface": "west"},
				"south": {"uv": [0, 6.25, 12.5, 6.75], "texture": "#texture", "cullface": "west"},
				"west": {"uv": [7.5, 6.25, 7.75, 6.75], "texture": "#texture", "cullface": "west"},
				"up": {"uv": [0, 7.5, 12.5, 7.75], "texture": "#texture", "cullface": "west"},
				"down": {"uv": [16, 7.75, 3.5, 7.5], "texture": "#texture", "cullface": "west"}
			}
		},
		{
			"from": [-12.75, 9.25, 8.25],
			"to": [12.5, 9.75, 8.5],
			"faces": {
				"north": {"uv": [3.5, 6.25, 16, 6.75], "texture": "#texture", "cullface": "west"},
				"east": {"uv": [7.5, 6.25, 7.75, 6.75], "texture": "#texture", "cullface": "west"},
				"south": {"uv": [0, 6.25, 12.5, 6.75], "texture": "#texture", "cullface": "west"},
				"west": {"uv": [8.25, 6.25, 8.5, 6.75], "texture": "#texture", "cullface": "west"},
				"up": {"uv": [0, 8.25, 12.5, 8.5], "texture": "#texture", "cullface": "west"},
				"down": {"uv": [16, 8.5, 3.5, 8.25], "texture": "#texture", "cullface": "west"}
			}
		},
		{
			"from": [-12.75, 9.75, 7.75],
			"to": [15, 10, 8.25],
			"faces": {
				"north": {"uv": [1, 6, 16, 6.25], "texture": "#texture", "cullface": "west"},
				"south": {"uv": [0, 6, 15, 6.25], "texture": "#texture", "cullface": "west"},
				"west": {"uv": [7.75, 6, 8.25, 6.25], "texture": "#texture", "cullface": "west"},
				"up": {"uv": [0, 7.75, 15, 8.25], "texture": "#texture", "cullface": "west"},
				"down": {"uv": [16, 8.25, 1, 7.75], "texture": "#texture", "cullface": "west"}
			}
		},
		{
			"from": [-12.75, 9, 7.75],
			"to": [16.25, 9.25, 8.25],
			"faces": {
				"north": {"uv": [0, 6.75, 16, 7], "texture": "#texture"},
				"east": {"uv": [7.75, 6.75, 8.25, 7], "texture": "#texture"},
				"south": {"uv": [0, 6.75, 16, 7], "texture": "#texture"},
				"west": {"uv": [7.75, 6.75, 8.25, 7], "texture": "#texture"},
				"up": {"uv": [0, 7.75, 16, 8.25], "texture": "#texture"},
				"down": {"uv": [16, 8.25, 0, 7.75], "texture": "#texture"}
			}
		},
		{
			"from": [-0.75, 9, 7.25],
			"to": [12.5, 9.25, 8.75],
			"faces": {
				"north": {"uv": [3.5, 6.75, 16, 7], "texture": "#wood door texture", "cullface": "west"},
				"east": {"uv": [7.25, 6.75, 8.75, 7], "texture": "#wood door texture", "cullface": "west"},
				"south": {"uv": [0, 6.75, 12.5, 7], "texture": "#wood door texture", "cullface": "west"},
				"west": {"uv": [7.25, 6.75, 8.75, 7], "texture": "#wood door texture", "cullface": "west"},
				"up": {"uv": [0, 7.25, 12.5, 8.75], "texture": "#wood door texture", "cullface": "west"},
				"down": {"uv": [16, 8.75, 3.5, 7.25], "texture": "#wood door texture", "cullface": "west"}
			}
		},
		{
			"from": [-0.75, 7.75, 7],
			"to": [10.5, 9, 9],
			"faces": {
				"north": {"uv": [5.5, 7, 16, 8.25], "texture": "#wood door texture", "cullface": "west"},
				"east": {"uv": [7, 7, 9, 8.25], "texture": "#wood door texture", "cullface": "west"},
				"south": {"uv": [0, 7, 10.5, 8.25], "texture": "#wood door texture", "cullface": "west"},
				"west": {"uv": [7, 7, 9, 8.25], "texture": "#wood door texture", "cullface": "west"},
				"up": {"uv": [0, 7, 10.5, 9], "texture": "#wood door texture", "cullface": "west"},
				"down": {"uv": [16, 9, 5.5, 7], "texture": "#wood door texture", "cullface": "west"}
			}
		},
		{
			"from": [10.5, 8.75, 7.25],
			"to": [15.25, 9, 8.75],
			"faces": {
				"north": {"uv": [0.75, 7, 5.5, 7.25], "texture": "#wood door texture"},
				"south": {"uv": [10.5, 7, 15.25, 7.25], "texture": "#wood door texture"},
				"up": {"uv": [10.5, 7.25, 15.25, 8.75], "texture": "#wood door texture"}
			}
		},
		{
			"from": [11.25, 9.25, 7.75],
			"to": [16.5, 9.75, 8.25],
			"faces": {
				"north": {"uv": [1, 6.25, 1.5, 6.5], "texture": "#blade", "cullface": "east"},
				"east": {"uv": [7.5, 6.25, 8.5, 6.5], "texture": "#blade", "cullface": "east"},
				"south": {"uv": [14.5, 6.25, 15, 6.5], "texture": "#blade", "cullface": "east"},
				"west": {"uv": [7.5, 6.25, 8.5, 6.5], "texture": "#blade", "cullface": "east"},
				"up": {"uv": [14.5, 7.5, 15, 8.5], "texture": "#blade", "cullface": "east"}
			}
		},
		{
			"from": [15.25, 7, 7.25],
			"to": [16, 9.25, 8.75],
			"faces": {
				"north": {"uv": [1, 6.5, 1.75, 9], "texture": "#wood door texture"},
				"east": {"uv": [7.25, 6.5, 8.75, 9], "texture": "#wood door texture", "cullface": "east"},
				"south": {"uv": [14.25, 6.5, 15, 9], "texture": "#wood door texture"},
				"west": {"uv": [7.25, 6.5, 8.75, 9], "texture": "#wood door texture"},
				"up": {"uv": [15.25, 7.25, 16, 8.75], "texture": "#wood door texture"},
				"down": {"uv": [1.75, 8.75, 1, 7.25], "texture": "#wood door texture"}
			}
		},
		{
			"from": [15.9822, 7.35, 7.25],
			"to": [18.7322, 9.25, 8.75],
			"rotation": {"angle": -22.5, "axis": "z", "origin": [15.4822, 9.25, 7.25]},
			"faces": {
				"north": {"uv": [11.75, 5, 15, 6.75], "texture": "#wood door texture", "cullface": "east"},
				"east": {"uv": [7.25, 6.75, 8.75, 8.5], "texture": "#wood door texture", "cullface": "east"},
				"south": {"uv": [11.75, 5, 15, 6.75], "texture": "#wood door texture", "cullface": "east"},
				"west": {"uv": [7.25, 6.75, 8.75, 8.5], "texture": "#wood door texture", "cullface": "east"},
				"up": {"uv": [11.75, 0, 15, 1.5], "texture": "#wood door texture", "cullface": "east"},
				"down": {"uv": [11.75, 0, 15, 1.5], "texture": "#wood door texture", "cullface": "east"}
			}
		},
		{
			"from": [17.75, 6.25, 7.25],
			"to": [26, 8, 8.75],
			"faces": {
				"north": {"uv": [9, 5, 15, 6.75], "texture": "#wood door texture", "cullface": "east"},
				"south": {"uv": [1, 0, 7, 1.75], "texture": "#wood door texture", "cullface": "east"},
				"west": {"uv": [1, 0, 2.5, 1.75], "texture": "#wood door texture", "cullface": "east"},
				"up": {"uv": [1, 0, 7, 1.5], "texture": "#wood door texture", "cullface": "east"},
				"down": {"uv": [1, 0, 7, 1.5], "texture": "#wood door texture", "cullface": "east"}
			}
		},
		{
			"from": [17.5, 4, 7.5],
			"to": [19.25, 7.25, 8.5],
			"rotation": {"angle": 22.5, "axis": "z", "origin": [17.5, 7.25, 7.5]},
			"faces": {
				"north": {"uv": [11, 9.75, 12.5, 12.25], "texture": "#wood door texture", "cullface": "east"},
				"east": {"uv": [7.5, 9.75, 8.5, 12.25], "texture": "#wood door texture", "cullface": "east"},
				"south": {"uv": [11, 9.75, 12.5, 12.25], "texture": "#wood door texture", "cullface": "east"},
				"west": {"uv": [7.5, 9.75, 8.5, 12.25], "texture": "#wood door texture", "cullface": "east"},
				"up": {"uv": [11, 7.5, 12.5, 8.5], "texture": "#wood door texture", "cullface": "east"},
				"down": {"uv": [11, 7.5, 12.5, 8.5], "texture": "#wood door texture", "cullface": "east"}
			}
		},
		{
			"from": [19.25, 6, 7.25],
			"to": [26, 6.25, 8.75],
			"faces": {
				"north": {"uv": [9.25, 10, 15, 10.25], "texture": "#wood door texture", "cullface": "east"},
				"south": {"uv": [9.25, 10, 15, 10.25], "texture": "#wood door texture", "cullface": "east"},
				"west": {"uv": [7.25, 10, 8.75, 10.25], "texture": "#wood door texture", "cullface": "east"},
				"down": {"uv": [9.25, 7.25, 15, 8.75], "texture": "#wood door texture", "cullface": "east"}
			}
		},
		{
			"from": [19.5, 5.75, 7.25],
			"to": [26, 6, 8.75],
			"faces": {
				"north": {"uv": [9.25, 10.25, 14.75, 10.5], "texture": "#wood door texture", "cullface": "east"},
				"south": {"uv": [9.5, 10.25, 15, 10.5], "texture": "#wood door texture", "cullface": "east"},
				"west": {"uv": [7.25, 10.25, 8.75, 10.5], "texture": "#wood door texture", "cullface": "east"},
				"down": {"uv": [9.5, 7.25, 15, 8.75], "texture": "#wood door texture", "cullface": "east"}
			}
		},
		{
			"from": [19.75, 5.5, 7.25],
			"to": [26, 5.75, 8.75],
			"faces": {
				"north": {"uv": [9.25, 10.5, 14.5, 10.75], "texture": "#wood door texture", "cullface": "east"},
				"south": {"uv": [9.75, 10.5, 15, 10.75], "texture": "#wood door texture", "cullface": "east"},
				"west": {"uv": [7.25, 10.5, 8.75, 10.75], "texture": "#wood door texture", "cullface": "east"},
				"down": {"uv": [9.75, 7.25, 15, 8.75], "texture": "#wood door texture", "cullface": "east"}
			}
		},
		{
			"from": [20, 5.25, 7.25],
			"to": [26, 5.5, 8.75],
			"faces": {
				"north": {"uv": [9.25, 10.75, 14.25, 11], "texture": "#wood door texture", "cullface": "east"},
				"south": {"uv": [10, 10.75, 15, 11], "texture": "#wood door texture", "cullface": "east"},
				"west": {"uv": [7.25, 10.75, 8.75, 11], "texture": "#wood door texture", "cullface": "east"},
				"down": {"uv": [10, 7.25, 15, 8.75], "texture": "#wood door texture", "cullface": "east"}
			}
		},
		{
			"from": [20.25, 5, 7.25],
			"to": [26, 5.25, 8.75],
			"faces": {
				"north": {"uv": [1, 11, 5.75, 11.25], "texture": "#wood door texture", "cullface": "east"},
				"south": {"uv": [10.25, 11, 15, 11.25], "texture": "#wood door texture", "cullface": "east"},
				"west": {"uv": [7.25, 11, 8.75, 11.25], "texture": "#wood door texture", "cullface": "east"},
				"down": {"uv": [5.75, 8.75, 1, 7.25], "texture": "#wood door texture", "cullface": "east"}
			}
		},
		{
			"from": [21.25, 4.75, 7.25],
			"to": [26, 5, 8.75],
			"faces": {
				"north": {"uv": [1, 11.25, 5.25, 11.5], "texture": "#wood door texture", "cullface": "east"},
				"south": {"uv": [10.75, 11.25, 15, 11.5], "texture": "#wood door texture", "cullface": "east"},
				"west": {"uv": [7.25, 11.25, 8.75, 11.5], "texture": "#wood door texture", "cullface": "east"},
				"down": {"uv": [5.25, 8.75, 1, 7.25], "texture": "#wood door texture", "cullface": "east"}
			}
		},
		{
			"from": [22.25, 4.5, 7.25],
			"to": [26, 4.75, 8.75],
			"faces": {
				"north": {"uv": [1, 11.5, 4.5, 11.75], "texture": "#wood door texture", "cullface": "east"},
				"south": {"uv": [11.5, 11.5, 15, 11.75], "texture": "#wood door texture", "cullface": "east"},
				"west": {"uv": [7.25, 11.5, 8.75, 11.75], "texture": "#wood door texture", "cullface": "east"},
				"down": {"uv": [4.5, 8.75, 1, 7.25], "texture": "#wood door texture", "cullface": "east"}
			}
		},
		{
			"from": [23.25, 4.25, 7.25],
			"to": [26, 4.5, 8.75],
			"faces": {
				"north": {"uv": [1, 11.75, 3.75, 12], "texture": "#wood door texture", "cullface": "east"},
				"south": {"uv": [12.25, 11.75, 15, 12], "texture": "#wood door texture", "cullface": "east"},
				"west": {"uv": [7.25, 11.75, 8.75, 12], "texture": "#wood door texture", "cullface": "east"},
				"down": {"uv": [3.75, 8.75, 1, 7.25], "texture": "#wood door texture", "cullface": "east"}
			}
		},
		{
			"from": [24.25, 4, 7.25],
			"to": [26, 4.25, 8.75],
			"faces": {
				"north": {"uv": [1, 12, 3, 12.25], "texture": "#wood door texture", "cullface": "east"},
				"south": {"uv": [13, 12, 15, 12.25], "texture": "#wood door texture", "cullface": "east"},
				"west": {"uv": [7.25, 12, 8.75, 12.25], "texture": "#wood door texture", "cullface": "east"},
				"down": {"uv": [3, 8.75, 1, 7.25], "texture": "#wood door texture", "cullface": "east"}
			}
		},
		{
			"from": [25.25, 3.75, 7.25],
			"to": [26, 4, 8.75],
			"faces": {
				"north": {"uv": [1, 12.25, 2.25, 12.5], "texture": "#wood door texture", "cullface": "east"},
				"south": {"uv": [13.75, 12.25, 15, 12.5], "texture": "#wood door texture", "cullface": "east"},
				"west": {"uv": [7.25, 12.25, 8.75, 12.5], "texture": "#wood door texture", "cullface": "east"},
				"down": {"uv": [2.25, 8.75, 1, 7.25], "texture": "#wood door texture", "cullface": "east"}
			}
		},
		{
			"from": [10.25, 7, 7.5],
			"to": [13.25, 7.25, 8.5],
			"faces": {
				"north": {"uv": [2.75, 8.75, 5.75, 9], "texture": "#texture"},
				"south": {"uv": [10.25, 8.75, 13.25, 9], "texture": "#texture"},
				"west": {"uv": [7.5, 8.75, 8.5, 9], "texture": "#texture"},
				"down": {"uv": [5.75, 8.5, 2.75, 7.5], "texture": "#texture"}
			}
		},
		{
			"from": [13.5, 6, 7.5],
			"to": [13.75, 6.25, 8.5],
			"faces": {
				"north": {"uv": [2.25, 9.75, 2.5, 10], "texture": "#texture"},
				"east": {"uv": [7.5, 9.75, 8.5, 10], "texture": "#texture"},
				"south": {"uv": [13.5, 9.75, 13.75, 10], "texture": "#texture"},
				"up": {"uv": [13.5, 7.5, 13.75, 8.5], "texture": "#texture"}
			}
		},
		{
			"from": [13.25, 6, 7.5],
			"to": [13.5, 7.25, 8.5],
			"faces": {
				"north": {"uv": [2.5, 8.75, 2.75, 10], "texture": "#texture"},
				"east": {"uv": [7.5, 8.75, 8.5, 10], "texture": "#texture"},
				"south": {"uv": [13.25, 8.75, 13.5, 10], "texture": "#texture"},
				"west": {"uv": [7.5, 8.75, 8.5, 10], "texture": "#texture"},
				"down": {"uv": [2.75, 8.5, 2.5, 7.5], "texture": "#texture"}
			}
		},
		{
			"from": [13.5, 5.75, 7.5],
			"to": [15.25, 6, 8.5],
			"faces": {
				"north": {"uv": [0.75, 10, 2.5, 10.25], "texture": "#texture"},
				"east": {"uv": [7.5, 10, 8.5, 10.25], "texture": "#texture"},
				"south": {"uv": [13.5, 10, 15.25, 10.25], "texture": "#texture"},
				"west": {"uv": [7.5, 10, 8.5, 10.25], "texture": "#texture"},
				"up": {"uv": [13.5, 7.5, 15.25, 8.5], "texture": "#texture"},
				"down": {"uv": [2.5, 8.5, 0.75, 7.5], "texture": "#texture"}
			}
		},
		{
			"from": [15.25, 6, 7.5],
			"to": [15.5, 7, 8.5],
			"faces": {
				"north": {"uv": [0.5, 9, 0.75, 10], "texture": "#texture"},
				"east": {"uv": [7.5, 9, 8.5, 10], "texture": "#texture"},
				"south": {"uv": [15.25, 9, 15.5, 10], "texture": "#texture"},
				"west": {"uv": [7.5, 9, 8.5, 10], "texture": "#texture"},
				"down": {"uv": [0.75, 8.5, 0.5, 7.5], "texture": "#texture"}
			}
		},
		{
			"from": [14.8, 6.4, 7.75],
			"to": [15.05, 7.65, 8.25],
			"rotation": {"angle": -22.5, "axis": "z", "origin": [14.5, 7.5, 7.75]},
			"faces": {
				"north": {"uv": [0.75, 2, 1.25, 3.25], "texture": "#texture"},
				"east": {"uv": [7.75, 2, 8.25, 3.25], "texture": "#texture"},
				"south": {"uv": [14.75, 2, 15.25, 3.25], "texture": "#texture"},
				"west": {"uv": [7.75, 2, 8.25, 3.25], "texture": "#texture"},
				"down": {"uv": [1.25, 8.25, 0.75, 7.75], "texture": "#texture"}
			}
		},
		{
			"from": [15, 6, 7.5],
			"to": [15.25, 6.25, 8.5],
			"faces": {
				"north": {"uv": [0.75, 9.75, 1, 10], "texture": "#texture"},
				"south": {"uv": [15, 9.75, 15.25, 10], "texture": "#texture"},
				"west": {"uv": [7.5, 9.75, 8.5, 10], "texture": "#texture"},
				"up": {"uv": [15, 7.5, 15.25, 8.5], "texture": "#texture"}
			}
		},
		{
			"from": [0.5, 7.25, 7.75],
			"to": [1.75, 7.5, 8.25],
			"faces": {
				"north": {"uv": [14.25, 8.5, 15.5, 8.75], "texture": "#wood door texture"},
				"south": {"uv": [0.5, 8.5, 1.75, 8.75], "texture": "#wood door texture"},
				"west": {"uv": [7.75, 8.5, 8.25, 8.75], "texture": "#wood door texture"},
				"up": {"uv": [0.5, 7.75, 1.75, 8.25], "texture": "#wood door texture"},
				"down": {"uv": [15.5, 8.25, 14.25, 7.75], "texture": "#wood door texture"}
			}
		},
		{
			"from": [10.5, 7.25, 7.25],
			"to": [15.25, 8.75, 8.75],
			"faces": {
				"north": {"uv": [0.75, 7.25, 5.5, 8.75], "texture": "#wood door texture"},
				"south": {"uv": [10.5, 7.25, 15.25, 8.75], "texture": "#wood door texture"},
				"west": {"uv": [7.25, 7.25, 8.75, 8.75], "texture": "#wood door texture"},
				"down": {"uv": [5.5, 8.75, 0.75, 7.25], "texture": "#wood door texture"}
			}
		},
		{
			"from": [15, 9.75, 7.75],
			"to": [16.25, 10, 8.25],
			"faces": {
				"north": {"uv": [0, 6, 1, 6.25], "texture": "#texture", "cullface": "east"},
				"east": {"uv": [7.75, 6, 8.25, 6.25], "texture": "#texture", "cullface": "east"},
				"south": {"uv": [15, 6, 16, 6.25], "texture": "#texture", "cullface": "east"},
				"up": {"uv": [15, 7.75, 16, 8.25], "texture": "#texture", "cullface": "east"}
			}
		},
		{
			"from": [3, 7.25, 7.25],
			"to": [10.5, 7.5, 8.75],
			"faces": {
				"north": {"uv": [5.5, 8.5, 13, 8.75], "texture": "#wood door texture"},
				"south": {"uv": [3, 8.5, 10.5, 8.75], "texture": "#wood door texture"},
				"west": {"uv": [7.25, 8.5, 8.75, 8.75], "texture": "#wood door texture"},
				"down": {"uv": [13, 8.75, 5.5, 7.25], "texture": "#wood door texture"}
			}
		},
		{
			"from": [0.75, 7.5, 7],
			"to": [10.5, 7.75, 9],
			"faces": {
				"north": {"uv": [5.5, 8.25, 15.25, 8.5], "texture": "#wood door texture"},
				"east": {"uv": [7, 8.25, 9, 8.5], "texture": "#wood door texture"},
				"south": {"uv": [0.75, 8.25, 10.5, 8.5], "texture": "#wood door texture"},
				"west": {"uv": [7, 8.25, 9, 8.5], "texture": "#wood door texture"},
				"down": {"uv": [15.25, 9, 5.5, 7], "texture": "#wood door texture"}
			}
		},
		{
			"from": [-0.5, 7.5, 7.5],
			"to": [0.75, 7.75, 8.5],
			"faces": {
				"north": {"uv": [15.25, 8.25, 16, 8.5], "texture": "#wood door texture", "cullface": "west"},
				"south": {"uv": [0, 8.25, 0.75, 8.5], "texture": "#wood door texture", "cullface": "west"},
				"west": {"uv": [7.5, 8.25, 8.5, 8.5], "texture": "#wood door texture", "cullface": "west"},
				"down": {"uv": [16, 8.5, 15.25, 7.5], "texture": "#wood door texture", "cullface": "west"}
			}
		},
		{
			"from": [1.75, 7.25, 7.5],
			"to": [3, 7.5, 8.5],
			"faces": {
				"north": {"uv": [13, 8.5, 14.25, 8.75], "texture": "#wood door texture"},
				"south": {"uv": [1.75, 8.5, 3, 8.75], "texture": "#wood door texture"},
				"west": {"uv": [7.5, 8.5, 8.5, 8.75], "texture": "#wood door texture"},
				"down": {"uv": [14.25, 8.5, 13, 7.5], "texture": "#wood door texture"}
			}
		},
		{
			"from": [12.5, 9, 7.5],
			"to": [14.75, 9.25, 8.5],
			"faces": {
				"north": {"uv": [1.25, 6.75, 3.5, 7], "texture": "#wood door texture"},
				"south": {"uv": [12.5, 6.75, 14.75, 7], "texture": "#wood door texture"},
				"up": {"uv": [12.5, 7.5, 14.75, 8.5], "texture": "#wood door texture"}
			}
		},
		{
			"from": [14.75, 9, 7.25],
			"to": [15.25, 9.25, 8.75],
			"faces": {
				"north": {"uv": [0.75, 6.75, 1.25, 7], "texture": "#wood door texture"},
				"south": {"uv": [14.75, 6.75, 15.25, 7], "texture": "#wood door texture"},
				"west": {"uv": [7.25, 6.75, 8.75, 7], "texture": "#wood door texture"},
				"up": {"uv": [14.75, 7.25, 15.25, 8.75], "texture": "#wood door texture"}
			}
		},
		{
			"from": [14.75, 9.25, 7.5],
			"to": [16.25, 9.75, 8.5],
			"faces": {
				"north": {"uv": [0, 6.25, 1.25, 6.75], "texture": "#texture", "cullface": "east"},
				"east": {"uv": [7.5, 6.25, 8.5, 6.75], "texture": "#texture", "cullface": "east"},
				"south": {"uv": [14.75, 6.25, 16, 6.75], "texture": "#texture", "cullface": "east"},
				"west": {"uv": [7.5, 6.25, 8.5, 6.75], "texture": "#texture", "cullface": "east"},
				"up": {"uv": [14.75, 7.5, 16, 8.5], "texture": "#texture", "cullface": "east"},
				"down": {"uv": [1.25, 8.5, 0, 7.5], "texture": "#texture", "cullface": "east"}
			}
		},
		{
			"from": [16.25, 7.225, 7.375],
			"to": [16.5, 8.725, 7.625],
			"rotation": {"angle": 45, "axis": "x", "origin": [16.25, 8.75, 8.75]},
			"faces": {
				"north": {"uv": [7.5, 7, 8.5, 9], "texture": "#blade", "cullface": "east"},
				"east": {"uv": [6.75, 7, 7, 9], "texture": "#blade", "cullface": "east"},
				"south": {"uv": [7.5, 7, 8.5, 9], "texture": "#blade", "cullface": "east"},
				"west": {"uv": [9, 7, 9.25, 9], "texture": "#blade", "cullface": "east"},
				"down": {"uv": [8.5, 9.25, 7.5, 9], "texture": "#blade", "cullface": "east"}
			}
		},
		{
			"from": [16, 6.475, 7.125],
			"to": [16.75, 7.225, 7.875],
			"rotation": {"angle": 45, "axis": "x", "origin": [16.25, 8.75, 8.75]},
			"faces": {
				"north": {"uv": [0, 8.25, 0, 9], "texture": "#blade", "cullface": "east"},
				"east": {"uv": [6.25, 8.25, 7, 9], "texture": "#blade", "cullface": "east"},
				"south": {"uv": [16, 8.25, 16, 9], "texture": "#blade", "cullface": "east"},
				"west": {"uv": [9, 8.25, 9.75, 9], "texture": "#blade", "cullface": "east"},
				"up": {"uv": [16, 9, 16, 9.75], "texture": "#blade", "cullface": "east"},
				"down": {"uv": [0, 9.75, 0, 9], "texture": "#blade", "cullface": "east"}
			}
		},
		{
			"from": [9.25, 10, 7.75],
			"to": [10.5, 10.85, 8.25],
			"faces": {
				"north": {"uv": [4, 5.25, 5.25, 6], "texture": "#texture"},
				"east": {"uv": [7.75, 5.25, 8.25, 6], "texture": "#texture"},
				"south": {"uv": [10.75, 5.25, 12, 6], "texture": "#texture"},
				"west": {"uv": [7.75, 5.25, 8.25, 6], "texture": "#texture"}
			}
		},
		{
			"from": [13.25, 10, 7.75],
			"to": [14.25, 10.85, 8.25],
			"faces": {
				"north": {"uv": [0.25, 5.25, 1.25, 6], "texture": "#texture"},
				"east": {"uv": [7.75, 5.25, 8.25, 6], "texture": "#texture"},
				"south": {"uv": [14.75, 5.25, 15.75, 6], "texture": "#texture"},
				"west": {"uv": [7.75, 5.25, 8.25, 6], "texture": "#texture"},
				"down": {"uv": [1.25, 8.25, 0.25, 7.75], "texture": "#texture"}
			}
		},
		{
			"from": [8.25, 11, 8.5],
			"to": [16, 12, 8.75],
			"faces": {
				"north": {"uv": [0, 4, 6.5, 5], "texture": "#texture", "cullface": "east"},
				"east": {"uv": [7.25, 4, 7.5, 5], "texture": "#texture", "cullface": "east"},
				"south": {"uv": [9.5, 4, 16, 5], "texture": "#texture", "cullface": "east"},
				"west": {"uv": [8.5, 4, 8.75, 5], "texture": "#texture", "cullface": "east"},
				"up": {"uv": [9.5, 8.5, 16, 8.75], "texture": "#texture", "cullface": "east"},
				"down": {"uv": [6.5, 8.75, 0, 8.5], "texture": "#texture", "cullface": "east"}
			}
		},
		{
			"from": [8.25, 11, 7.25],
			"to": [16, 12, 7.5],
			"faces": {
				"north": {"uv": [0, 4, 6.5, 5], "texture": "#texture", "cullface": "east"},
				"east": {"uv": [8.5, 4, 8.75, 5], "texture": "#texture", "cullface": "east"},
				"south": {"uv": [9.5, 4, 16, 5], "texture": "#texture", "cullface": "east"},
				"west": {"uv": [7.25, 4, 7.5, 5], "texture": "#texture", "cullface": "east"},
				"up": {"uv": [9.5, 7.25, 16, 7.5], "texture": "#texture", "cullface": "east"},
				"down": {"uv": [6.5, 7.5, 0, 7.25], "texture": "#texture", "cullface": "east"}
			}
		},
		{
			"from": [11.75, 11, 6.75],
			"to": [12.75, 12, 7.25],
			"faces": {
				"north": {"uv": [2, 4, 3, 5], "texture": "#texture"},
				"east": {"uv": [8.75, 4, 9.25, 5], "texture": "#texture"},
				"west": {"uv": [6.75, 4, 7.25, 5], "texture": "#texture"},
				"up": {"uv": [13, 6.75, 14, 7.25], "texture": "#texture"},
				"down": {"uv": [3, 7.25, 2, 6.75], "texture": "#texture"}
			}
		},
		{
			"from": [11.75, 12.25, 7.5],
			"to": [12.75, 13, 8.5],
			"faces": {
				"north": {"uv": [2, 3, 3, 3.75], "texture": "#texture"},
				"east": {"uv": [7.5, 3, 8.5, 3.75], "texture": "#texture"},
				"south": {"uv": [13, 3, 14, 3.75], "texture": "#texture"},
				"west": {"uv": [7.5, 3, 8.5, 3.75], "texture": "#texture"},
				"up": {"uv": [13, 7.5, 14, 8.5], "texture": "#texture"}
			}
		},
		{
			"from": [8.25, 12, 7.25],
			"to": [8.5, 12.25, 8.75],
			"faces": {
				"north": {"uv": [6.25, 3.75, 6.5, 4], "texture": "#texture"},
				"east": {"uv": [7.25, 3.75, 8.75, 4], "texture": "#texture"},
				"south": {"uv": [9.5, 3.75, 9.75, 4], "texture": "#texture"},
				"west": {"uv": [7.25, 3.75, 8.75, 4], "texture": "#texture"},
				"up": {"uv": [9.5, 7.25, 9.75, 8.75], "texture": "#texture"},
				"down": {"uv": [6.5, 8.75, 6.25, 7.25], "texture": "#texture"}
			}
		},
		{
			"from": [8.25, 10.75, 7.25],
			"to": [8.5, 11, 8.75],
			"faces": {
				"north": {"uv": [6.25, 5, 6.5, 5.25], "texture": "#texture"},
				"east": {"uv": [7.25, 5, 8.75, 5.25], "texture": "#texture"},
				"south": {"uv": [9.5, 5, 9.75, 5.25], "texture": "#texture"},
				"west": {"uv": [7.25, 5, 8.75, 5.25], "texture": "#texture"},
				"up": {"uv": [9.5, 7.25, 9.75, 8.75], "texture": "#texture"},
				"down": {"uv": [6.5, 8.75, 6.25, 7.25], "texture": "#texture"}
			}
		},
		{
			"from": [7.75, 12.25, 7.25],
			"to": [8.25, 12.5, 8.75],
			"faces": {
				"north": {"uv": [6.5, 3.5, 7, 3.75], "texture": "#texture"},
				"east": {"uv": [7.25, 3.5, 8.75, 3.75], "texture": "#texture"},
				"south": {"uv": [9, 3.5, 9.5, 3.75], "texture": "#texture"},
				"up": {"uv": [9, 7.25, 9.5, 8.75], "texture": "#texture"},
				"down": {"uv": [7, 8.75, 6.5, 7.25], "texture": "#texture"}
			}
		},
		{
			"from": [7.5, 10.75, 7],
			"to": [8.25, 12.25, 7.25],
			"faces": {
				"north": {"uv": [6.5, 3.75, 7.25, 5.25], "texture": "#texture"},
				"east": {"uv": [8.75, 3.75, 9, 5.25], "texture": "#texture"},
				"south": {"uv": [8.75, 3.75, 9.5, 5.25], "texture": "#texture"},
				"west": {"uv": [7, 3.75, 7.25, 5.25], "texture": "#texture"},
				"up": {"uv": [8.75, 7, 9.5, 7.25], "texture": "#texture"},
				"down": {"uv": [7.25, 7.25, 6.5, 7], "texture": "#texture"}
			}
		},
		{
			"from": [7.75, 10.5, 7.25],
			"to": [8.25, 10.75, 8.75],
			"faces": {
				"north": {"uv": [6.5, 5.25, 7, 5.5], "texture": "#texture"},
				"east": {"uv": [7.25, 5.25, 8.75, 5.5], "texture": "#texture"},
				"south": {"uv": [9, 5.25, 9.5, 5.5], "texture": "#texture"},
				"up": {"uv": [9, 7.25, 9.5, 8.75], "texture": "#texture"},
				"down": {"uv": [7, 8.75, 6.5, 7.25], "texture": "#texture"}
			}
		},
		{
			"from": [7.5, 10.75, 8.75],
			"to": [8.25, 12.25, 9],
			"faces": {
				"north": {"uv": [6.5, 3.75, 7.25, 5.25], "texture": "#texture"},
				"east": {"uv": [7, 3.75, 7.25, 5.25], "texture": "#texture"},
				"south": {"uv": [8.75, 3.75, 9.5, 5.25], "texture": "#texture"},
				"west": {"uv": [8.75, 3.75, 9, 5.25], "texture": "#texture"},
				"up": {"uv": [8.75, 8.75, 9.5, 9], "texture": "#texture"},
				"down": {"uv": [7.25, 9, 6.5, 8.75], "texture": "#texture"}
			}
		},
		{
			"from": [7.5, 12.25, 7],
			"to": [7.75, 12.5, 9],
			"faces": {
				"north": {"uv": [7, 3.5, 7.25, 3.75], "texture": "#texture"},
				"east": {"uv": [7, 3.5, 9, 3.75], "texture": "#texture"},
				"south": {"uv": [8.75, 3.5, 9, 3.75], "texture": "#texture"},
				"west": {"uv": [7, 3.5, 9, 3.75], "texture": "#texture"},
				"up": {"uv": [8.75, 7, 9, 9], "texture": "#texture"},
				"down": {"uv": [7.25, 9, 7, 7], "texture": "#texture"}
			}
		},
		{
			"from": [7.5, 10.5, 7],
			"to": [7.75, 10.75, 9],
			"faces": {
				"north": {"uv": [7, 5.25, 7.25, 5.5], "texture": "#texture"},
				"east": {"uv": [7, 5.25, 9, 5.5], "texture": "#texture"},
				"south": {"uv": [8.75, 5.25, 9, 5.5], "texture": "#texture"},
				"west": {"uv": [7, 5.25, 9, 5.5], "texture": "#texture"},
				"up": {"uv": [8.75, 7, 9, 9], "texture": "#texture"},
				"down": {"uv": [7.25, 9, 7, 7], "texture": "#texture"}
			}
		},
		{
			"from": [5.5, 12.5, 7.25],
			"to": [7.5, 12.75, 8.75],
			"faces": {
				"north": {"uv": [7.25, 3.25, 9, 3.5], "texture": "#texture"},
				"east": {"uv": [7.25, 3.25, 8.75, 3.5], "texture": "#texture"},
				"south": {"uv": [7, 3.25, 8.75, 3.5], "texture": "#texture"},
				"west": {"uv": [7.25, 3.25, 8.75, 3.5], "texture": "#texture"},
				"up": {"uv": [7, 7.25, 8.75, 8.75], "texture": "#texture"},
				"down": {"uv": [9, 8.75, 7.25, 7.25], "texture": "#texture"}
			}
		},
		{
			"from": [16, 12.25, 7.3],
			"to": [17.8, 12.5, 8.7],
			"faces": {
				"north": {"uv": [0, 0, 1.8, 0.25], "texture": "#texture"},
				"east": {"uv": [0, 0, 1.4, 0.25], "texture": "#texture"},
				"south": {"uv": [0, 0, 1.8, 0.25], "texture": "#texture"},
				"west": {"uv": [0, 0, 1.4, 0.25], "texture": "#texture"},
				"up": {"uv": [0, 0, 1.8, 1.4], "texture": "#texture"},
				"down": {"uv": [0, 0, 1.8, 1.4], "texture": "#texture"}
			}
		},
		{
			"from": [16, 10.55, 7.3],
			"to": [17.8, 10.8, 8.7],
			"faces": {
				"north": {"uv": [0, 0, 1.8, 0.25], "texture": "#texture"},
				"east": {"uv": [0, 0, 1.4, 0.25], "texture": "#texture"},
				"south": {"uv": [0, 0, 1.8, 0.25], "texture": "#texture"},
				"west": {"uv": [0, 0, 1.4, 0.25], "texture": "#texture"},
				"up": {"uv": [0, 0, 1.8, 1.4], "texture": "#texture"},
				"down": {"uv": [0, 0, 1.8, 1.4], "texture": "#texture"}
			}
		},
		{
			"from": [16, 10.75, 7.1],
			"to": [17.8, 12.3, 7.3],
			"faces": {
				"north": {"uv": [0, 0, 1.8, 1.55], "texture": "#texture"},
				"east": {"uv": [0, 0, 0.2, 1.55], "texture": "#texture"},
				"south": {"uv": [0, 0, 1.8, 1.55], "texture": "#texture"},
				"west": {"uv": [0, 0, 0.2, 1.55], "texture": "#texture"},
				"up": {"uv": [0, 0, 1.8, 0.2], "texture": "#texture"},
				"down": {"uv": [0, 0, 1.8, 0.2], "texture": "#texture"}
			}
		},
		{
			"from": [16, 10.75, 8.7],
			"to": [17.8, 12.3, 8.9],
			"faces": {
				"north": {"uv": [0, 0, 1.8, 1.55], "texture": "#texture"},
				"east": {"uv": [0, 0, 0.2, 1.55], "texture": "#texture"},
				"south": {"uv": [0, 0, 1.8, 1.55], "texture": "#texture"},
				"west": {"uv": [0, 0, 0.2, 1.55], "texture": "#texture"},
				"up": {"uv": [0, 0, 1.8, 0.2], "texture": "#texture"},
				"down": {"uv": [0, 0, 1.8, 0.2], "texture": "#texture"}
			}
		},
		{
			"from": [15.5, 10.75, 7.25],
			"to": [16, 11, 8.75],
			"faces": {
				"north": {"uv": [0, 0, 0.5, 0.25], "texture": "#texture"},
				"east": {"uv": [0, 0, 1.5, 0.25], "texture": "#texture"},
				"south": {"uv": [0, 0, 0.5, 0.25], "texture": "#texture"},
				"west": {"uv": [0, 0, 1.5, 0.25], "texture": "#texture"},
				"up": {"uv": [0, 0, 0.5, 1.5], "texture": "#texture"},
				"down": {"uv": [0, 0, 0.5, 1.5], "texture": "#texture"}
			}
		},
		{
			"from": [16, 12.05, 7.3],
			"to": [17.8, 12.3, 7.55],
			"faces": {
				"north": {"uv": [0, 0, 1.8, 0.25], "texture": "#texture"},
				"east": {"uv": [0, 0, 0.25, 0.25], "texture": "#texture"},
				"south": {"uv": [0, 0, 1.8, 0.25], "texture": "#texture"},
				"west": {"uv": [0, 0, 0.25, 0.25], "texture": "#texture"},
				"up": {"uv": [0, 0, 1.8, 0.25], "texture": "#texture"},
				"down": {"uv": [0, 0, 1.8, 0.25], "texture": "#texture"}
			}
		},
		{
			"from": [16, 12.05, 8.5],
			"to": [17.8, 12.3, 8.75],
			"faces": {
				"north": {"uv": [0, 0, 1.8, 0.25], "texture": "#texture"},
				"east": {"uv": [0, 0, 0.25, 0.25], "texture": "#texture"},
				"south": {"uv": [0, 0, 1.8, 0.25], "texture": "#texture"},
				"west": {"uv": [0, 0, 0.25, 0.25], "texture": "#texture"},
				"up": {"uv": [0, 0, 1.8, 0.25], "texture": "#texture"},
				"down": {"uv": [0, 0, 1.8, 0.25], "texture": "#texture"}
			}
		},
		{
			"from": [16, 10.75, 8.5],
			"to": [17.8, 11, 8.75],
			"faces": {
				"north": {"uv": [0, 0, 1.8, 0.25], "texture": "#texture"},
				"east": {"uv": [0, 0, 0.25, 0.25], "texture": "#texture"},
				"south": {"uv": [0, 0, 1.8, 0.25], "texture": "#texture"},
				"west": {"uv": [0, 0, 0.25, 0.25], "texture": "#texture"},
				"up": {"uv": [0, 0, 1.8, 0.25], "texture": "#texture"},
				"down": {"uv": [0, 0, 1.8, 0.25], "texture": "#texture"}
			}
		},
		{
			"from": [16, 10.75, 7.3],
			"to": [17.8, 11, 7.55],
			"faces": {
				"north": {"uv": [0, 0, 1.8, 0.25], "texture": "#texture"},
				"east": {"uv": [0, 0, 0.25, 0.25], "texture": "#texture"},
				"south": {"uv": [0, 0, 1.8, 0.25], "texture": "#texture"},
				"west": {"uv": [0, 0, 0.25, 0.25], "texture": "#texture"},
				"up": {"uv": [0, 0, 1.8, 0.25], "texture": "#texture"},
				"down": {"uv": [0, 0, 1.8, 0.25], "texture": "#texture"}
			}
		},
		{
			"from": [8.5, 12, 7.25],
			"to": [16, 12.25, 8.75],
			"faces": {
				"north": {"uv": [7.25, 3.25, 9, 3.5], "texture": "#texture"},
				"east": {"uv": [7.25, 3.25, 8.75, 3.5], "texture": "#texture"},
				"south": {"uv": [7, 3.25, 8.75, 3.5], "texture": "#texture"},
				"west": {"uv": [7.25, 3.25, 8.75, 3.5], "texture": "#texture"},
				"up": {"uv": [7, 7.25, 8.75, 8.75], "texture": "#texture"},
				"down": {"uv": [9, 8.75, 7.25, 7.25], "texture": "#texture"}
			}
		},
		{
			"from": [5.5, 10.75, 9],
			"to": [7.5, 12.25, 9.25],
			"faces": {
				"north": {"uv": [7.25, 3.75, 9, 5.25], "texture": "#texture"},
				"east": {"uv": [6.75, 3.75, 7, 5.25], "texture": "#texture"},
				"south": {"uv": [7, 3.75, 8.75, 5.25], "texture": "#texture"},
				"west": {"uv": [9, 3.75, 9.25, 5.25], "texture": "#texture"},
				"up": {"uv": [7, 9, 8.75, 9.25], "texture": "#texture"},
				"down": {"uv": [9, 9.25, 7.25, 9], "texture": "#texture"}
			}
		},
		{
			"from": [5.5, 10.25, 7.25],
			"to": [7.5, 10.5, 8.75],
			"faces": {
				"north": {"uv": [7.25, 5.5, 9, 5.75], "texture": "#texture"},
				"east": {"uv": [7.25, 5.5, 8.75, 5.75], "texture": "#texture"},
				"south": {"uv": [7, 5.5, 8.75, 5.75], "texture": "#texture"},
				"west": {"uv": [7.25, 5.5, 8.75, 5.75], "texture": "#texture"},
				"up": {"uv": [7, 7.25, 8.75, 8.75], "texture": "#texture"},
				"down": {"uv": [9, 8.75, 7.25, 7.25], "texture": "#texture"}
			}
		},
		{
			"from": [5.5, 10.75, 6.75],
			"to": [7.5, 12.25, 7],
			"faces": {
				"north": {"uv": [7.25, 3.75, 9, 5.25], "texture": "#texture"},
				"east": {"uv": [9, 3.75, 9.25, 5.25], "texture": "#texture"},
				"south": {"uv": [7, 3.75, 8.75, 5.25], "texture": "#texture"},
				"west": {"uv": [6.75, 3.75, 7, 5.25], "texture": "#texture"},
				"up": {"uv": [7, 6.75, 8.75, 7], "texture": "#texture"},
				"down": {"uv": [9, 7, 7.25, 6.75], "texture": "#texture"}
			}
		},
		{
			"from": [5.5, 12.25, 7],
			"to": [7.5, 12.5, 7.25],
			"faces": {
				"north": {"uv": [7.25, 3.5, 9, 3.75], "texture": "#texture"},
				"south": {"uv": [7, 3.5, 8.75, 3.75], "texture": "#texture"},
				"west": {"uv": [7, 3.5, 7.25, 3.75], "texture": "#texture"},
				"up": {"uv": [7, 7, 8.75, 7.25], "texture": "#texture"},
				"down": {"uv": [9, 7.25, 7.25, 7], "texture": "#texture"}
			}
		},
		{
			"from": [5.5, 12.25, 8.75],
			"to": [7.5, 12.5, 9],
			"faces": {
				"north": {"uv": [7.25, 3.5, 9, 3.75], "texture": "#texture"},
				"south": {"uv": [7, 3.5, 8.75, 3.75], "texture": "#texture"},
				"west": {"uv": [8.75, 3.5, 9, 3.75], "texture": "#texture"},
				"up": {"uv": [7, 8.75, 8.75, 9], "texture": "#texture"},
				"down": {"uv": [9, 9, 7.25, 8.75], "texture": "#texture"}
			}
		},
		{
			"from": [5.5, 10.5, 7],
			"to": [7.5, 10.75, 7.25],
			"faces": {
				"north": {"uv": [7.25, 5.25, 9, 5.5], "texture": "#texture"},
				"south": {"uv": [7, 5.25, 8.75, 5.5], "texture": "#texture"},
				"west": {"uv": [7, 5.25, 7.25, 5.5], "texture": "#texture"},
				"up": {"uv": [7, 7, 8.75, 7.25], "texture": "#texture"},
				"down": {"uv": [9, 7.25, 7.25, 7], "texture": "#texture"}
			}
		},
		{
			"from": [5.5, 10.5, 8.75],
			"to": [7.5, 10.75, 9],
			"faces": {
				"north": {"uv": [7.25, 5.25, 9, 5.5], "texture": "#texture"},
				"south": {"uv": [7, 5.25, 8.75, 5.5], "texture": "#texture"},
				"west": {"uv": [8.75, 5.25, 9, 5.5], "texture": "#texture"},
				"up": {"uv": [7, 8.75, 8.75, 9], "texture": "#texture"},
				"down": {"uv": [9, 9, 7.25, 8.75], "texture": "#texture"}
			}
		},
		{
			"from": [26, 3.75, 7.25],
			"to": [26.5, 8.6, 8.75],
			"faces": {
				"north": {"uv": [0, 0, 0.5, 4.85], "texture": "#texture"},
				"east": {"uv": [0, 0, 1.5, 4.85], "texture": "#texture"},
				"south": {"uv": [0, 0, 0.5, 4.85], "texture": "#texture"},
				"west": {"uv": [0, 0, 1.5, 4.85], "texture": "#texture"},
				"up": {"uv": [0, 0, 0.5, 1.5], "texture": "#texture"},
				"down": {"uv": [0, 0, 0.5, 1.5], "texture": "#texture"}
			}
		},
		{
			"from": [19.1, 8, 7.25],
			"to": [26, 8.3, 8.75],
			"faces": {
				"north": {"uv": [0, 0, 6.9, 0.3], "texture": "#wood door texture"},
				"east": {"uv": [0, 0, 1.5, 0.3], "texture": "#wood door texture"},
				"south": {"uv": [0, 0, 6.9, 0.3], "texture": "#wood door texture"},
				"west": {"uv": [0, 0, 1.5, 0.3], "texture": "#wood door texture"},
				"up": {"uv": [0, 0, 6.9, 1.5], "texture": "#wood door texture"},
				"down": {"uv": [0, 0, 6.9, 1.5], "texture": "#wood door texture"}
			}
		},
		{
			"from": [19.6, 8.3, 7.25],
			"to": [26, 8.6, 8.75],
			"faces": {
				"north": {"uv": [0, 0, 6.4, 0.3], "texture": "#wood door texture"},
				"east": {"uv": [0, 0, 1.5, 0.3], "texture": "#wood door texture"},
				"south": {"uv": [0, 0, 6.4, 0.3], "texture": "#wood door texture"},
				"west": {"uv": [0, 0, 1.5, 0.3], "texture": "#wood door texture"},
				"up": {"uv": [0, 0, 6.4, 1.5], "texture": "#wood door texture"},
				"down": {"uv": [0, 0, 6.4, 1.5], "texture": "#wood door texture"}
			}
		},
		{
			"from": [8.5, 10.8, 7.5],
			"to": [15.5, 11.05, 8.5],
			"faces": {
				"north": {"uv": [0, 0, 7, 0.25], "texture": "#texture"},
				"east": {"uv": [0, 0, 1, 0.25], "texture": "#texture"},
				"south": {"uv": [0, 0, 7, 0.25], "texture": "#texture"},
				"west": {"uv": [0, 0, 1, 0.25], "texture": "#texture"},
				"up": {"uv": [0, 0, 7, 1], "texture": "#texture"},
				"down": {"uv": [0, 0, 7, 1], "texture": "#texture"}
			}
		},
		{
			"from": [-12.5, 10, 7.875],
			"to": [-11.25, 10.25, 8.125],
			"faces": {
				"north": {"uv": [0, 0, 1.25, 0.25], "texture": "#texture"},
				"east": {"uv": [0, 0, 0.25, 0.25], "texture": "#texture"},
				"south": {"uv": [0, 0, 1.25, 0.25], "texture": "#texture"},
				"west": {"uv": [0, 0, 0.25, 0.25], "texture": "#texture"},
				"up": {"uv": [0, 0, 1.25, 0.25], "texture": "#texture"},
				"down": {"uv": [0, 0, 1.25, 0.25], "texture": "#texture"}
			}
		},
		{
			"from": [15.9, 10.9, 7.3],
			"to": [15.9, 12.1, 8.6],
			"faces": {
				"north": {"uv": [0, 0, 0, 1.2], "texture": "#3"},
				"east": {"uv": [0, 0, 1.3, 1.2], "texture": "#3"},
				"south": {"uv": [0, 0, 0, 1.2], "texture": "#3"},
				"west": {"uv": [0, 0, 1.3, 1.2], "texture": "#3"},
				"up": {"uv": [0, 0, 0, 1.3], "texture": "#3"},
				"down": {"uv": [0, 0, 0, 1.3], "texture": "#3"}
			}
		},
		{
			"from": [7.9, 10.8, 7.2],
			"to": [7.9, 12.2, 8.8],
			"faces": {
				"north": {"uv": [0, 0, 0, 1.4], "texture": "#3"},
				"east": {"uv": [0, 0, 1.6, 1.4], "texture": "#3"},
				"south": {"uv": [0, 0, 0, 1.4], "texture": "#3"},
				"west": {"uv": [0, 0, 1.6, 1.4], "texture": "#3"},
				"up": {"uv": [0, 0, 0, 1.6], "texture": "#3"},
				"down": {"uv": [0, 0, 0, 1.6], "texture": "#3"}
			}
		}
	],
	"gui_light": "front",
	"display": {
		"thirdperson_righthand": {
			"rotation": [0, -90, 0],
			"translation": [0, 0.75, -5.75],
			"scale": [0.9, 0.9, 0.9]
		},
		"thirdperson_lefthand": {
			"rotation": [0, 90, 0],
			"translation": [0, 0.75, -5.75],
			"scale": [0.9, 0.9, 0.9]
		},
		"firstperson_righthand": {
			"rotation": [0, -90, 0],
			"translation": [0, 2, -7.5],
			"scale": [0.99, 0.99, 0.99]
		},
		"firstperson_lefthand": {
			"rotation": [0, 90, 0],
			"translation": [0, 2, -7.5],
			"scale": [0.99, 0.99, 0.99]
		},
		"ground": {
			"scale": [0.99, 0.99, 0.99]
		},
		"gui": {
			"rotation": [0, 0, -45],
			"scale": [0.52, 0.52, 0.57]
		},
		"fixed": {
			"rotation": [0, 180, -45],
			"translation": [1, 0.25, 0],
			"scale": [0.93, 0.93, 0.93]
		}
	},
	"groups": [
		{
			"name": "m24",
			"origin": [8, 8, 8],
			"color": 0,
			"children": [
				0,
				1,
				2,
				3,
				4,
				5,
				6,
				7,
				8,
				9,
				10,
				11,
				12,
				13,
				14,
				15,
				16,
				17,
				18,
				19,
				20,
				21,
				22,
				23,
				24,
				25,
				26,
				27,
				28,
				29,
				30,
				31,
				32,
				33,
				34,
				35,
				36,
				37,
				38,
				39,
				40,
				41,
				42,
				43,
				44,
				45,
				46,
				47,
				48,
				49,
				50,
				51,
				52,
				53,
				54,
				55,
				56,
				57,
				58,
				59,
				60,
				61,
				62,
				63,
				64,
				65,
				66,
				67,
				68,
				69,
				70,
				71,
				72,
				73
			]
		},
		74,
		75,
		76,
		77,
		78,
		79
	]
}