{
	"credit": "Made by SrDarmith - YouTube: Mainclay",
	"textures": {
		"3": "block/hardened_clay_stained_white",
		"texture": "block/gray_concrete",
		"glass black": "block/anvil_1",
		"clay block": "block/black_stained_glass"
	},
	"elements": [
		{
			"from": [0.5, 9, 7.5],
			"to": [7.5, 10, 8.5],
			"faces": {
				"north": {"uv": [8.5, 6, 15.5, 7], "texture": "#glass black"},
				"east": {"uv": [7.5, 6, 8.5, 7], "texture": "#glass black"},
				"south": {"uv": [0.5, 6, 7.5, 7], "texture": "#glass black"},
				"up": {"uv": [0.5, 7.5, 7.5, 8.5], "texture": "#glass black"},
				"down": {"uv": [15.5, 8.5, 8.5, 7.5], "texture": "#glass black"}
			}
		},
		{
			"from": [-0.5, 7.5, 7.25],
			"to": [2.75, 9, 8.75],
			"faces": {
				"north": {"uv": [13.25, 7, 16, 8.5], "texture": "#texture", "cullface": "west"},
				"south": {"uv": [0, 7, 2.75, 8.5], "texture": "#texture", "cullface": "west"},
				"up": {"uv": [0, 7.25, 2.75, 8.75], "texture": "#texture", "cullface": "west"},
				"down": {"uv": [16, 8.75, 13.25, 7.25], "texture": "#texture", "cullface": "west"}
			}
		},
		{
			"from": [-0.5, 7.25, 7.25],
			"to": [-0.25, 7.5, 8.75],
			"faces": {
				"north": {"uv": [16, 8.5, 16, 8.75], "texture": "#texture", "cullface": "west"},
				"east": {"uv": [7.25, 8.5, 8.75, 8.75], "texture": "#texture", "cullface": "west"},
				"south": {"uv": [0, 8.5, 0, 8.75], "texture": "#texture", "cullface": "west"},
				"down": {"uv": [16, 8.75, 16, 7.25], "texture": "#texture", "cullface": "west"}
			}
		},
		{
			"from": [1.25, 7.25, 7.25],
			"to": [1.5, 7.5, 8.75],
			"faces": {
				"north": {"uv": [14.5, 8.5, 14.75, 8.75], "texture": "#texture"},
				"south": {"uv": [1.25, 8.5, 1.5, 8.75], "texture": "#texture"},
				"west": {"uv": [7.25, 8.5, 8.75, 8.75], "texture": "#texture"},
				"down": {"uv": [14.75, 8.75, 14.5, 7.25], "texture": "#texture"}
			}
		},
		{
			"from": [1.5, 6.75, 7.25],
			"to": [2.75, 7.5, 8.75],
			"faces": {
				"north": {"uv": [13.25, 8.5, 14.5, 9.25], "texture": "#texture"},
				"east": {"uv": [7.25, 8.5, 8.75, 9.25], "texture": "#texture"},
				"south": {"uv": [1.5, 8.5, 2.75, 9.25], "texture": "#texture"},
				"west": {"uv": [7.25, 8.5, 8.75, 9.25], "texture": "#texture"},
				"down": {"uv": [14.5, 8.75, 13.25, 7.25], "texture": "#texture"}
			}
		},
		{
			"from": [1.75, 6.25, 7.25],
			"to": [3, 6.75, 8.75],
			"faces": {
				"north": {"uv": [13, 9.25, 14.25, 9.75], "texture": "#texture"},
				"east": {"uv": [7.25, 9.25, 8.75, 9.75], "texture": "#texture"},
				"south": {"uv": [1.75, 9.25, 3, 9.75], "texture": "#texture"},
				"west": {"uv": [7.25, 9.25, 8.75, 9.75], "texture": "#texture"},
				"up": {"uv": [1.75, 7.25, 3, 8.75], "texture": "#texture"}
			}
		},
		{
			"from": [2, 5.75, 7.25],
			"to": [3.75, 6, 8.75],
			"faces": {
				"north": {"uv": [12.25, 10, 14, 10.25], "texture": "#texture"},
				"east": {"uv": [7.25, 10, 8.75, 10.25], "texture": "#texture"},
				"south": {"uv": [2, 10, 3.75, 10.25], "texture": "#texture"},
				"west": {"uv": [7.25, 10, 8.75, 10.25], "texture": "#texture"},
				"up": {"uv": [2, 7.25, 3.75, 8.75], "texture": "#texture"},
				"down": {"uv": [14, 8.75, 12.25, 7.25], "texture": "#texture"}
			}
		},
		{
			"from": [2.25, 5.25, 7.25],
			"to": [5.25, 5.5, 8.75],
			"faces": {
				"north": {"uv": [10.75, 10.5, 13.5, 10.75], "texture": "#texture"},
				"south": {"uv": [2.5, 10.5, 5.25, 10.75], "texture": "#texture"},
				"west": {"uv": [7.25, 10.5, 8.75, 10.75], "texture": "#texture"},
				"up": {"uv": [2.5, 7.25, 5.25, 8.75], "texture": "#texture"},
				"down": {"uv": [13.5, 8.75, 10.75, 7.25], "texture": "#texture"}
			}
		},
		{
			"from": [2, 5.5, 7.25],
			"to": [4.75, 5.75, 8.75],
			"faces": {
				"north": {"uv": [11.5, 10.25, 13.75, 10.5], "texture": "#texture"},
				"east": {"uv": [7.25, 10.25, 8.75, 10.5], "texture": "#texture"},
				"south": {"uv": [2.25, 10.25, 4.5, 10.5], "texture": "#texture"},
				"west": {"uv": [7.25, 10.25, 8.75, 10.5], "texture": "#texture"},
				"up": {"uv": [2.25, 7.25, 4.5, 8.75], "texture": "#texture"},
				"down": {"uv": [13.75, 8.75, 11.5, 7.25], "texture": "#texture"}
			}
		},
		{
			"from": [1.75, 6, 7.25],
			"to": [3.25, 6.25, 8.75],
			"faces": {
				"north": {"uv": [12.75, 9.75, 14.25, 10], "texture": "#texture"},
				"east": {"uv": [7.25, 9.75, 8.75, 10], "texture": "#texture"},
				"south": {"uv": [1.75, 9.75, 3.25, 10], "texture": "#texture"},
				"west": {"uv": [7.25, 9.75, 8.75, 10], "texture": "#texture"},
				"up": {"uv": [1.75, 7.25, 3.25, 8.75], "texture": "#texture"},
				"down": {"uv": [14.25, 8.75, 12.75, 7.25], "texture": "#texture"}
			}
		},
		{
			"from": [2.75, 5, 7.25],
			"to": [5.25, 5.25, 8.75],
			"faces": {
				"north": {"uv": [10.75, 10.75, 13, 11], "texture": "#texture"},
				"east": {"uv": [7.25, 10.75, 8.75, 11], "texture": "#texture"},
				"south": {"uv": [3, 10.75, 5.25, 11], "texture": "#texture"},
				"west": {"uv": [7.25, 10.75, 8.75, 11], "texture": "#texture"},
				"down": {"uv": [13, 8.75, 10.75, 7.25], "texture": "#texture"}
			}
		},
		{
			"from": [4, 4.5, 7.25],
			"to": [5.25, 4.75, 8.75],
			"faces": {
				"north": {"uv": [10.75, 11.25, 12, 11.5], "texture": "#texture"},
				"east": {"uv": [7.25, 11.25, 8.75, 11.5], "texture": "#texture"},
				"south": {"uv": [4, 11.25, 5.25, 11.5], "texture": "#texture"},
				"west": {"uv": [7.25, 11.25, 8.75, 11.5], "texture": "#texture"},
				"down": {"uv": [12, 8.75, 10.75, 7.25], "texture": "#texture"}
			}
		},
		{
			"from": [2.75, 7.25, 7.25],
			"to": [3, 9, 8.75],
			"faces": {
				"north": {"uv": [13, 7, 13.25, 8.75], "texture": "#texture"},
				"east": {"uv": [7.25, 7, 8.75, 8.75], "texture": "#texture"},
				"south": {"uv": [2.75, 7, 3, 8.75], "texture": "#texture"},
				"west": {"uv": [7.25, 7, 8.75, 8.75], "texture": "#texture"},
				"up": {"uv": [2.75, 7.25, 3, 8.75], "texture": "#texture"},
				"down": {"uv": [13.25, 8.75, 13, 7.25], "texture": "#texture"}
			}
		},
		{
			"from": [3, 7.75, 7.25],
			"to": [3.25, 9, 8.75],
			"faces": {
				"north": {"uv": [12.75, 7, 13, 8.25], "texture": "#texture"},
				"east": {"uv": [7.25, 7, 8.75, 8.25], "texture": "#texture"},
				"south": {"uv": [3, 7, 3.25, 8.25], "texture": "#texture"},
				"up": {"uv": [3, 7.25, 3.25, 8.75], "texture": "#texture"},
				"down": {"uv": [13, 8.75, 12.75, 7.25], "texture": "#texture"}
			}
		},
		{
			"from": [3.25, 8, 7.25],
			"to": [8.25, 9, 8.75],
			"faces": {
				"north": {"uv": [7.75, 7, 12.75, 8], "texture": "#texture"},
				"east": {"uv": [7.25, 7, 8.75, 8], "texture": "#texture"},
				"south": {"uv": [3.25, 7, 8.25, 8], "texture": "#texture"},
				"up": {"uv": [3.25, 7.25, 8.25, 8.75], "texture": "#texture"},
				"down": {"uv": [12.75, 8.75, 7.75, 7.25], "texture": "#texture"}
			}
		},
		{
			"from": [3.25, 4.75, 7.25],
			"to": [5.25, 5, 8.75],
			"faces": {
				"north": {"uv": [10.75, 11, 12.5, 11.25], "texture": "#texture"},
				"east": {"uv": [7.25, 11, 8.75, 11.25], "texture": "#texture"},
				"south": {"uv": [3.5, 11, 5.25, 11.25], "texture": "#texture"},
				"west": {"uv": [7.25, 11, 8.75, 11.25], "texture": "#texture"},
				"down": {"uv": [12.5, 8.75, 10.75, 7.25], "texture": "#texture"}
			}
		},
		{
			"from": [4.75, 5.5, 7.25],
			"to": [6.25, 6.25, 8.75],
			"faces": {
				"north": {"uv": [9.75, 9.75, 11.25, 10.5], "texture": "#texture"},
				"south": {"uv": [4.75, 9.75, 6.25, 10.5], "texture": "#texture"},
				"west": {"uv": [7.25, 9.75, 8.75, 10.5], "texture": "#texture"},
				"up": {"uv": [4.75, 7.25, 6.25, 8.75], "texture": "#texture"},
				"down": {"uv": [11.25, 8.75, 9.75, 7.25], "texture": "#texture"}
			}
		},
		{
			"from": [6.25, 5.5, 7.25],
			"to": [8.25, 8, 8.75],
			"faces": {
				"north": {"uv": [7.75, 8, 9.75, 10.5], "texture": "#texture"},
				"east": {"uv": [7.25, 8, 8.75, 10.5], "texture": "#texture"},
				"south": {"uv": [6.25, 8, 8.25, 10.5], "texture": "#texture"},
				"west": {"uv": [7.25, 8, 8.75, 10.5], "texture": "#texture"},
				"down": {"uv": [9.75, 8.75, 7.75, 7.25], "texture": "#texture"}
			}
		},
		{
			"from": [6, 6, 7.75],
			"to": [7.25, 8.25, 8.25],
			"rotation": {"angle": -22.5, "axis": "z", "origin": [6, 8.25, 7.75]},
			"faces": {
				"north": {"uv": [9.75, 8.25, 10.75, 10.25], "texture": "#glass black"},
				"east": {"uv": [8, 8.25, 8.5, 10.25], "texture": "#glass black"},
				"south": {"uv": [5.25, 8.25, 6.25, 10.25], "texture": "#glass black"},
				"west": {"uv": [7.5, 8.25, 8, 10.25], "texture": "#glass black"},
				"up": {"uv": [5.25, 7.5, 6.25, 8], "texture": "#glass black"},
				"down": {"uv": [10.75, 8, 9.75, 7.5], "texture": "#glass black"}
			}
		},
		{
			"from": [6.8, 5.55, 7.25],
			"to": [10.8, 7.3, 8.75],
			"rotation": {"angle": -22.5, "axis": "z", "origin": [6.75, 7.5, 7.25]},
			"faces": {
				"north": {"uv": [6.75, 9.25, 10.75, 11], "texture": "#texture"},
				"east": {"uv": [7.25, 9.25, 8.75, 11], "texture": "#texture"},
				"south": {"uv": [6.75, 9.25, 10.75, 11], "texture": "#texture"},
				"west": {"uv": [7.25, 9.25, 8.75, 11], "texture": "#texture"},
				"up": {"uv": [6.75, 7.25, 10.75, 8.75], "texture": "#texture"},
				"down": {"uv": [6.75, 7.25, 10.75, 8.75], "texture": "#texture"}
			}
		},
		{
			"from": [5.25, 5.25, 7.25],
			"to": [5.5, 5.5, 8.75],
			"faces": {
				"north": {"uv": [10.5, 10.5, 10.75, 10.75], "texture": "#texture"},
				"east": {"uv": [7.25, 10.5, 8.75, 10.75], "texture": "#texture"},
				"south": {"uv": [5.25, 10.5, 5.5, 10.75], "texture": "#texture"},
				"down": {"uv": [10.75, 8.75, 10.5, 7.25], "texture": "#texture"}
			}
		},
		{
			"from": [9.75, 4.15, 7.25],
			"to": [11.75, 5.9, 8.75],
			"faces": {
				"north": {"uv": [4.25, 10, 6.25, 11.75], "texture": "#texture"},
				"east": {"uv": [7.25, 10, 8.75, 11.75], "texture": "#texture"},
				"south": {"uv": [9.75, 10, 11.75, 11.75], "texture": "#texture"},
				"west": {"uv": [7.25, 10, 8.75, 11.75], "texture": "#texture"},
				"up": {"uv": [9.75, 7.25, 11.75, 8.75], "texture": "#texture"},
				"down": {"uv": [6.25, 8.75, 4.25, 7.25], "texture": "#texture"}
			}
		},
		{
			"from": [11, 4, 7.25],
			"to": [14.75, 5.75, 8.75],
			"rotation": {"angle": 22.5, "axis": "z", "origin": [11, 5.75, 7.25]},
			"faces": {
				"north": {"uv": [0.5, 10, 4.25, 11.75], "texture": "#texture"},
				"east": {"uv": [7.25, 10, 8.75, 11.75], "texture": "#texture"},
				"south": {"uv": [11.75, 10, 15.5, 11.75], "texture": "#texture"},
				"west": {"uv": [7.25, 10, 8.75, 11.75], "texture": "#texture"},
				"up": {"uv": [11.75, 7.25, 15.5, 8.75], "texture": "#texture"},
				"down": {"uv": [4.25, 8.75, 0.5, 7.25], "texture": "#texture"}
			}
		},
		{
			"from": [7.75, 6.75, 7.25],
			"to": [8.5, 7.25, 8.75],
			"faces": {
				"north": {"uv": [7.5, 8.75, 8.25, 9.25], "texture": "#texture"},
				"east": {"uv": [7.25, 8.75, 8.75, 9.25], "texture": "#texture"},
				"south": {"uv": [7.75, 8.75, 8.5, 9.25], "texture": "#texture"},
				"west": {"uv": [7.25, 8.75, 8.75, 9.25], "texture": "#texture"},
				"up": {"uv": [7.75, 7.25, 8.5, 8.75], "texture": "#texture"},
				"down": {"uv": [8.25, 8.75, 7.5, 7.25], "texture": "#texture"}
			}
		},
		{
			"from": [8.225, 6.25, 7.25],
			"to": [9, 6.75, 8.75],
			"faces": {
				"north": {"uv": [7, 9.25, 7.5, 9.75], "texture": "#texture"},
				"east": {"uv": [7.25, 9.25, 8.75, 9.75], "texture": "#texture"},
				"south": {"uv": [8.5, 9.25, 9, 9.75], "texture": "#texture"},
				"west": {"uv": [7.25, 9.25, 8.75, 9.75], "texture": "#texture"},
				"up": {"uv": [8.5, 7.25, 9, 8.75], "texture": "#texture"},
				"down": {"uv": [7.5, 8.75, 7, 7.25], "texture": "#texture"}
			}
		},
		{
			"from": [8.5, 6.75, 7.25],
			"to": [8.75, 7, 8.75],
			"faces": {
				"north": {"uv": [7.25, 9, 7.5, 9.25], "texture": "#texture"},
				"east": {"uv": [7.25, 9, 8.75, 9.25], "texture": "#texture"},
				"south": {"uv": [8.5, 9, 8.75, 9.25], "texture": "#texture"},
				"up": {"uv": [8.5, 7.25, 8.75, 8.75], "texture": "#texture"}
			}
		},
		{
			"from": [8.25, 8.25, 7.25],
			"to": [14.25, 8.5, 8.75],
			"faces": {
				"north": {"uv": [1.75, 7.5, 7.75, 7.75], "texture": "#texture"},
				"south": {"uv": [8.25, 7.5, 14.25, 7.75], "texture": "#texture"},
				"down": {"uv": [7.75, 8.75, 1.75, 7.25], "texture": "#texture"}
			}
		},
		{
			"from": [8.25, 8, 7.25],
			"to": [8.5, 8.25, 8.75],
			"faces": {
				"north": {"uv": [7.5, 7.75, 7.75, 8], "texture": "#texture"},
				"east": {"uv": [7.25, 7.75, 8.75, 8], "texture": "#texture"},
				"south": {"uv": [8.25, 7.75, 8.5, 8], "texture": "#texture"},
				"down": {"uv": [7.75, 8.75, 7.5, 7.25], "texture": "#texture"}
			}
		},
		{
			"from": [5.75, 8.5, 6.75],
			"to": [21.5, 9.25, 9.25],
			"faces": {
				"north": {"uv": [0, 6.75, 10.25, 7.5], "texture": "#texture", "cullface": "east"},
				"east": {"uv": [6.75, 6.75, 9.25, 7.5], "texture": "#texture", "cullface": "east"},
				"south": {"uv": [5.75, 6.75, 16, 7.5], "texture": "#texture", "cullface": "east"},
				"west": {"uv": [6.75, 6.75, 9.25, 7.5], "texture": "#texture", "cullface": "east"},
				"up": {"uv": [5.75, 6.75, 16, 9.25], "texture": "#texture", "cullface": "east"},
				"down": {"uv": [10.25, 9.25, 0, 6.75], "texture": "#texture", "cullface": "east"}
			}
		},
		{
			"from": [5.5, 5.75, 7.75],
			"to": [6.75, 8, 8.25],
			"faces": {
				"north": {"uv": [9.25, 8, 10.5, 10.25], "texture": "#glass black"},
				"east": {"uv": [7.75, 8, 8.25, 10.25], "texture": "#glass black"},
				"south": {"uv": [5.5, 8, 6.75, 10.25], "texture": "#glass black"},
				"west": {"uv": [7.75, 8, 8.25, 10.25], "texture": "#glass black"},
				"down": {"uv": [10.5, 8.25, 9.25, 7.75], "texture": "#glass black"}
			}
		},
		{
			"from": [5.25, 5.5, 7.75],
			"to": [6.25, 8, 8.25],
			"rotation": {"angle": 22.5, "axis": "z", "origin": [5.25, 8, 7.75]},
			"faces": {
				"north": {"uv": [9.25, 7.25, 10.25, 9.75], "texture": "#glass black"},
				"south": {"uv": [5.75, 7.25, 6.75, 9.75], "texture": "#glass black"},
				"west": {"uv": [7.25, 7.25, 8.75, 9.75], "texture": "#glass black"},
				"down": {"uv": [10.25, 8.75, 9.25, 7.25], "texture": "#glass black"}
			}
		},
		{
			"from": [11.25, 5, 7.25],
			"to": [13.75, 5.75, 8.75],
			"rotation": {"angle": 45, "axis": "z", "origin": [11.25, 5.75, 7.25]},
			"faces": {
				"north": {"uv": [2, 9.5, 4.5, 10.25], "texture": "#texture"},
				"east": {"uv": [7.25, 9.5, 8.75, 10.25], "texture": "#texture"},
				"south": {"uv": [11.5, 9.5, 14, 10.25], "texture": "#texture"},
				"west": {"uv": [7.25, 9.5, 8.75, 10.25], "texture": "#texture"},
				"up": {"uv": [11.5, 7.25, 14, 8.75], "texture": "#texture"},
				"down": {"uv": [4.5, 8.75, 2, 7.25], "texture": "#texture"}
			}
		},
		{
			"from": [12.5, 6, 7.25],
			"to": [14.25, 8.25, 8.75],
			"faces": {
				"north": {"uv": [1.75, 7.75, 3.5, 10], "texture": "#texture"},
				"south": {"uv": [12.5, 7.75, 14.25, 10], "texture": "#texture"},
				"west": {"uv": [7.25, 7.75, 8.75, 10], "texture": "#texture"},
				"down": {"uv": [3.5, 8.75, 1.75, 7.25], "texture": "#texture"}
			}
		},
		{
			"from": [11.25, 8.25, 7.25],
			"to": [13.5, 9, 8.75],
			"rotation": {"angle": -22.5, "axis": "z", "origin": [11.25, 9, 7.25]},
			"faces": {
				"north": {"uv": [5.5, 0, 8.5, 0.75], "texture": "#texture"},
				"east": {"uv": [7.25, 0, 8.75, 0.75], "texture": "#texture"},
				"south": {"uv": [7.5, 0, 10.5, 0.75], "texture": "#texture"},
				"west": {"uv": [7.25, 0, 8.75, 0.75], "texture": "#texture"},
				"up": {"uv": [7.5, 7.25, 10.5, 8.75], "texture": "#texture"},
				"down": {"uv": [8.5, 8.75, 5.5, 7.25], "texture": "#texture"}
			}
		},
		{
			"from": [12, 8, 7.25],
			"to": [13.75, 8.5, 8.75],
			"rotation": {"angle": -45, "axis": "z", "origin": [12, 8.5, 7.25]},
			"faces": {
				"north": {"uv": [6.75, 0, 8.5, 0.5], "texture": "#texture"},
				"east": {"uv": [7.25, 0, 8.75, 0.5], "texture": "#texture"},
				"south": {"uv": [7.5, 0, 9.25, 0.5], "texture": "#texture"},
				"west": {"uv": [7.25, 0, 8.75, 0.5], "texture": "#texture"},
				"down": {"uv": [8.5, 8.75, 6.75, 7.25], "texture": "#texture"}
			}
		},
		{
			"from": [12.25, 6.75, 7.25],
			"to": [13, 7.75, 8.75],
			"faces": {
				"north": {"uv": [3, 8.25, 3.75, 9.25], "texture": "#texture"},
				"east": {"uv": [7.25, 8.25, 8.75, 9.25], "texture": "#texture"},
				"south": {"uv": [12.25, 8.25, 13, 9.25], "texture": "#texture"},
				"west": {"uv": [7.25, 8.25, 8.75, 9.25], "texture": "#texture"},
				"up": {"uv": [12.25, 7.25, 13, 8.75], "texture": "#texture"},
				"down": {"uv": [3.75, 8.75, 3, 7.25], "texture": "#texture"}
			}
		},
		{
			"from": [14.25, 5.25, 7],
			"to": [21.5, 8.5, 9],
			"faces": {
				"north": {"uv": [0, 7.5, 1.75, 10.75], "texture": "#texture", "cullface": "east"},
				"east": {"uv": [7, 7.5, 9, 10.75], "texture": "#texture", "cullface": "east"},
				"south": {"uv": [14.25, 7.5, 16, 10.75], "texture": "#texture", "cullface": "east"},
				"west": {"uv": [7, 7.5, 9, 10.75], "texture": "#texture", "cullface": "east"},
				"down": {"uv": [1.75, 9, 0, 7], "texture": "#texture", "cullface": "east"}
			}
		},
		{
			"from": [14.25, 10, 6.75],
			"to": [21.5, 11.25, 9.25],
			"faces": {
				"north": {"uv": [0, 4.75, 1.75, 6], "texture": "#texture", "cullface": "east"},
				"east": {"uv": [6.75, 4.75, 9.25, 6], "texture": "#texture", "cullface": "east"},
				"south": {"uv": [14.25, 4.75, 16, 6], "texture": "#texture", "cullface": "east"},
				"west": {"uv": [6.75, 4.75, 9.25, 6], "texture": "#texture", "cullface": "east"},
				"up": {"uv": [14.25, 6.75, 16, 9.25], "texture": "#texture", "cullface": "east"}
			}
		},
		{
			"from": [7.5, 9.25, 6.75],
			"to": [21.5, 10, 9.25],
			"faces": {
				"north": {"uv": [0, 6, 8.5, 6.75], "texture": "#texture", "cullface": "east"},
				"east": {"uv": [6.75, 6, 9.25, 6.75], "texture": "#texture", "cullface": "east"},
				"south": {"uv": [7.5, 6, 16, 6.75], "texture": "#texture", "cullface": "east"},
				"west": {"uv": [6.75, 6, 9.25, 6.75], "texture": "#texture", "cullface": "east"},
				"up": {"uv": [7.5, 6.75, 16, 9.25], "texture": "#texture", "cullface": "east"}
			}
		},
		{
			"from": [1.425, 10.25, 7.3],
			"to": [14.175, 11.5, 8.7],
			"rotation": {"angle": 0, "axis": "y", "origin": [3, 0, 0]},
			"faces": {
				"north": {"uv": [0, 15, 11.75, 16], "texture": "#clay block"},
				"east": {"uv": [0, 0, 0, 0], "texture": "#clay block"},
				"south": {"uv": [0, 15, 11.75, 16], "texture": "#clay block"},
				"west": {"uv": [15, 14.75, 16, 16], "texture": "#clay block"},
				"up": {"uv": [0, 15, 11.75, 16], "texture": "#clay block"},
				"down": {"uv": [11.75, 16, 0, 15], "texture": "#clay block"}
			}
		},
		{
			"from": [1.625, 10.525, 7.475],
			"to": [13.95, 11.225, 8.55],
			"rotation": {"angle": 0, "axis": "y", "origin": [3, 0, 0]},
			"faces": {
				"north": {"uv": [0, 15, 11.75, 16], "texture": "#3"},
				"east": {"uv": [0, 0, 0, 0], "texture": "#3"},
				"south": {"uv": [0, 15, 11.75, 16], "texture": "#3"},
				"west": {"uv": [15, 14.75, 16, 16], "texture": "#3"},
				"up": {"uv": [0, 15, 11.75, 16], "texture": "#3"},
				"down": {"uv": [11.75, 16, 0, 15], "texture": "#3"}
			}
		},
		{
			"from": [-1, 9, 7.25],
			"to": [0.5, 11, 8.75],
			"faces": {
				"north": {"uv": [15.5, 5, 16, 7], "texture": "#glass black", "cullface": "west"},
				"east": {"uv": [7.25, 5, 8.75, 7], "texture": "#glass black", "cullface": "west"},
				"south": {"uv": [0, 5, 0.5, 7], "texture": "#glass black", "cullface": "west"},
				"west": {"uv": [7.25, 5, 8.75, 7], "texture": "#glass black", "cullface": "west"},
				"up": {"uv": [0, 7.25, 0.5, 8.75], "texture": "#glass black", "cullface": "west"},
				"down": {"uv": [16, 8.75, 15.5, 7.25], "texture": "#glass black", "cullface": "west"}
			}
		},
		{
			"from": [-0.175, 10.85, 7.25],
			"to": [1.325, 12.75, 8.75],
			"rotation": {"angle": -22.5, "axis": "z", "origin": [-0.25, 13, 7.25]},
			"faces": {
				"north": {"uv": [0, 3, 1.5, 5.25], "texture": "#glass black", "cullface": "west"},
				"east": {"uv": [7.25, 3, 8.75, 5.25], "texture": "#glass black", "cullface": "west"},
				"south": {"uv": [0, 3, 1.5, 5.25], "texture": "#glass black", "cullface": "west"},
				"west": {"uv": [7.25, 3, 8.75, 5.25], "texture": "#glass black", "cullface": "west"},
				"up": {"uv": [0, 7.25, 1.5, 8.75], "texture": "#glass black", "cullface": "west"},
				"down": {"uv": [-0.25, 7.25, 1.25, 8.75], "texture": "#glass black", "cullface": "west"}
			}
		},
		{
			"from": [-0.275, 12, 7.5],
			"to": [6.775, 12.75, 8.5],
			"faces": {
				"north": {"uv": [9.5, 3, 16, 4], "texture": "#glass black", "cullface": "west"},
				"east": {"uv": [7.25, 3, 8.75, 4], "texture": "#glass black", "cullface": "west"},
				"south": {"uv": [0, 3, 6.5, 4], "texture": "#glass black", "cullface": "west"},
				"west": {"uv": [7.25, 3, 8.75, 4], "texture": "#glass black", "cullface": "west"},
				"up": {"uv": [0, 7.25, 6.5, 8.75], "texture": "#glass black", "cullface": "west"},
				"down": {"uv": [16, 8.75, 9.5, 7.25], "texture": "#glass black", "cullface": "west"}
			}
		},
		{
			"from": [5.075, 10.125, 7],
			"to": [6.825, 12.025, 7.25],
			"rotation": {"angle": 22.5, "axis": "z", "origin": [5, 12.25, 7.25]},
			"faces": {
				"north": {"uv": [5, 3.75, 6.75, 6], "texture": "#glass black"},
				"east": {"uv": [7.25, 3.75, 8.75, 6], "texture": "#glass black"},
				"south": {"uv": [5, 3.75, 6.75, 6], "texture": "#glass black"},
				"west": {"uv": [7.25, 3.75, 8.75, 6], "texture": "#glass black"},
				"up": {"uv": [5, 7.25, 6.75, 8.75], "texture": "#glass black"}
			}
		},
		{
			"from": [5.075, 10.125, 8.75],
			"to": [6.825, 12.025, 9],
			"rotation": {"angle": 22.5, "axis": "z", "origin": [5, 12.25, 7.25]},
			"faces": {
				"north": {"uv": [5, 3.75, 6.75, 6], "texture": "#glass black"},
				"east": {"uv": [7.25, 3.75, 8.75, 6], "texture": "#glass black"},
				"south": {"uv": [5, 3.75, 6.75, 6], "texture": "#glass black"},
				"west": {"uv": [7.25, 3.75, 8.75, 6], "texture": "#glass black"},
				"up": {"uv": [5, 7.25, 6.75, 8.75], "texture": "#glass black"}
			}
		},
		{
			"from": [5.75, 9.25, 8.75],
			"to": [7.5, 11, 9],
			"faces": {
				"north": {"uv": [8.5, 5, 10.25, 6.75], "texture": "#glass black"},
				"east": {"uv": [7.25, 5, 8.75, 6.75], "texture": "#glass black"},
				"south": {"uv": [5.75, 5, 7.5, 6.75], "texture": "#glass black"},
				"west": {"uv": [7.25, 5, 8.75, 6.75], "texture": "#glass black"}
			}
		},
		{
			"from": [5.75, 9.25, 7],
			"to": [7.5, 11, 7.25],
			"faces": {
				"north": {"uv": [8.5, 5, 10.25, 6.75], "texture": "#glass black"},
				"east": {"uv": [7.25, 5, 8.75, 6.75], "texture": "#glass black"},
				"south": {"uv": [5.75, 5, 7.5, 6.75], "texture": "#glass black"},
				"west": {"uv": [7.25, 5, 8.75, 6.75], "texture": "#glass black"}
			}
		},
		{
			"from": [1.75, 14, 7.5],
			"to": [4.75, 14.25, 8.5],
			"rotation": {"angle": 0, "axis": "y", "origin": [0, -0.25, 0]},
			"faces": {
				"north": {"uv": [15.25, 1.75, 15.5, 2], "texture": "#glass black"},
				"east": {"uv": [7.75, 1.75, 8.25, 2], "texture": "#glass black"},
				"south": {"uv": [0.5, 1.75, 0.75, 2], "texture": "#glass black"},
				"west": {"uv": [7.75, 1.75, 8.25, 2], "texture": "#glass black"},
				"up": {"uv": [0.5, 7.75, 0.75, 8.25], "texture": "#glass black"},
				"down": {"uv": [15.5, 8.25, 15.25, 7.75], "texture": "#glass black"}
			}
		},
		{
			"from": [1.75, 12.75, 7.5],
			"to": [5, 13.5, 8.5],
			"rotation": {"angle": 0, "axis": "y", "origin": [0, -0.25, 0]},
			"faces": {
				"north": {"uv": [10.25, 2.5, 11.25, 3], "texture": "#glass black"},
				"east": {"uv": [7.5, 2.5, 8.5, 3], "texture": "#glass black"},
				"south": {"uv": [4.75, 2.5, 5.75, 3], "texture": "#glass black"},
				"west": {"uv": [7.5, 2.5, 8.5, 3], "texture": "#glass black"},
				"up": {"uv": [4.75, 7.5, 5.75, 8.5], "texture": "#glass black"}
			}
		},
		{
			"from": [1.75, 13.5, 7.5],
			"to": [4.75, 14, 7.75],
			"rotation": {"angle": 0, "axis": "y", "origin": [0, -0.25, 0]},
			"faces": {
				"north": {"uv": [10.25, 2, 11.25, 2.5], "texture": "#glass black"},
				"east": {"uv": [8.25, 2, 8.5, 2.5], "texture": "#glass black"},
				"south": {"uv": [4.75, 2, 5.75, 2.5], "texture": "#glass black"},
				"west": {"uv": [7.5, 2, 7.75, 2.5], "texture": "#glass black"},
				"up": {"uv": [4.75, 7.5, 5.75, 7.75], "texture": "#glass black"}
			}
		},
		{
			"from": [1.75, 13.5, 8.25],
			"to": [4.75, 14, 8.5],
			"rotation": {"angle": 0, "axis": "y", "origin": [0, -0.25, 0]},
			"faces": {
				"north": {"uv": [10.25, 2, 11.25, 2.5], "texture": "#glass black"},
				"east": {"uv": [7.5, 2, 7.75, 2.5], "texture": "#glass black"},
				"south": {"uv": [4.75, 2, 5.75, 2.5], "texture": "#glass black"},
				"west": {"uv": [8.25, 2, 8.5, 2.5], "texture": "#glass black"},
				"up": {"uv": [4.75, 8.25, 5.75, 8.5], "texture": "#glass black"}
			}
		},
		{
			"from": [-0.275, 12, 7.25],
			"to": [6.775, 13.25, 7.5],
			"rotation": {"angle": 0, "axis": "y", "origin": [0, -0.25, 0]},
			"faces": {
				"north": {"uv": [10.25, 2, 11.25, 2.5], "texture": "#glass black"},
				"east": {"uv": [7.5, 2, 7.75, 2.5], "texture": "#glass black"},
				"south": {"uv": [4.75, 2, 5.75, 2.5], "texture": "#glass black"},
				"west": {"uv": [8.25, 2, 8.5, 2.5], "texture": "#glass black"},
				"up": {"uv": [4.75, 8.25, 5.75, 8.5], "texture": "#glass black"},
				"down": {"uv": [0, 0, 0, 0], "texture": "#glass black"}
			}
		},
		{
			"from": [-0.275, 12, 8.5],
			"to": [6.775, 13.25, 8.75],
			"rotation": {"angle": 0, "axis": "y", "origin": [0, -0.25, 0]},
			"faces": {
				"north": {"uv": [10.25, 2, 11.25, 2.5], "texture": "#glass black"},
				"east": {"uv": [7.5, 2, 7.75, 2.5], "texture": "#glass black"},
				"south": {"uv": [4.75, 2, 5.75, 2.5], "texture": "#glass black"},
				"west": {"uv": [8.25, 2, 8.5, 2.5], "texture": "#glass black"},
				"up": {"uv": [4.75, 8.25, 5.75, 8.5], "texture": "#glass black"},
				"down": {"uv": [0, 0, 0, 0], "texture": "#glass black"}
			}
		},
		{
			"from": [-0.275, 13.25, 8.5],
			"to": [0.525, 13.5, 8.75],
			"rotation": {"angle": 0, "axis": "y", "origin": [0, -0.25, 0]},
			"faces": {
				"north": {"uv": [10.25, 2, 11.25, 2.5], "texture": "#glass black"},
				"east": {"uv": [7.5, 2, 7.75, 2.5], "texture": "#glass black"},
				"south": {"uv": [4.75, 2, 5.75, 2.5], "texture": "#glass black"},
				"west": {"uv": [8.25, 2, 8.5, 2.5], "texture": "#glass black"},
				"up": {"uv": [4.75, 8.25, 5.75, 8.5], "texture": "#glass black"}
			}
		},
		{
			"from": [-0.275, 13.25, 7.25],
			"to": [0.525, 13.5, 7.5],
			"rotation": {"angle": 0, "axis": "y", "origin": [0, -0.25, 0]},
			"faces": {
				"north": {"uv": [10.25, 2, 11.25, 2.5], "texture": "#glass black"},
				"east": {"uv": [7.5, 2, 7.75, 2.5], "texture": "#glass black"},
				"south": {"uv": [4.75, 2, 5.75, 2.5], "texture": "#glass black"},
				"west": {"uv": [8.25, 2, 8.5, 2.5], "texture": "#glass black"},
				"up": {"uv": [4.75, 8.25, 5.75, 8.5], "texture": "#glass black"}
			}
		},
		{
			"from": [5.975, 13.25, 7.25],
			"to": [6.775, 13.5, 7.5],
			"rotation": {"angle": 0, "axis": "y", "origin": [0, -0.25, 0]},
			"faces": {
				"north": {"uv": [10.25, 2, 11.25, 2.5], "texture": "#glass black"},
				"east": {"uv": [7.5, 2, 7.75, 2.5], "texture": "#glass black"},
				"south": {"uv": [4.75, 2, 5.75, 2.5], "texture": "#glass black"},
				"west": {"uv": [8.25, 2, 8.5, 2.5], "texture": "#glass black"},
				"up": {"uv": [4.75, 8.25, 5.75, 8.5], "texture": "#glass black"}
			}
		},
		{
			"from": [5.975, 13.25, 8.5],
			"to": [6.775, 13.5, 8.75],
			"rotation": {"angle": 0, "axis": "y", "origin": [0, -0.25, 0]},
			"faces": {
				"north": {"uv": [10.25, 2, 11.25, 2.5], "texture": "#glass black"},
				"east": {"uv": [7.5, 2, 7.75, 2.5], "texture": "#glass black"},
				"south": {"uv": [4.75, 2, 5.75, 2.5], "texture": "#glass black"},
				"west": {"uv": [8.25, 2, 8.5, 2.5], "texture": "#glass black"},
				"up": {"uv": [4.75, 8.25, 5.75, 8.5], "texture": "#glass black"}
			}
		},
		{
			"from": [1.775, 14.3, 7.5],
			"to": [3.4, 15.075, 7.75],
			"rotation": {"angle": 45, "axis": "z", "origin": [4, 12.5, 7.5]},
			"faces": {
				"north": {"uv": [7.5, 0, 8.5, 0.75], "texture": "#glass black"},
				"east": {"uv": [7.25, 0, 8.75, 0.75], "texture": "#glass black"},
				"south": {"uv": [7.5, 0, 8.5, 0.75], "texture": "#glass black"},
				"west": {"uv": [7.25, 0, 8.75, 0.75], "texture": "#glass black"},
				"up": {"uv": [7.5, 7.25, 8.5, 8.75], "texture": "#glass black"},
				"down": {"uv": [8.5, 8.75, 7.5, 7.25], "texture": "#glass black"}
			}
		},
		{
			"from": [1.775, 14.3, 8.25],
			"to": [3.4, 15.075, 8.5],
			"rotation": {"angle": 45, "axis": "z", "origin": [4, 12.5, 7.5]},
			"faces": {
				"north": {"uv": [7.5, 0, 8.5, 0.75], "texture": "#glass black"},
				"east": {"uv": [7.25, 0, 8.75, 0.75], "texture": "#glass black"},
				"south": {"uv": [7.5, 0, 8.5, 0.75], "texture": "#glass black"},
				"west": {"uv": [7.25, 0, 8.75, 0.75], "texture": "#glass black"},
				"up": {"uv": [7.5, 7.25, 8.5, 8.75], "texture": "#glass black"},
				"down": {"uv": [8.5, 8.75, 7.5, 7.25], "texture": "#glass black"}
			}
		},
		{
			"from": [4.85, 11.325, 7.5],
			"to": [5.525, 12.975, 7.75],
			"rotation": {"angle": 45, "axis": "z", "origin": [4, 12.5, 7.5]},
			"faces": {
				"north": {"uv": [7.5, 0, 8.5, 0.75], "texture": "#glass black"},
				"east": {"uv": [7.25, 0, 8.75, 0.75], "texture": "#glass black"},
				"south": {"uv": [7.5, 0, 8.5, 0.75], "texture": "#glass black"},
				"west": {"uv": [7.25, 0, 8.75, 0.75], "texture": "#glass black"},
				"up": {"uv": [7.5, 7.25, 8.5, 8.75], "texture": "#glass black"},
				"down": {"uv": [8.5, 8.75, 7.5, 7.25], "texture": "#glass black"}
			}
		},
		{
			"from": [4.85, 11.325, 8.25],
			"to": [5.525, 12.975, 8.5],
			"rotation": {"angle": 45, "axis": "z", "origin": [4, 12.5, 7.5]},
			"faces": {
				"north": {"uv": [7.5, 0, 8.5, 0.75], "texture": "#glass black"},
				"east": {"uv": [7.25, 0, 8.75, 0.75], "texture": "#glass black"},
				"south": {"uv": [7.5, 0, 8.5, 0.75], "texture": "#glass black"},
				"west": {"uv": [7.25, 0, 8.75, 0.75], "texture": "#glass black"},
				"up": {"uv": [7.5, 7.25, 8.5, 8.75], "texture": "#glass black"},
				"down": {"uv": [8.5, 8.75, 7.5, 7.25], "texture": "#glass black"}
			}
		},
		{
			"from": [0.875, 10, 7.75],
			"to": [1.375, 12, 8.25],
			"faces": {
				"north": {"uv": [14.625, 4, 15.125, 6], "texture": "#glass black"},
				"east": {"uv": [7.75, 4, 8.25, 6], "texture": "#glass black"},
				"south": {"uv": [0.875, 4, 1.375, 6], "texture": "#glass black"},
				"west": {"uv": [7.75, 4, 8.25, 6], "texture": "#glass black"}
			}
		},
		{
			"from": [2.25, 8.625, 8.75],
			"to": [5.75, 9.125, 9],
			"faces": {
				"north": {"uv": [10.25, 6.875, 13.75, 7.375], "texture": "#texture"},
				"south": {"uv": [2.25, 6.875, 5.75, 7.375], "texture": "#texture"},
				"west": {"uv": [8.75, 6.875, 9, 7.375], "texture": "#texture"},
				"up": {"uv": [2.25, 8.75, 5.75, 9], "texture": "#texture"},
				"down": {"uv": [13.75, 9, 10.25, 8.75], "texture": "#texture"}
			}
		},
		{
			"from": [-2.75, 9.75, 7.75],
			"to": [-1, 10, 8.25],
			"faces": {
				"north": {"uv": [0, 0, 1.75, 0.25], "texture": "#texture"},
				"east": {"uv": [0, 0, 0.5, 0.25], "texture": "#texture"},
				"south": {"uv": [0, 0, 1.75, 0.25], "texture": "#texture"},
				"west": {"uv": [0, 0, 0.5, 0.25], "texture": "#texture"},
				"up": {"uv": [0, 0, 1.75, 0.5], "texture": "#texture"},
				"down": {"uv": [0, 0, 1.75, 0.5], "texture": "#texture"}
			}
		},
		{
			"from": [-2.75, 9, 7.75],
			"to": [-1, 9.25, 8.25],
			"faces": {
				"north": {"uv": [0, 0, 1.75, 0.25], "texture": "#texture"},
				"east": {"uv": [0, 0, 0.5, 0.25], "texture": "#texture"},
				"south": {"uv": [0, 0, 1.75, 0.25], "texture": "#texture"},
				"west": {"uv": [0, 0, 0.5, 0.25], "texture": "#texture"},
				"up": {"uv": [0, 0, 1.75, 0.5], "texture": "#texture"},
				"down": {"uv": [0, 0, 1.75, 0.5], "texture": "#texture"}
			}
		},
		{
			"from": [-2.75, 9.25, 8.25],
			"to": [-1, 9.75, 8.5],
			"faces": {
				"north": {"uv": [0, 0, 1.75, 0.5], "texture": "#texture"},
				"east": {"uv": [0, 0, 0.25, 0.5], "texture": "#texture"},
				"south": {"uv": [0, 0, 1.75, 0.5], "texture": "#texture"},
				"west": {"uv": [0, 0, 0.25, 0.5], "texture": "#texture"},
				"up": {"uv": [0, 0, 1.75, 0.25], "texture": "#texture"},
				"down": {"uv": [0, 0, 1.75, 0.25], "texture": "#texture"}
			}
		},
		{
			"from": [-2.75, 9.25, 7.5],
			"to": [-1, 9.75, 7.75],
			"faces": {
				"north": {"uv": [0, 0, 1.75, 0.5], "texture": "#texture"},
				"east": {"uv": [0, 0, 0.25, 0.5], "texture": "#texture"},
				"south": {"uv": [0, 0, 1.75, 0.5], "texture": "#texture"},
				"west": {"uv": [0, 0, 0.25, 0.5], "texture": "#texture"},
				"up": {"uv": [0, 0, 1.75, 0.25], "texture": "#texture"},
				"down": {"uv": [0, 0, 1.75, 0.25], "texture": "#texture"}
			}
		},
		{
			"from": [-1, 6.25, 7.25],
			"to": [-0.5, 9, 8.75],
			"faces": {
				"north": {"uv": [0, 0, 0.5, 2.75], "texture": "#texture"},
				"east": {"uv": [0, 0, 1.5, 2.75], "texture": "#texture"},
				"south": {"uv": [0, 0, 0.5, 2.75], "texture": "#texture"},
				"west": {"uv": [0, 0, 1.5, 2.75], "texture": "#texture"},
				"up": {"uv": [0, 0, 0.5, 1.5], "texture": "#texture"},
				"down": {"uv": [0, 0, 0.5, 1.5], "texture": "#texture"}
			}
		}
	],
	"gui_light": "front",
	"display": {
		"thirdperson_righthand": {
			"rotation": [0, -90, -60],
			"translation": [-1.25, 0, 2.5],
			"scale": [0.67, 0.67, 0.67]
		},
		"thirdperson_lefthand": {
			"rotation": [0, 90, 0],
			"translation": [0, 0, 1.75],
			"scale": [0.67, 0.67, 0.67]
		},
		"firstperson_righthand": {
			"rotation": [0, -90, 0],
			"translation": [0, 1.5, -1],
			"scale": [0.82, 0.82, 0.82]
		},
		"firstperson_lefthand": {
			"rotation": [0, 90, 0],
			"translation": [0, 1.5, -1],
			"scale": [0.82, 0.82, 0.82]
		},
		"ground": {
			"scale": [0.98, 0.98, 0.98]
		},
		"gui": {
			"rotation": [0, 0, -45],
			"translation": [-0.75, 0.25, 0],
			"scale": [0.66, 0.66, 0.69]
		},
		"head": {
			"rotation": [0, -90, 0],
			"translation": [0, 12.75, 0]
		},
		"fixed": {
			"rotation": [0, 180, -45],
			"translation": [1.75, 0.75, -1.1]
		}
	},
	"groups": [
		{
			"name": "P90",
			"origin": [8, 8, 8],
			"color": 0,
			"children": [
				{
					"name": "p90",
					"origin": [8, 8, 8],
					"color": 0,
					"children": [
						0,
						1,
						2,
						3,
						4,
						5,
						6,
						7,
						8,
						9,
						10,
						11,
						12,
						13,
						14,
						15,
						16,
						17,
						18,
						19,
						20,
						21,
						22,
						23,
						24,
						25,
						26,
						27,
						28,
						29,
						30,
						31,
						32,
						33,
						34,
						35,
						36,
						37,
						38,
						39,
						40,
						41,
						42,
						43,
						44,
						45,
						46,
						47,
						48,
						49,
						50,
						51,
						52,
						53,
						54,
						55,
						56,
						57,
						58,
						59,
						60,
						61,
						62,
						63
					]
				}
			]
		},
		64,
		65,
		66,
		67,
		68
	]
}