{
	"credit": "Made by SrDarmith - YouTube: Mainclay",
	"textures": {
		"0": "block/anvil_1",
		"1": "block/hardened_clay_stained_cyan",
		"particle": "block/anvil_1"
	},
	"elements": [
		{
			"name": "Element",
			"from": [-1.5, 10, 7.25],
			"to": [9.25, 10.25, 8.75],
			"faces": {
				"north": {"uv": [6.75, 5.75, 16, 6], "texture": "#1"},
				"east": {"uv": [7.25, 5.75, 8.75, 6], "texture": "#1"},
				"south": {"uv": [0, 5.75, 9.25, 6], "texture": "#1"},
				"west": {"uv": [7.25, 5.75, 8.75, 6], "texture": "#1", "cullface": "west"},
				"up": {"uv": [0, 7.25, 9.25, 8.75], "texture": "#1"},
				"down": {"uv": [16, 8.75, 6.75, 7.25], "texture": "#1"}
			}
		},
		{
			"name": "Element",
			"from": [0, 9.75, 7.25],
			"to": [0.25, 10, 8.75],
			"faces": {
				"north": {"uv": [15.75, 6, 16, 6.25], "texture": "#1"},
				"east": {"uv": [7.25, 6, 8.75, 6.25], "texture": "#1"},
				"south": {"uv": [0, 6, 0.25, 6.25], "texture": "#1"},
				"west": {"uv": [7.25, 6, 8.75, 6.25], "texture": "#1", "cullface": "west"}
			}
		},
		{
			"name": "Element",
			"from": [1.25, 9.75, 7.25],
			"to": [1.5, 10, 8.75],
			"faces": {
				"north": {"uv": [14.5, 6, 14.75, 6.25], "texture": "#1"},
				"east": {"uv": [7.25, 6, 8.75, 6.25], "texture": "#1"},
				"south": {"uv": [1.25, 6, 1.5, 6.25], "texture": "#1"},
				"west": {"uv": [7.25, 6, 8.75, 6.25], "texture": "#1"}
			}
		},
		{
			"name": "Element",
			"from": [2.5, 9.75, 7.25],
			"to": [2.75, 10, 8.75],
			"faces": {
				"north": {"uv": [13.25, 6, 13.5, 6.25], "texture": "#1"},
				"east": {"uv": [7.25, 6, 8.75, 6.25], "texture": "#1"},
				"south": {"uv": [2.5, 6, 2.75, 6.25], "texture": "#1"},
				"west": {"uv": [7.25, 6, 8.75, 6.25], "texture": "#1"}
			}
		},
		{
			"name": "Element",
			"from": [3.75, 9.75, 7.25],
			"to": [4, 10, 8.75],
			"faces": {
				"north": {"uv": [12, 6, 12.25, 6.25], "texture": "#1"},
				"east": {"uv": [7.25, 6, 8.75, 6.25], "texture": "#1"},
				"south": {"uv": [3.75, 6, 4, 6.25], "texture": "#1"},
				"west": {"uv": [7.25, 6, 8.75, 6.25], "texture": "#1"}
			}
		},
		{
			"name": "Element",
			"from": [5, 9.75, 7.25],
			"to": [5.25, 10, 8.75],
			"faces": {
				"north": {"uv": [10.75, 6, 11, 6.25], "texture": "#1"},
				"east": {"uv": [7.25, 6, 8.75, 6.25], "texture": "#1"},
				"south": {"uv": [5, 6, 5.25, 6.25], "texture": "#1"},
				"west": {"uv": [7.25, 6, 8.75, 6.25], "texture": "#1"}
			}
		},
		{
			"name": "Element",
			"from": [6.25, 9.75, 7.25],
			"to": [6.5, 10, 8.75],
			"faces": {
				"north": {"uv": [9.5, 6, 9.75, 6.25], "texture": "#1"},
				"east": {"uv": [7.25, 6, 8.75, 6.25], "texture": "#1"},
				"south": {"uv": [6.25, 6, 6.5, 6.25], "texture": "#1"},
				"west": {"uv": [7.25, 6, 8.75, 6.25], "texture": "#1"}
			}
		},
		{
			"name": "Element",
			"from": [7.5, 9.75, 7.25],
			"to": [7.75, 10, 8.75],
			"faces": {
				"north": {"uv": [8.25, 6, 8.5, 6.25], "texture": "#1"},
				"east": {"uv": [7.25, 6, 8.75, 6.25], "texture": "#1"},
				"south": {"uv": [7.5, 6, 7.75, 6.25], "texture": "#1"},
				"west": {"uv": [7.25, 6, 8.75, 6.25], "texture": "#1"}
			}
		},
		{
			"name": "Element",
			"from": [8.75, 9.75, 7.25],
			"to": [9.25, 10, 8.75],
			"faces": {
				"north": {"uv": [6.75, 6, 7.25, 6.25], "texture": "#1"},
				"east": {"uv": [7.25, 6, 8.75, 6.25], "texture": "#1"},
				"south": {"uv": [8.75, 6, 9.25, 6.25], "texture": "#1"},
				"west": {"uv": [7.25, 6, 8.75, 6.25], "texture": "#1"}
			}
		},
		{
			"name": "Element",
			"from": [5, 10.25, 7.25],
			"to": [9.25, 10.4, 8.75],
			"faces": {
				"north": {"uv": [6.75, 5.5, 11, 5.75], "texture": "#1"},
				"east": {"uv": [7.5, 5.5, 8.5, 5.75], "texture": "#1"},
				"south": {"uv": [5, 5.5, 9.25, 5.75], "texture": "#1"},
				"west": {"uv": [7.5, 5.5, 8.5, 5.75], "texture": "#1"},
				"up": {"uv": [5, 7.5, 9.25, 8.5], "texture": "#1"}
			}
		},
		{
			"name": "Element",
			"from": [-1.55, 9.5, 7.25],
			"to": [9.25, 9.75, 8.75],
			"faces": {
				"north": {"uv": [6.75, 6.25, 16, 6.5], "texture": "#1"},
				"east": {"uv": [7.25, 6.25, 8.75, 6.5], "texture": "#1"},
				"south": {"uv": [0, 6.25, 9.25, 6.5], "texture": "#1"},
				"west": {"uv": [7.25, 6.25, 8.75, 6.5], "texture": "#1", "cullface": "west"},
				"up": {"uv": [0, 7.25, 9.25, 8.75], "texture": "#1"},
				"down": {"uv": [16, 8.75, 6.75, 7.25], "texture": "#1"}
			}
		},
		{
			"name": "Element",
			"from": [-1, 9, 7.5],
			"to": [9, 9.5, 8.5],
			"faces": {
				"north": {"uv": [7, 6.5, 16, 7], "texture": "#1"},
				"south": {"uv": [0, 6.5, 9, 7], "texture": "#1"}
			}
		},
		{
			"name": "Element",
			"from": [9, 7.75, 7.25],
			"to": [9.25, 9.5, 8.75],
			"faces": {
				"north": {"uv": [6.75, 6.5, 7, 7.75], "texture": "#1"},
				"east": {"uv": [7.25, 6.5, 8.75, 7.75], "texture": "#1"},
				"south": {"uv": [9, 6.5, 9.25, 7.75], "texture": "#1"},
				"west": {"uv": [7.25, 6.5, 8.75, 7.75], "texture": "#1"},
				"down": {"uv": [7, 8.75, 6.75, 7.25], "texture": "#1"}
			}
		},
		{
			"name": "Element",
			"from": [-1, 8.75, 7.25],
			"to": [9, 9, 8.75],
			"faces": {
				"north": {"uv": [7, 7, 16, 7.25], "texture": "#1"},
				"south": {"uv": [0, 7, 9, 7.25], "texture": "#1"},
				"up": {"uv": [0, 7.25, 9, 8.75], "texture": "#1"},
				"down": {"uv": [16, 8.75, 7, 7.25], "texture": "#1"}
			}
		},
		{
			"name": "Element",
			"from": [-1.55, 7.5, 7.5],
			"to": [9.25, 7.75, 8.5],
			"faces": {
				"north": {"uv": [6.75, 7.75, 16, 8], "texture": "#1"},
				"east": {"uv": [7.5, 7.75, 8.5, 8], "texture": "#1"},
				"south": {"uv": [0, 7.75, 9.25, 8], "texture": "#1"},
				"west": {"uv": [7.5, 7.75, 8.5, 8], "texture": "#1", "cullface": "west"},
				"up": {"uv": [0, 7.5, 9.25, 8.5], "texture": "#1"},
				"down": {"uv": [16, 8.5, 6.75, 7.5], "texture": "#1"}
			}
		},
		{
			"name": "Element",
			"from": [1.25, 7.35, 6.95],
			"to": [1.5, 9.5, 9.05],
			"faces": {
				"north": {"uv": [0, 6.5, 0.75, 8], "texture": "#0"},
				"east": {"uv": [0, 6.5, 0.75, 8], "texture": "#0"},
				"south": {"uv": [0, 6.5, 0.75, 8], "texture": "#0"},
				"west": {"uv": [0, 6.5, 0.75, 8], "texture": "#0", "cullface": "west"},
				"up": {"uv": [0, 6.5, 0.75, 8], "texture": "#0"},
				"down": {"uv": [0.75, 8, 0, 6.5], "texture": "#0"}
			}
		},
		{
			"name": "Element",
			"from": [1.75, 7.35, 6.95],
			"to": [2, 9.5, 9.05],
			"faces": {
				"north": {"uv": [0, 6.5, 0.75, 8], "texture": "#0"},
				"east": {"uv": [0, 6.5, 0.75, 8], "texture": "#0"},
				"south": {"uv": [0, 6.5, 0.75, 8], "texture": "#0"},
				"west": {"uv": [0, 6.5, 0.75, 8], "texture": "#0", "cullface": "west"},
				"up": {"uv": [0, 6.5, 0.75, 8], "texture": "#0"},
				"down": {"uv": [0.75, 8, 0, 6.5], "texture": "#0"}
			}
		},
		{
			"name": "Element",
			"from": [2.25, 7.35, 6.95],
			"to": [2.5, 9.5, 9.05],
			"faces": {
				"north": {"uv": [0, 6.5, 0.75, 8], "texture": "#0"},
				"east": {"uv": [0, 6.5, 0.75, 8], "texture": "#0"},
				"south": {"uv": [0, 6.5, 0.75, 8], "texture": "#0"},
				"west": {"uv": [0, 6.5, 0.75, 8], "texture": "#0", "cullface": "west"},
				"up": {"uv": [0, 6.5, 0.75, 8], "texture": "#0"},
				"down": {"uv": [0.75, 8, 0, 6.5], "texture": "#0"}
			}
		},
		{
			"name": "Element",
			"from": [2.75, 7.35, 6.95],
			"to": [3, 9.5, 9.05],
			"faces": {
				"north": {"uv": [0, 6.5, 0.75, 8], "texture": "#0"},
				"east": {"uv": [0, 6.5, 0.75, 8], "texture": "#0"},
				"south": {"uv": [0, 6.5, 0.75, 8], "texture": "#0"},
				"west": {"uv": [0, 6.5, 0.75, 8], "texture": "#0", "cullface": "west"},
				"up": {"uv": [0, 6.5, 0.75, 8], "texture": "#0"},
				"down": {"uv": [0.75, 8, 0, 6.5], "texture": "#0"}
			}
		},
		{
			"name": "Element",
			"from": [3.25, 7.5, 6.95],
			"to": [3.5, 9.5, 9.05],
			"faces": {
				"north": {"uv": [0, 6.5, 0.75, 8], "texture": "#0"},
				"east": {"uv": [0, 6.5, 0.75, 8], "texture": "#0"},
				"south": {"uv": [0, 6.5, 0.75, 8], "texture": "#0"},
				"west": {"uv": [0, 6.5, 0.75, 8], "texture": "#0", "cullface": "west"},
				"up": {"uv": [0, 6.5, 0.75, 8], "texture": "#0"},
				"down": {"uv": [0.75, 8, 0, 6.5], "texture": "#0"}
			}
		},
		{
			"name": "Element",
			"from": [3.75, 7.6, 6.95],
			"to": [4, 9.5, 9.05],
			"faces": {
				"north": {"uv": [0, 6.5, 0.75, 8], "texture": "#0"},
				"east": {"uv": [0, 6.5, 0.75, 8], "texture": "#0"},
				"south": {"uv": [0, 6.5, 0.75, 8], "texture": "#0"},
				"west": {"uv": [0, 6.5, 0.75, 8], "texture": "#0", "cullface": "west"},
				"up": {"uv": [0, 6.5, 0.75, 8], "texture": "#0"},
				"down": {"uv": [0.75, 8, 0, 6.5], "texture": "#0"}
			}
		},
		{
			"name": "Element",
			"from": [4.25, 7.6, 6.95],
			"to": [4.5, 9.5, 9.05],
			"faces": {
				"north": {"uv": [0, 6.5, 0.75, 8], "texture": "#0"},
				"east": {"uv": [0, 6.5, 0.75, 8], "texture": "#0"},
				"south": {"uv": [0, 6.5, 0.75, 8], "texture": "#0"},
				"west": {"uv": [0, 6.5, 0.75, 8], "texture": "#0", "cullface": "west"},
				"up": {"uv": [0, 6.5, 0.75, 8], "texture": "#0"},
				"down": {"uv": [0.75, 8, 0, 6.5], "texture": "#0"}
			}
		},
		{
			"name": "Element",
			"from": [4.75, 7.6, 6.95],
			"to": [5, 9.5, 9.05],
			"faces": {
				"north": {"uv": [0, 6.5, 0.75, 8], "texture": "#0"},
				"east": {"uv": [0, 6.5, 0.75, 8], "texture": "#0"},
				"south": {"uv": [0, 6.5, 0.75, 8], "texture": "#0"},
				"west": {"uv": [0, 6.5, 0.75, 8], "texture": "#0", "cullface": "west"},
				"up": {"uv": [0, 6.5, 0.75, 8], "texture": "#0"},
				"down": {"uv": [0.75, 8, 0, 6.5], "texture": "#0"}
			}
		},
		{
			"name": "Element",
			"from": [5.25, 7.6, 6.95],
			"to": [5.5, 9.5, 9.05],
			"faces": {
				"north": {"uv": [0, 6.5, 0.75, 8], "texture": "#0"},
				"east": {"uv": [0, 6.5, 0.75, 8], "texture": "#0"},
				"south": {"uv": [0, 6.5, 0.75, 8], "texture": "#0"},
				"west": {"uv": [0, 6.5, 0.75, 8], "texture": "#0", "cullface": "west"},
				"up": {"uv": [0, 6.5, 0.75, 8], "texture": "#0"},
				"down": {"uv": [0.75, 8, 0, 6.5], "texture": "#0"}
			}
		},
		{
			"name": "Element",
			"from": [5.75, 7.6, 6.95],
			"to": [6, 9.5, 9.05],
			"faces": {
				"north": {"uv": [0, 6.5, 0.75, 8], "texture": "#0"},
				"east": {"uv": [0, 6.5, 0.75, 8], "texture": "#0"},
				"south": {"uv": [0, 6.5, 0.75, 8], "texture": "#0"},
				"west": {"uv": [0, 6.5, 0.75, 8], "texture": "#0", "cullface": "west"},
				"up": {"uv": [0, 6.5, 0.75, 8], "texture": "#0"},
				"down": {"uv": [0.75, 8, 0, 6.5], "texture": "#0"}
			}
		},
		{
			"name": "Element",
			"from": [6.25, 7.6, 6.95],
			"to": [6.5, 9.5, 9.05],
			"faces": {
				"north": {"uv": [0, 6.5, 0.75, 8], "texture": "#0"},
				"east": {"uv": [0, 6.5, 0.75, 8], "texture": "#0"},
				"south": {"uv": [0, 6.5, 0.75, 8], "texture": "#0"},
				"west": {"uv": [0, 6.5, 0.75, 8], "texture": "#0", "cullface": "west"},
				"up": {"uv": [0, 6.5, 0.75, 8], "texture": "#0"},
				"down": {"uv": [0.75, 8, 0, 6.5], "texture": "#0"}
			}
		},
		{
			"name": "Element",
			"from": [-1.5, 7.65, 7],
			"to": [7, 9.55, 9],
			"faces": {
				"north": {"uv": [9, 6.5, 16, 8], "texture": "#0"},
				"east": {"uv": [7, 6.5, 9, 8], "texture": "#0"},
				"south": {"uv": [0, 6.5, 7, 8], "texture": "#0"},
				"west": {"uv": [7, 6.5, 9, 8], "texture": "#0", "cullface": "west"},
				"up": {"uv": [0, 7, 0.75, 9], "texture": "#0"},
				"down": {"uv": [16, 9, 9, 7], "texture": "#0"}
			}
		},
		{
			"name": "Element",
			"from": [-1.5, 7.4, 7.25],
			"to": [7, 7.65, 8.75],
			"faces": {
				"north": {"uv": [9, 8, 16, 8.25], "texture": "#0"},
				"east": {"uv": [7.25, 8, 8.75, 8.25], "texture": "#0"},
				"south": {"uv": [0, 8, 7, 8.25], "texture": "#0"},
				"west": {"uv": [7.25, 8, 8.75, 8.25], "texture": "#0", "cullface": "west"},
				"down": {"uv": [16, 8.75, 9, 7.25], "texture": "#0"}
			}
		},
		{
			"name": "Element",
			"from": [6.5, 7.15, 7.25],
			"to": [7, 7.4, 8.75],
			"faces": {
				"north": {"uv": [9, 8.25, 9.5, 8.5], "texture": "#0"},
				"east": {"uv": [7.25, 8.25, 8.75, 8.5], "texture": "#0"},
				"south": {"uv": [6.5, 8.25, 7, 8.5], "texture": "#0"},
				"west": {"uv": [7.25, 8.25, 8.75, 8.5], "texture": "#0"},
				"down": {"uv": [9.5, 8.75, 9, 7.25], "texture": "#0"}
			}
		},
		{
			"name": "Element",
			"from": [-0.75, 7.15, 7.5],
			"to": [3.5, 7.4, 8.5],
			"faces": {
				"north": {"uv": [12.5, 8.25, 16, 8.5], "texture": "#0"},
				"east": {"uv": [7.5, 8.25, 8.5, 8.5], "texture": "#0"},
				"south": {"uv": [0, 8.25, 3.5, 8.5], "texture": "#0"},
				"west": {"uv": [7.5, 8.25, 8.5, 8.5], "texture": "#0", "cullface": "west"},
				"down": {"uv": [16, 8.5, 12.5, 7.5], "texture": "#0"}
			}
		},
		{
			"name": "Element",
			"from": [0, 7.15, 7.25],
			"to": [2.75, 7.4, 8.75],
			"faces": {
				"north": {"uv": [12.5, 8.25, 16, 8.5], "texture": "#0"},
				"east": {"uv": [7.5, 8.25, 8.5, 8.5], "texture": "#0"},
				"south": {"uv": [0, 8.25, 3.5, 8.5], "texture": "#0"},
				"west": {"uv": [7.5, 8.25, 8.5, 8.5], "texture": "#0", "cullface": "west"},
				"down": {"uv": [16, 8.5, 12.5, 7.5], "texture": "#0"}
			}
		},
		{
			"name": "Element",
			"from": [-0.75, 7.4, 7],
			"to": [3.5, 7.65, 9],
			"faces": {
				"north": {"uv": [12.5, 8.25, 16, 8.5], "texture": "#0"},
				"east": {"uv": [7.5, 8.25, 8.5, 8.5], "texture": "#0"},
				"south": {"uv": [0, 8.25, 3.5, 8.5], "texture": "#0"},
				"west": {"uv": [7.5, 8.25, 8.5, 8.5], "texture": "#0", "cullface": "west"},
				"down": {"uv": [16, 8.5, 12.5, 7.5], "texture": "#0"}
			}
		},
		{
			"name": "Element",
			"from": [0, 6.9, 7.5],
			"to": [2.75, 7.15, 8.5],
			"faces": {
				"north": {"uv": [12.5, 8.25, 16, 8.5], "texture": "#0"},
				"east": {"uv": [7.5, 8.25, 8.5, 8.5], "texture": "#0"},
				"south": {"uv": [0, 8.25, 3.5, 8.5], "texture": "#0"},
				"west": {"uv": [7.5, 8.25, 8.5, 8.5], "texture": "#0", "cullface": "west"},
				"down": {"uv": [16, 8.5, 12.5, 7.5], "texture": "#0"}
			}
		},
		{
			"name": "Element",
			"from": [7, 8.25, 7.25],
			"to": [9, 8.5, 8.75],
			"faces": {
				"north": {"uv": [7, 7.5, 9, 7.75], "texture": "#1"},
				"south": {"uv": [7, 7.5, 9, 7.75], "texture": "#1"},
				"up": {"uv": [7, 7.25, 9, 8.75], "texture": "#1"},
				"down": {"uv": [9, 8.75, 7, 7.25], "texture": "#1"}
			}
		},
		{
			"name": "Element",
			"from": [7.75, 8, 7.25],
			"to": [8.25, 8.25, 8.75],
			"faces": {
				"north": {"uv": [7.75, 7.25, 8.25, 7.5], "texture": "#1"},
				"east": {"uv": [7.25, 7.25, 8.75, 7.5], "texture": "#1"},
				"south": {"uv": [7.75, 7.25, 8.25, 7.5], "texture": "#1"},
				"west": {"uv": [7.25, 7.25, 8.75, 7.5], "texture": "#1"}
			}
		},
		{
			"name": "Element",
			"from": [7, 7.75, 7.25],
			"to": [9, 8, 8.75],
			"faces": {
				"north": {"uv": [7, 7.5, 9, 7.75], "texture": "#1"},
				"south": {"uv": [7, 7.5, 9, 7.75], "texture": "#1"},
				"up": {"uv": [7, 7.25, 9, 8.75], "texture": "#1"},
				"down": {"uv": [9, 8.75, 7, 7.25], "texture": "#1"}
			}
		},
		{
			"name": "Element",
			"from": [7, 8.5, 7.25],
			"to": [7.5, 8.75, 8.75],
			"faces": {
				"north": {"uv": [7.75, 7.25, 8.25, 7.5], "texture": "#1"},
				"east": {"uv": [7.25, 7.25, 8.75, 7.5], "texture": "#1"},
				"south": {"uv": [7.75, 7.25, 8.25, 7.5], "texture": "#1"},
				"west": {"uv": [7.25, 7.25, 8.75, 7.5], "texture": "#1"}
			}
		},
		{
			"name": "Element",
			"from": [8.5, 8.5, 7.25],
			"to": [9, 8.75, 8.75],
			"faces": {
				"north": {"uv": [7.75, 7.25, 8.25, 7.5], "texture": "#1"},
				"east": {"uv": [7.25, 7.25, 8.75, 7.5], "texture": "#1"},
				"south": {"uv": [7.75, 7.25, 8.25, 7.5], "texture": "#1"},
				"west": {"uv": [7.25, 7.25, 8.75, 7.5], "texture": "#1"}
			}
		},
		{
			"name": "Element",
			"from": [-1.25, 7.75, 7.75],
			"to": [9, 10, 8.25],
			"faces": {
				"north": {"uv": [0, 11.1, 0.9, 12.05], "texture": "#0"},
				"east": {"uv": [0, 11.2, 0.4, 12.05], "texture": "#0"},
				"south": {"uv": [0, 11.1, 0.9, 12.05], "texture": "#0"},
				"west": {"uv": [0, 11.2, 0.4, 12.05], "texture": "#0", "cullface": "west"}
			}
		},
		{
			"name": "Element",
			"from": [9.25, 9.25, 7.5],
			"to": [16, 10, 8.5],
			"faces": {
				"north": {"uv": [0.25, 6, 6.75, 6.5], "texture": "#0"},
				"south": {"uv": [9.25, 6, 15.75, 6.5], "texture": "#0"},
				"west": {"uv": [7.5, 6, 8.5, 6.5], "texture": "#0"},
				"up": {"uv": [9.25, 7.5, 15.75, 8.5], "texture": "#0"},
				"down": {"uv": [6.75, 8.5, 0.25, 7.5], "texture": "#0"}
			}
		},
		{
			"name": "Element",
			"from": [9.25, 10, 7.75],
			"to": [16, 10.25, 8.25],
			"faces": {
				"north": {"uv": [0.5, 5.75, 6.75, 6], "texture": "#0"},
				"east": {"uv": [7.75, 5.75, 8.25, 6], "texture": "#0"},
				"south": {"uv": [9.25, 5.75, 15.5, 6], "texture": "#0"},
				"up": {"uv": [9.25, 7.75, 15.5, 8.25], "texture": "#0"}
			}
		},
		{
			"name": "Element",
			"from": [15.1, 7.25, 7.5],
			"to": [17, 7.75, 8.5],
			"rotation": {"angle": 0, "axis": "y", "origin": [0, -0.5, 0]},
			"faces": {
				"north": {"uv": [0, 7.75, 1, 8.25], "texture": "#0"},
				"east": {"uv": [7.5, 7.75, 8.5, 8.25], "texture": "#0", "cullface": "east"},
				"south": {"uv": [15, 7.75, 16, 8.25], "texture": "#0"},
				"west": {"uv": [7.5, 7.75, 8.5, 8.25], "texture": "#0"},
				"up": {"uv": [15, 7.5, 16, 8.5], "texture": "#0"},
				"down": {"uv": [1, 8.5, 0, 7.5], "texture": "#0"}
			}
		},
		{
			"name": "Element",
			"from": [13.85, 6.375, 7.75],
			"to": [14.85, 6.625, 8.25],
			"rotation": {"angle": 0, "axis": "y", "origin": [0.1, -0.625, 0]},
			"faces": {
				"north": {"uv": [0.5, 8.75, 2.5, 9], "texture": "#0"},
				"east": {"uv": [7.75, 8.75, 8.25, 9], "texture": "#0"},
				"south": {"uv": [13.5, 8.75, 15.5, 9], "texture": "#0"},
				"west": {"uv": [7.75, 8.75, 8.25, 9], "texture": "#0"},
				"up": {"uv": [13.5, 7.75, 15.5, 8.25], "texture": "#0"},
				"down": {"uv": [2.5, 8.25, 0.5, 7.75], "texture": "#0"}
			}
		},
		{
			"name": "Element",
			"from": [14.85, 6.625, 7.75],
			"to": [15.1, 6.875, 8.25],
			"rotation": {"angle": 0, "axis": "y", "origin": [0.1, -0.625, 0]},
			"faces": {
				"north": {"uv": [0.5, 8.75, 2.5, 9], "texture": "#0"},
				"east": {"uv": [7.75, 8.75, 8.25, 9], "texture": "#0"},
				"south": {"uv": [13.5, 8.75, 15.5, 9], "texture": "#0"},
				"west": {"uv": [7.75, 8.75, 8.25, 9], "texture": "#0"},
				"up": {"uv": [13.5, 7.75, 15.5, 8.25], "texture": "#0"},
				"down": {"uv": [2.5, 8.25, 0.5, 7.75], "texture": "#0"}
			}
		},
		{
			"name": "Element",
			"from": [15.1, 6.875, 7.5],
			"to": [16.1, 7.25, 8.5],
			"rotation": {"angle": 0, "axis": "y", "origin": [0.1, -0.625, 0]},
			"faces": {
				"north": {"uv": [0.5, 8.75, 2.5, 9], "texture": "#0"},
				"east": {"uv": [7.75, 8.75, 8.25, 9], "texture": "#0"},
				"south": {"uv": [13.5, 8.75, 15.5, 9], "texture": "#0"},
				"west": {"uv": [7.75, 8.75, 8.25, 9], "texture": "#0"},
				"up": {"uv": [13.5, 7.75, 15.5, 8.25], "texture": "#0"},
				"down": {"uv": [2.5, 8.25, 0.5, 7.75], "texture": "#0"}
			}
		},
		{
			"name": "Element",
			"from": [13.6, 6.625, 7.75],
			"to": [13.85, 6.875, 8.25],
			"rotation": {"angle": 0, "axis": "y", "origin": [0.1, -0.625, 0]},
			"faces": {
				"north": {"uv": [0.5, 8.75, 2.5, 9], "texture": "#0"},
				"east": {"uv": [7.75, 8.75, 8.25, 9], "texture": "#0"},
				"south": {"uv": [13.5, 8.75, 15.5, 9], "texture": "#0"},
				"west": {"uv": [7.75, 8.75, 8.25, 9], "texture": "#0"},
				"up": {"uv": [13.5, 7.75, 15.5, 8.25], "texture": "#0"},
				"down": {"uv": [2.5, 8.25, 0.5, 7.75], "texture": "#0"}
			}
		},
		{
			"name": "Element",
			"from": [10.425, 11.925, 7.75],
			"to": [10.675, 12.925, 8.25],
			"rotation": {"angle": -22.5, "axis": "z", "origin": [0.1, -0.625, 0]},
			"faces": {
				"north": {"uv": [1.5, 7.5, 1.75, 8.5], "texture": "#0"},
				"east": {"uv": [7.75, 7.5, 8.25, 8.5], "texture": "#0"},
				"south": {"uv": [14.25, 7.5, 14.5, 8.5], "texture": "#0"},
				"west": {"uv": [7.75, 7.5, 8.25, 8.5], "texture": "#0"},
				"up": {"uv": [14.25, 7.75, 14.5, 8.25], "texture": "#0"},
				"down": {"uv": [1.75, 8.25, 1.5, 7.75], "texture": "#0"}
			}
		},
		{
			"name": "Element",
			"from": [13.1, 6.875, 7.75],
			"to": [13.6, 7.625, 8.25],
			"rotation": {"angle": 0, "axis": "y", "origin": [0.1, -0.625, 0]},
			"faces": {
				"north": {"uv": [2.75, 7.75, 3, 8.5], "texture": "#0"},
				"east": {"uv": [7.75, 7.75, 8.25, 8.5], "texture": "#0"},
				"south": {"uv": [13, 7.75, 13.25, 8.5], "texture": "#0"},
				"west": {"uv": [7.75, 7.75, 8.25, 8.5], "texture": "#0"},
				"down": {"uv": [3, 8.25, 2.75, 7.75], "texture": "#0"}
			}
		},
		{
			"name": "Element",
			"from": [12.6, 7.625, 7.75],
			"to": [15.1, 7.875, 8.25],
			"rotation": {"angle": 0, "axis": "y", "origin": [0.1, -0.625, 0]},
			"faces": {
				"north": {"uv": [2.75, 7.75, 3, 8.5], "texture": "#0"},
				"east": {"uv": [7.75, 7.75, 8.25, 8.5], "texture": "#0"},
				"south": {"uv": [13, 7.75, 13.25, 8.5], "texture": "#0"},
				"west": {"uv": [7.75, 7.75, 8.25, 8.5], "texture": "#0"},
				"down": {"uv": [3, 8.25, 2.75, 7.75], "texture": "#0"}
			}
		},
		{
			"name": "Element",
			"from": [12.6, 7.05, 7.75],
			"to": [13.1, 7.625, 8.25],
			"rotation": {"angle": 0, "axis": "y", "origin": [0.1, -0.625, 0]},
			"faces": {
				"north": {"uv": [2.75, 7.75, 3, 8.5], "texture": "#0"},
				"east": {"uv": [7.75, 7.75, 8.25, 8.5], "texture": "#0"},
				"south": {"uv": [13, 7.75, 13.25, 8.5], "texture": "#0"},
				"west": {"uv": [7.75, 7.75, 8.25, 8.5], "texture": "#0"},
				"down": {"uv": [3, 8.25, 2.75, 7.75], "texture": "#0"}
			}
		},
		{
			"name": "Element",
			"from": [9.25, 8.5, 7.5],
			"to": [15.75, 9.25, 8.5],
			"faces": {
				"north": {"uv": [0.5, 6.5, 6.75, 7.25], "texture": "#0"},
				"south": {"uv": [9.25, 6.5, 15.5, 7.25], "texture": "#0"},
				"down": {"uv": [6.75, 8.5, 0.5, 7.5], "texture": "#0"}
			}
		},
		{
			"name": "Element",
			"from": [9.25, 7.75, 7.5],
			"to": [15.5, 8.5, 8.5],
			"faces": {
				"north": {"uv": [0.75, 7.25, 6.75, 7.75], "texture": "#0"},
				"south": {"uv": [9.25, 7.25, 15.25, 7.75], "texture": "#0"},
				"down": {"uv": [6.75, 8.5, 0.75, 7.5], "texture": "#0"}
			}
		},
		{
			"name": "Element",
			"from": [15.75, 7.75, 7.5],
			"to": [16.25, 9.25, 8.5],
			"faces": {
				"north": {"uv": [0.25, 6.5, 0.5, 7.75], "texture": "#0"},
				"south": {"uv": [15.5, 6.5, 15.75, 7.75], "texture": "#0"},
				"west": {"uv": [7.5, 6.5, 8.5, 7.75], "texture": "#0"}
			}
		},
		{
			"name": "Element",
			"from": [16, 9, 7.5],
			"to": [16.25, 10, 8.5],
			"faces": {
				"north": {"uv": [0.25, 6.5, 0.5, 7.75], "texture": "#0"},
				"south": {"uv": [15.5, 6.5, 15.75, 7.75], "texture": "#0"},
				"west": {"uv": [7.5, 6.5, 8.5, 7.75], "texture": "#0"},
				"up": {"uv": [0, 0, 0, 0], "texture": "#0"}
			}
		},
		{
			"name": "Element",
			"from": [15.5, 7.75, 7.5],
			"to": [15.75, 8.5, 8.5],
			"faces": {
				"north": {"uv": [0.25, 6.5, 0.5, 7.75], "texture": "#0"},
				"south": {"uv": [15.5, 6.5, 15.75, 7.75], "texture": "#0"},
				"west": {"uv": [7.5, 6.5, 8.5, 7.75], "texture": "#0"}
			}
		},
		{
			"name": "Element",
			"from": [15.125, 3.75, 7.5],
			"to": [16.75, 6.85, 8.5],
			"rotation": {"angle": 22.5, "axis": "z", "origin": [15, 7.5, 7.5]},
			"faces": {
				"north": {"uv": [14.25, 8.25, 16, 12], "texture": "#0"},
				"east": {"uv": [7.5, 8.25, 8.5, 12], "texture": "#0", "cullface": "east"},
				"south": {"uv": [14.25, 8.25, 16, 12], "texture": "#0"},
				"west": {"uv": [7.5, 8.25, 8.5, 12], "texture": "#0"},
				"up": {"uv": [14.25, 7.5, 16, 8.5], "texture": "#0"},
				"down": {"uv": [14.25, 7.5, 16, 8.5], "texture": "#0"}
			}
		},
		{
			"name": "Cube",
			"from": [16.6, 9, 7],
			"to": [17, 9.6, 9],
			"rotation": {"angle": 0, "axis": "y", "origin": [0.5, 0, 0]},
			"faces": {
				"north": {"uv": [0, 0, 0.4, 0.6], "texture": "#0"},
				"east": {"uv": [0, 0, 2, 0.6], "texture": "#0"},
				"south": {"uv": [0, 0, 0.4, 0.6], "texture": "#0"},
				"west": {"uv": [0, 0, 2, 0.6], "texture": "#0"},
				"up": {"uv": [0, 0, 0.4, 2], "texture": "#0"},
				"down": {"uv": [0, 0, 0.4, 2], "texture": "#0"}
			}
		},
		{
			"name": "Cube",
			"from": [12.3, 8.8, 8.5],
			"to": [17.3, 9.8, 8.8],
			"rotation": {"angle": -22.5, "axis": "z", "origin": [16.9, 9.3, 8]},
			"faces": {
				"north": {"uv": [0, 0, 5, 1], "texture": "#1"},
				"east": {"uv": [0, 0, 0.3, 1], "texture": "#1"},
				"south": {"uv": [0, 0, 5, 1], "texture": "#1"},
				"west": {"uv": [0, 0, 0.3, 1], "texture": "#1"},
				"up": {"uv": [0, 0, 5, 0.3], "texture": "#1"},
				"down": {"uv": [0, 0, 5, 0.3], "texture": "#1"}
			}
		},
		{
			"name": "Cube",
			"from": [16.5, 9.1, 7],
			"to": [17.1, 9.5, 9],
			"rotation": {"angle": 0, "axis": "y", "origin": [0.5, 0, 0]},
			"faces": {
				"north": {"uv": [0, 0, 0.6, 0.4], "texture": "#0"},
				"east": {"uv": [0, 0, 2, 0.4], "texture": "#0"},
				"south": {"uv": [0, 0, 0.6, 0.4], "texture": "#0"},
				"west": {"uv": [0, 0, 2, 0.4], "texture": "#0"},
				"up": {"uv": [0, 0, 0.6, 2], "texture": "#0"},
				"down": {"uv": [0, 0, 0.6, 2], "texture": "#0"}
			}
		},
		{
			"name": "Cube",
			"from": [12.3, 8.8, 7.2],
			"to": [17.3, 9.8, 7.5],
			"rotation": {"angle": -22.5, "axis": "z", "origin": [16.9, 9.3, 8]},
			"faces": {
				"north": {"uv": [0, 0, 5, 1], "texture": "#1"},
				"east": {"uv": [0, 0, 0.3, 1], "texture": "#1"},
				"south": {"uv": [0, 0, 5, 1], "texture": "#1"},
				"west": {"uv": [0, 0, 0.3, 1], "texture": "#1"},
				"up": {"uv": [0, 0, 5, 0.3], "texture": "#1"},
				"down": {"uv": [0, 0, 5, 0.3], "texture": "#1"}
			}
		},
		{
			"name": "Cube",
			"from": [7.9, 10.5, 8.5],
			"to": [12.9, 10.8, 8.8],
			"rotation": {"angle": 0, "axis": "y", "origin": [0.5, 0, 0]},
			"faces": {
				"north": {"uv": [0, 0, 5, 0.3], "texture": "#1"},
				"east": {"uv": [0, 0, 0.3, 0.3], "texture": "#1"},
				"south": {"uv": [0, 0, 5, 0.3], "texture": "#1"},
				"west": {"uv": [0, 0, 0.3, 0.3], "texture": "#1"},
				"up": {"uv": [0, 0, 5, 0.3], "texture": "#1"},
				"down": {"uv": [0, 0, 5, 0.3], "texture": "#1"}
			}
		},
		{
			"name": "Cube",
			"from": [7.9, 10.5, 7.2],
			"to": [12.9, 10.8, 7.5],
			"rotation": {"angle": 0, "axis": "y", "origin": [0.5, 0, 0]},
			"faces": {
				"north": {"uv": [0, 0, 5, 0.3], "texture": "#1"},
				"east": {"uv": [0, 0, 0.3, 0.3], "texture": "#1"},
				"south": {"uv": [0, 0, 5, 0.3], "texture": "#1"},
				"west": {"uv": [0, 0, 0.3, 0.3], "texture": "#1"},
				"up": {"uv": [0, 0, 5, 0.3], "texture": "#1"},
				"down": {"uv": [0, 0, 5, 0.3], "texture": "#1"}
			}
		},
		{
			"name": "Cube",
			"from": [8, 11.2, 8.5],
			"to": [12.9, 11.5, 8.8],
			"rotation": {"angle": 0, "axis": "y", "origin": [0.5, 0, 0]},
			"faces": {
				"north": {"uv": [0, 0, 4.9, 0.3], "texture": "#1"},
				"east": {"uv": [0, 0, 0.3, 0.3], "texture": "#1"},
				"south": {"uv": [0, 0, 4.9, 0.3], "texture": "#1"},
				"west": {"uv": [0, 0, 0.3, 0.3], "texture": "#1"},
				"up": {"uv": [0, 0, 4.9, 0.3], "texture": "#1"},
				"down": {"uv": [0, 0, 4.9, 0.3], "texture": "#1"}
			}
		},
		{
			"name": "Cube",
			"from": [7.9, 11.2, 7.2],
			"to": [12.9, 11.5, 7.5],
			"rotation": {"angle": 0, "axis": "y", "origin": [0.5, 0, 0]},
			"faces": {
				"north": {"uv": [0, 0, 5, 0.3], "texture": "#1"},
				"east": {"uv": [0, 0, 0.3, 0.3], "texture": "#1"},
				"south": {"uv": [0, 0, 5, 0.3], "texture": "#1"},
				"west": {"uv": [0, 0, 0.3, 0.3], "texture": "#1"},
				"up": {"uv": [0, 0, 5, 0.3], "texture": "#1"},
				"down": {"uv": [0, 0, 5, 0.3], "texture": "#1"}
			}
		},
		{
			"name": "Cube",
			"from": [5.2, 10.7, 7.2],
			"to": [7.7, 11.5, 8.8],
			"rotation": {"angle": 0, "axis": "y", "origin": [0.5, 0, 0]},
			"faces": {
				"north": {"uv": [0, 0, 2.5, 0.8], "texture": "#1"},
				"east": {"uv": [0, 0, 1.6, 0.8], "texture": "#1"},
				"south": {"uv": [0, 0, 2.5, 0.8], "texture": "#1"},
				"west": {"uv": [0, 0, 1.6, 0.8], "texture": "#1"},
				"up": {"uv": [0, 0, 2.5, 1.6], "texture": "#1"},
				"down": {"uv": [0, 0, 2.5, 1.6], "texture": "#1"}
			}
		},
		{
			"name": "Cube",
			"from": [9.7, 9, 7.475],
			"to": [12.45, 9.9, 7.8],
			"rotation": {"angle": 0, "axis": "y", "origin": [0.5, 0, 0]},
			"faces": {
				"north": {"uv": [0, 0, 2.5, 0.8], "texture": "#1"},
				"east": {"uv": [0, 0, 1.6, 0.8], "texture": "#1"},
				"south": {"uv": [0, 0, 2.5, 0.8], "texture": "#1"},
				"west": {"uv": [0, 0, 1.6, 0.8], "texture": "#1"},
				"up": {"uv": [0, 0, 2.5, 1.6], "texture": "#1"},
				"down": {"uv": [0, 0, 2.5, 1.6], "texture": "#1"}
			}
		},
		{
			"name": "Cube",
			"from": [5.4, 10.5, 7.2],
			"to": [7.7, 11.3, 8.8],
			"rotation": {"angle": 0, "axis": "y", "origin": [0.5, 0, 0]},
			"faces": {
				"north": {"uv": [0, 0, 2.3, 0.8], "texture": "#1"},
				"east": {"uv": [0, 0, 1.6, 0.8], "texture": "#1"},
				"south": {"uv": [0, 0, 2.3, 0.8], "texture": "#1"},
				"west": {"uv": [0, 0, 1.6, 0.8], "texture": "#1"},
				"up": {"uv": [0, 0, 2.3, 1.6], "texture": "#1"},
				"down": {"uv": [0, 0, 2.3, 1.6], "texture": "#1"}
			}
		},
		{
			"name": "Cube",
			"from": [12.3, 10.7, 7.2],
			"to": [12.7, 11.5, 7.5],
			"rotation": {"angle": 0, "axis": "y", "origin": [0.5, 0, 0]},
			"faces": {
				"north": {"uv": [0, 0, 0.4, 0.8], "texture": "#1"},
				"east": {"uv": [0, 0, 0.3, 0.8], "texture": "#1"},
				"south": {"uv": [0, 0, 0.4, 0.8], "texture": "#1"},
				"west": {"uv": [0, 0, 0.3, 0.8], "texture": "#1"},
				"up": {"uv": [0, 0, 0.4, 0.3], "texture": "#1"},
				"down": {"uv": [0, 0, 0.4, 0.3], "texture": "#1"}
			}
		},
		{
			"name": "Cube",
			"from": [11.4, 10.7, 7.2],
			"to": [11.8, 11.5, 7.5],
			"rotation": {"angle": 0, "axis": "y", "origin": [0.5, 0, 0]},
			"faces": {
				"north": {"uv": [0, 0, 0.4, 0.8], "texture": "#1"},
				"east": {"uv": [0, 0, 0.3, 0.8], "texture": "#1"},
				"south": {"uv": [0, 0, 0.4, 0.8], "texture": "#1"},
				"west": {"uv": [0, 0, 0.3, 0.8], "texture": "#1"},
				"up": {"uv": [0, 0, 0.4, 0.3], "texture": "#1"},
				"down": {"uv": [0, 0, 0.4, 0.3], "texture": "#1"}
			}
		},
		{
			"name": "Cube",
			"from": [10.5, 10.7, 7.2],
			"to": [10.9, 11.5, 7.5],
			"rotation": {"angle": 0, "axis": "y", "origin": [0.5, 0, 0]},
			"faces": {
				"north": {"uv": [0, 0, 0.4, 0.8], "texture": "#1"},
				"east": {"uv": [0, 0, 0.3, 0.8], "texture": "#1"},
				"south": {"uv": [0, 0, 0.4, 0.8], "texture": "#1"},
				"west": {"uv": [0, 0, 0.3, 0.8], "texture": "#1"},
				"up": {"uv": [0, 0, 0.4, 0.3], "texture": "#1"},
				"down": {"uv": [0, 0, 0.4, 0.3], "texture": "#1"}
			}
		},
		{
			"name": "Cube",
			"from": [9.6, 10.7, 7.2],
			"to": [10, 11.5, 7.5],
			"rotation": {"angle": 0, "axis": "y", "origin": [0.5, 0, 0]},
			"faces": {
				"north": {"uv": [0, 0, 0.4, 0.8], "texture": "#1"},
				"east": {"uv": [0, 0, 0.3, 0.8], "texture": "#1"},
				"south": {"uv": [0, 0, 0.4, 0.8], "texture": "#1"},
				"west": {"uv": [0, 0, 0.3, 0.8], "texture": "#1"},
				"up": {"uv": [0, 0, 0.4, 0.3], "texture": "#1"},
				"down": {"uv": [0, 0, 0.4, 0.3], "texture": "#1"}
			}
		},
		{
			"name": "Cube",
			"from": [7.9, 10.7, 7.2],
			"to": [9.1, 11.5, 7.5],
			"rotation": {"angle": 0, "axis": "y", "origin": [0.5, 0, 0]},
			"faces": {
				"north": {"uv": [0, 0, 1.2, 0.8], "texture": "#1"},
				"east": {"uv": [0, 0, 0.3, 0.8], "texture": "#1"},
				"south": {"uv": [0, 0, 1.2, 0.8], "texture": "#1"},
				"west": {"uv": [0, 0, 0.3, 0.8], "texture": "#1"},
				"up": {"uv": [0, 0, 1.2, 0.3], "texture": "#1"},
				"down": {"uv": [0, 0, 1.2, 0.3], "texture": "#1"}
			}
		},
		{
			"name": "Cube",
			"from": [7.9, 10.7, 8.5],
			"to": [9.1, 11.5, 8.8],
			"rotation": {"angle": 0, "axis": "y", "origin": [0.5, 0, 0]},
			"faces": {
				"north": {"uv": [0, 0, 1.2, 0.8], "texture": "#1"},
				"east": {"uv": [0, 0, 0.3, 0.8], "texture": "#1"},
				"south": {"uv": [0, 0, 1.2, 0.8], "texture": "#1"},
				"west": {"uv": [0, 0, 0.3, 0.8], "texture": "#1"},
				"up": {"uv": [0, 0, 1.2, 0.3], "texture": "#1"},
				"down": {"uv": [0, 0, 1.2, 0.3], "texture": "#1"}
			}
		},
		{
			"name": "Cube",
			"from": [9.6, 10.7, 8.5],
			"to": [10, 11.5, 8.8],
			"rotation": {"angle": 0, "axis": "y", "origin": [0.5, 0, 0]},
			"faces": {
				"north": {"uv": [0, 0, 0.4, 0.8], "texture": "#1"},
				"east": {"uv": [0, 0, 0.3, 0.8], "texture": "#1"},
				"south": {"uv": [0, 0, 0.4, 0.8], "texture": "#1"},
				"west": {"uv": [0, 0, 0.3, 0.8], "texture": "#1"},
				"up": {"uv": [0, 0, 0.4, 0.3], "texture": "#1"},
				"down": {"uv": [0, 0, 0.4, 0.3], "texture": "#1"}
			}
		},
		{
			"name": "Cube",
			"from": [10.5, 10.7, 8.5],
			"to": [10.9, 11.5, 8.8],
			"rotation": {"angle": 0, "axis": "y", "origin": [0.5, 0, 0]},
			"faces": {
				"north": {"uv": [0, 0, 0.4, 0.8], "texture": "#1"},
				"east": {"uv": [0, 0, 0.3, 0.8], "texture": "#1"},
				"south": {"uv": [0, 0, 0.4, 0.8], "texture": "#1"},
				"west": {"uv": [0, 0, 0.3, 0.8], "texture": "#1"},
				"up": {"uv": [0, 0, 0.4, 0.3], "texture": "#1"},
				"down": {"uv": [0, 0, 0.4, 0.3], "texture": "#1"}
			}
		},
		{
			"name": "Cube",
			"from": [11.4, 10.7, 8.5],
			"to": [11.8, 11.5, 8.8],
			"rotation": {"angle": 0, "axis": "y", "origin": [0.5, 0, 0]},
			"faces": {
				"north": {"uv": [0, 0, 0.4, 0.8], "texture": "#1"},
				"east": {"uv": [0, 0, 0.3, 0.8], "texture": "#1"},
				"south": {"uv": [0, 0, 0.4, 0.8], "texture": "#1"},
				"west": {"uv": [0, 0, 0.3, 0.8], "texture": "#1"},
				"up": {"uv": [0, 0, 0.4, 0.3], "texture": "#1"},
				"down": {"uv": [0, 0, 0.4, 0.3], "texture": "#1"}
			}
		},
		{
			"name": "Cube",
			"from": [5.7, 10.6, 7.3],
			"to": [8.2, 11.4, 8.7],
			"rotation": {"angle": 0, "axis": "y", "origin": [0.5, 0, 0]},
			"faces": {
				"north": {"uv": [0, 0, 2.5, 0.8], "texture": "#1"},
				"east": {"uv": [0, 0, 1.4, 0.8], "texture": "#1"},
				"south": {"uv": [0, 0, 2.5, 0.8], "texture": "#1"},
				"west": {"uv": [0, 0, 1.4, 0.8], "texture": "#1"},
				"up": {"uv": [0, 0, 2.5, 1.4], "texture": "#1"},
				"down": {"uv": [0, 0, 2.5, 1.4], "texture": "#1"}
			}
		},
		{
			"name": "Cube",
			"from": [12.5, 9, 8.5],
			"to": [17.5, 9.6, 8.8],
			"rotation": {"angle": -22.5, "axis": "z", "origin": [16.9, 9.3, 8]},
			"faces": {
				"north": {"uv": [0, 0, 5, 0.6], "texture": "#1"},
				"east": {"uv": [0, 0, 0.3, 0.6], "texture": "#1"},
				"south": {"uv": [0, 0, 5, 0.6], "texture": "#1"},
				"west": {"uv": [0, 0, 0.3, 0.6], "texture": "#1"},
				"up": {"uv": [0, 0, 5, 0.3], "texture": "#1"},
				"down": {"uv": [0, 0, 5, 0.3], "texture": "#1"}
			}
		},
		{
			"name": "Cube",
			"from": [12.5, 9, 7.2],
			"to": [17.5, 9.6, 7.5],
			"rotation": {"angle": -22.5, "axis": "z", "origin": [16.9, 9.3, 8]},
			"faces": {
				"north": {"uv": [0, 0, 5, 0.6], "texture": "#1"},
				"east": {"uv": [0, 0, 0.3, 0.6], "texture": "#1"},
				"south": {"uv": [0, 0, 5, 0.6], "texture": "#1"},
				"west": {"uv": [0, 0, 0.3, 0.6], "texture": "#1"},
				"up": {"uv": [0, 0, 5, 0.3], "texture": "#1"},
				"down": {"uv": [0, 0, 5, 0.3], "texture": "#1"}
			}
		},
		{
			"name": "Cube",
			"from": [12.3, 10.7, 8.5],
			"to": [12.7, 11.5, 8.8],
			"rotation": {"angle": 0, "axis": "y", "origin": [0.5, 0, 0]},
			"faces": {
				"north": {"uv": [0, 0, 0.4, 0.8], "texture": "#1"},
				"east": {"uv": [0, 0, 0.3, 0.8], "texture": "#1"},
				"south": {"uv": [0, 0, 0.4, 0.8], "texture": "#1"},
				"west": {"uv": [0, 0, 0.3, 0.8], "texture": "#1"},
				"up": {"uv": [0, 0, 0.4, 0.3], "texture": "#1"},
				"down": {"uv": [0, 0, 0.4, 0.3], "texture": "#1"}
			}
		},
		{
			"name": "Cube",
			"from": [16.25, 3.95, 7.5],
			"to": [18.05, 4.7, 8.5],
			"rotation": {"angle": 0, "axis": "y", "origin": [0, -0.5, 0]},
			"faces": {
				"north": {"uv": [14.25, 11.3, 16, 12.05], "texture": "#0"},
				"east": {"uv": [7.5, 8.25, 8.5, 12], "texture": "#0", "cullface": "east"},
				"south": {"uv": [14.125, 11.3, 15.875, 12.05], "texture": "#0"},
				"west": {"uv": [7.5, 8.25, 8.5, 12], "texture": "#0"},
				"up": {"uv": [14.125, 11.3, 15.875, 12.05], "texture": "#0"},
				"down": {"uv": [14.125, 11.3, 15.875, 12.05], "texture": "#0"}
			}
		},
		{
			"name": "Cube",
			"from": [15.05, 5.95, 7.45],
			"to": [16.775, 6.35, 8.575],
			"rotation": {"angle": 22.5, "axis": "z", "origin": [15, 7.5, 7.5]},
			"faces": {
				"north": {"uv": [14.25, 8.25, 16, 12], "texture": "#0"},
				"east": {"uv": [7.5, 8.25, 8.5, 12], "texture": "#0", "cullface": "east"},
				"south": {"uv": [14.25, 8.25, 16, 12], "texture": "#0"},
				"west": {"uv": [7.5, 8.25, 8.5, 12], "texture": "#0"},
				"up": {"uv": [14.25, 7.5, 16, 8.5], "texture": "#0"},
				"down": {"uv": [14.25, 7.5, 16, 8.5], "texture": "#0"}
			}
		},
		{
			"name": "Cube",
			"from": [15.05, 5.15, 7.45],
			"to": [16.775, 5.55, 8.575],
			"rotation": {"angle": 22.5, "axis": "z", "origin": [15, 7.5, 7.5]},
			"faces": {
				"north": {"uv": [14.25, 8.25, 16, 12], "texture": "#0"},
				"east": {"uv": [7.5, 8.25, 8.5, 12], "texture": "#0", "cullface": "east"},
				"south": {"uv": [14.25, 8.25, 16, 12], "texture": "#0"},
				"west": {"uv": [7.5, 8.25, 8.5, 12], "texture": "#0"},
				"up": {"uv": [14.25, 7.5, 16, 8.5], "texture": "#0"},
				"down": {"uv": [14.25, 7.5, 16, 8.5], "texture": "#0"}
			}
		},
		{
			"name": "Cube",
			"from": [15.05, 4.35, 7.45],
			"to": [16.775, 4.75, 8.575],
			"rotation": {"angle": 22.5, "axis": "z", "origin": [15, 7.5, 7.5]},
			"faces": {
				"north": {"uv": [14.25, 8.25, 16, 12], "texture": "#0"},
				"east": {"uv": [7.5, 8.25, 8.5, 12], "texture": "#0", "cullface": "east"},
				"south": {"uv": [14.25, 8.25, 16, 12], "texture": "#0"},
				"west": {"uv": [7.5, 8.25, 8.5, 12], "texture": "#0"},
				"up": {"uv": [14.25, 7.5, 16, 8.5], "texture": "#0"},
				"down": {"uv": [14.25, 7.5, 16, 8.5], "texture": "#0"}
			}
		},
		{
			"from": [17.5, 8.25, 7.5],
			"to": [17.75, 9.5, 8.5],
			"faces": {
				"north": {"uv": [0, 0, 0.25, 1.25], "texture": "#0"},
				"east": {"uv": [0, 0, 1, 1.25], "texture": "#0"},
				"south": {"uv": [0, 0, 0.25, 1.25], "texture": "#0"},
				"west": {"uv": [0, 0, 1, 1.25], "texture": "#0"},
				"up": {"uv": [0, 0, 0.25, 1], "texture": "#0"},
				"down": {"uv": [0, 0, 0.25, 1], "texture": "#0"}
			}
		},
		{
			"from": [17.25, 8, 7.5],
			"to": [17.5, 9.75, 8.5],
			"faces": {
				"north": {"uv": [0, 0, 0.25, 1.75], "texture": "#0"},
				"east": {"uv": [0, 0, 1, 1.75], "texture": "#0"},
				"south": {"uv": [0, 0, 0.25, 1.75], "texture": "#0"},
				"west": {"uv": [0, 0, 1, 1.75], "texture": "#0"},
				"up": {"uv": [0, 0, 0.25, 1], "texture": "#0"},
				"down": {"uv": [0, 0, 0.25, 1], "texture": "#0"}
			}
		},
		{
			"from": [16.25, 7.75, 7.5],
			"to": [17.25, 10, 8.5],
			"faces": {
				"north": {"uv": [0, 0, 1, 2.25], "texture": "#0"},
				"east": {"uv": [0, 0, 1, 2.25], "texture": "#0"},
				"south": {"uv": [0, 0, 1, 2.25], "texture": "#0"},
				"west": {"uv": [0, 0, 1, 2.25], "texture": "#0"},
				"up": {"uv": [0, 0, 1, 1], "texture": "#0"},
				"down": {"uv": [0, 0, 1, 1], "texture": "#0"}
			}
		},
		{
			"from": [-8.25, 9.2, 8.25],
			"to": [-1.3, 9.7, 8.5],
			"faces": {
				"north": {"uv": [0, 0, 6.95, 0.5], "texture": "#0"},
				"east": {"uv": [0, 0, 0.25, 0.5], "texture": "#0"},
				"south": {"uv": [0, 0, 6.95, 0.5], "texture": "#0"},
				"west": {"uv": [0, 0, 0.25, 0.5], "texture": "#0"},
				"up": {"uv": [0, 0, 6.95, 0.25], "texture": "#0"},
				"down": {"uv": [0, 0, 6.95, 0.25], "texture": "#0"}
			}
		},
		{
			"from": [-8.25, 9.2, 7.5],
			"to": [-1.3, 9.7, 7.75],
			"faces": {
				"north": {"uv": [0, 0, 6.95, 0.5], "texture": "#0"},
				"east": {"uv": [0, 0, 0.25, 0.5], "texture": "#0"},
				"south": {"uv": [0, 0, 6.95, 0.5], "texture": "#0"},
				"west": {"uv": [0, 0, 0.25, 0.5], "texture": "#0"},
				"up": {"uv": [0, 0, 6.95, 0.25], "texture": "#0"},
				"down": {"uv": [0, 0, 6.95, 0.25], "texture": "#0"}
			}
		},
		{
			"from": [-8.25, 9.7, 7.75],
			"to": [-1.3, 9.95, 8.25],
			"faces": {
				"north": {"uv": [0, 0, 6.95, 0.25], "texture": "#0"},
				"east": {"uv": [0, 0, 0.5, 0.25], "texture": "#0"},
				"south": {"uv": [0, 0, 6.95, 0.25], "texture": "#0"},
				"west": {"uv": [0, 0, 0.5, 0.25], "texture": "#0"},
				"up": {"uv": [0, 0, 6.95, 0.5], "texture": "#0"},
				"down": {"uv": [0, 0, 6.95, 0.5], "texture": "#0"}
			}
		},
		{
			"from": [-8.75, 9.7, 7.675],
			"to": [-7.05, 10.025, 8.325],
			"faces": {
				"north": {"uv": [0, 0, 1.7, 0.325], "texture": "#0"},
				"east": {"uv": [0, 0, 0.65, 0.325], "texture": "#0"},
				"south": {"uv": [0, 0, 1.7, 0.325], "texture": "#0"},
				"west": {"uv": [0, 0, 0.65, 0.325], "texture": "#0"},
				"up": {"uv": [0, 0, 1.7, 0.65], "texture": "#0"},
				"down": {"uv": [0, 0, 1.7, 0.65], "texture": "#0"}
			}
		},
		{
			"from": [-8.75, 8.875, 7.675],
			"to": [-7.05, 9.2, 8.325],
			"faces": {
				"north": {"uv": [0, 0, 1.7, 0.325], "texture": "#0"},
				"east": {"uv": [0, 0, 0.65, 0.325], "texture": "#0"},
				"south": {"uv": [0, 0, 1.7, 0.325], "texture": "#0"},
				"west": {"uv": [0, 0, 0.65, 0.325], "texture": "#0"},
				"up": {"uv": [0, 0, 1.7, 0.65], "texture": "#0"},
				"down": {"uv": [0, 0, 1.7, 0.65], "texture": "#0"}
			}
		},
		{
			"from": [-8.75, 9.125, 8.25],
			"to": [-7.05, 9.775, 8.575],
			"faces": {
				"north": {"uv": [0, 0, 1.7, 0.65], "texture": "#0"},
				"east": {"uv": [0, 0, 0.325, 0.65], "texture": "#0"},
				"south": {"uv": [0, 0, 1.7, 0.65], "texture": "#0"},
				"west": {"uv": [0, 0, 0.325, 0.65], "texture": "#0"},
				"up": {"uv": [0, 0, 1.7, 0.325], "texture": "#0"},
				"down": {"uv": [0, 0, 1.7, 0.325], "texture": "#0"}
			}
		},
		{
			"from": [-8.75, 9.125, 7.425],
			"to": [-7.05, 9.775, 7.75],
			"faces": {
				"north": {"uv": [0, 0, 1.7, 0.65], "texture": "#0"},
				"east": {"uv": [0, 0, 0.325, 0.65], "texture": "#0"},
				"south": {"uv": [0, 0, 1.7, 0.65], "texture": "#0"},
				"west": {"uv": [0, 0, 0.325, 0.65], "texture": "#0"},
				"up": {"uv": [0, 0, 1.7, 0.325], "texture": "#0"},
				"down": {"uv": [0, 0, 1.7, 0.325], "texture": "#0"}
			}
		},
		{
			"from": [-8.25, 8.95, 7.75],
			"to": [-1.3, 9.2, 8.25],
			"faces": {
				"north": {"uv": [0, 0, 6.95, 0.25], "texture": "#0"},
				"east": {"uv": [0, 0, 0.5, 0.25], "texture": "#0"},
				"south": {"uv": [0, 0, 6.95, 0.25], "texture": "#0"},
				"west": {"uv": [0, 0, 0.5, 0.25], "texture": "#0"},
				"up": {"uv": [0, 0, 6.95, 0.5], "texture": "#0"},
				"down": {"uv": [0, 0, 6.95, 0.5], "texture": "#0"}
			}
		},
		{
			"from": [-8, 7.7, 7.75],
			"to": [-1.05, 8.7, 8.25],
			"faces": {
				"north": {"uv": [0, 0, 6.95, 1], "texture": "#0"},
				"east": {"uv": [0, 0, 0.5, 1], "texture": "#0"},
				"south": {"uv": [0, 0, 6.95, 1], "texture": "#0"},
				"west": {"uv": [0, 0, 0.5, 1], "texture": "#0"},
				"up": {"uv": [0, 0, 6.95, 0.5], "texture": "#0"},
				"down": {"uv": [0, 0, 6.95, 0.5], "texture": "#0"}
			}
		},
		{
			"from": [-6.75, 9.95, 7.875],
			"to": [-6.3, 10.5, 8.125],
			"faces": {
				"north": {"uv": [0, 0, 0.45, 0.55], "texture": "#0"},
				"east": {"uv": [0, 0, 0.25, 0.55], "texture": "#0"},
				"south": {"uv": [0, 0, 0.45, 0.55], "texture": "#0"},
				"west": {"uv": [0, 0, 0.25, 0.55], "texture": "#0"},
				"up": {"uv": [0, 0, 0.45, 0.25], "texture": "#0"},
				"down": {"uv": [0, 0, 0.45, 0.25], "texture": "#0"}
			}
		},
		{
			"from": [-8, 7.95, 7.5],
			"to": [-1.05, 8.45, 8.5],
			"faces": {
				"north": {"uv": [0, 0, 6.95, 0.5], "texture": "#0"},
				"east": {"uv": [0, 0, 1, 0.5], "texture": "#0"},
				"south": {"uv": [0, 0, 6.95, 0.5], "texture": "#0"},
				"west": {"uv": [0, 0, 1, 0.5], "texture": "#0"},
				"up": {"uv": [0, 0, 6.95, 1], "texture": "#0"},
				"down": {"uv": [0, 0, 6.95, 1], "texture": "#0"}
			}
		},
		{
			"from": [-1.55, 7.75, 7.25],
			"to": [-1, 9.5, 8.75],
			"faces": {
				"north": {"uv": [0, 0, 0.55, 1.75], "texture": "#1"},
				"east": {"uv": [0, 0, 1.5, 1.75], "texture": "#1"},
				"south": {"uv": [0, 0, 0.55, 1.75], "texture": "#1"},
				"west": {"uv": [0, 0, 1.5, 1.75], "texture": "#1"},
				"up": {"uv": [0, 0, 0.55, 1.5], "texture": "#1"},
				"down": {"uv": [0, 0, 0.55, 1.5], "texture": "#1"}
			}
		},
		{
			"from": [-1.5, 9.75, 7.25],
			"to": [-1, 10, 8.75],
			"faces": {
				"north": {"uv": [0, 0, 0.5, 0.25], "texture": "#1"},
				"east": {"uv": [0, 0, 1.5, 0.25], "texture": "#1"},
				"south": {"uv": [0, 0, 0.5, 0.25], "texture": "#1"},
				"west": {"uv": [0, 0, 1.5, 0.25], "texture": "#1"},
				"up": {"uv": [0, 0, 0.5, 1.5], "texture": "#1"},
				"down": {"uv": [0, 0, 0.5, 1.5], "texture": "#1"}
			}
		}
	],
	"gui_light": "front",
	"display": {
		"thirdperson_righthand": {
			"rotation": [0, -90, -64],
			"translation": [0, 5.5, -1.75],
			"scale": [0.9, 0.9, 0.9]
		},
		"thirdperson_lefthand": {
			"rotation": [0, 90, 0],
			"translation": [0, 0.25, -5.5],
			"scale": [0.9, 0.9, 0.9]
		},
		"firstperson_righthand": {
			"rotation": [0, -90, 0],
			"translation": [0, 2, -5.75]
		},
		"firstperson_lefthand": {
			"rotation": [0, 90, 0],
			"translation": [0, 2, -5.75]
		},
		"ground": {
			"translation": [2.25, 0.25, 0]
		},
		"gui": {
			"rotation": [0, 0, -45],
			"translation": [1, -1, 0],
			"scale": [0.7, 0.7, 0.9]
		},
		"head": {
			"rotation": [0, -93, 7],
			"translation": [0, 10.25, 0]
		},
		"fixed": {
			"rotation": [0, 180, -45],
			"translation": [-1.25, -1.25, 0]
		}
	},
	"groups": [
		{
			"name": "Spas-12",
			"origin": [8, 8, 8],
			"color": 0,
			"children": [
				{
					"name": "Spas-12",
					"origin": [8, 8, 8],
					"color": 0,
					"children": [
						{
							"name": "spas",
							"origin": [8, 8, 8],
							"color": 0,
							"children": [
								0,
								1,
								2,
								3,
								4,
								5,
								6,
								7,
								8,
								9,
								10,
								11,
								12,
								13,
								14,
								15,
								16,
								17,
								18,
								19,
								20,
								21,
								22,
								23,
								24,
								25,
								26,
								27,
								28,
								29,
								30,
								31,
								32,
								33,
								34,
								35,
								36,
								37,
								38,
								39,
								40,
								41,
								42,
								43,
								44,
								45,
								46,
								47,
								48,
								49,
								50,
								51,
								52,
								53,
								54,
								55,
								56,
								57,
								58,
								59,
								60,
								61,
								62,
								63,
								64,
								65,
								66,
								67,
								68,
								69,
								70,
								71,
								72,
								73,
								74,
								75,
								76,
								77,
								78,
								79,
								80,
								81,
								82,
								83,
								84,
								85,
								86,
								87,
								88,
								89,
								90,
								91,
								92,
								93,
								94,
								95,
								96,
								97,
								98,
								99
							]
						}
					]
				}
			]
		}
	]
}