{
	"credit": "Made by SrDarmith - YouTube: Mainclay",
	"textures": {
		"texture": "block/anvil_1"
	},
	"elements": [
		{
			"from": [10.25, 7.25, 7.25],
			"to": [18, 9.25, 8.75],
			"faces": {
				"north": {"uv": [1, 6.5, 1.75, 9], "texture": "#texture"},
				"east": {"uv": [7.25, 6.5, 8.75, 9], "texture": "#texture", "cullface": "east"},
				"south": {"uv": [14.25, 6.5, 15, 9], "texture": "#texture"},
				"west": {"uv": [7.25, 6.5, 8.75, 9], "texture": "#texture"},
				"up": {"uv": [15.25, 7.25, 16, 8.75], "texture": "#texture"},
				"down": {"uv": [1.75, 8.75, 1, 7.25], "texture": "#texture"}
			}
		},
		{
			"from": [13.5, 5.5, 7.5],
			"to": [15.25, 5.75, 8.5],
			"rotation": {"angle": 0, "axis": "y", "origin": [0, -0.25, 0]},
			"faces": {
				"north": {"uv": [0, 9, 0.75, 9.25], "texture": "#texture"},
				"east": {"uv": [0, 9, 1, 9.25], "texture": "#texture"},
				"south": {"uv": [0, 9, 0.75, 9.25], "texture": "#texture"},
				"west": {"uv": [0, 9, 1, 9.25], "texture": "#texture"},
				"up": {"uv": [0, 8.5, 0.75, 9.5], "texture": "#texture"},
				"down": {"uv": [0.75, 9.5, 0, 8.5], "texture": "#texture"}
			}
		},
		{
			"from": [10.25, 4.75, 4.75],
			"to": [13.25, 7.25, 11.25],
			"rotation": {"angle": 0, "axis": "y", "origin": [0, -0.25, 0]},
			"faces": {
				"north": {"uv": [0.75, 10, 2.5, 10.25], "texture": "#texture"},
				"east": {"uv": [7.5, 10, 8.5, 10.25], "texture": "#texture"},
				"south": {"uv": [13.5, 10, 15.25, 10.25], "texture": "#texture"},
				"west": {"uv": [7.5, 10, 8.5, 10.25], "texture": "#texture"},
				"up": {"uv": [13.5, 7.5, 15.25, 8.5], "texture": "#texture"},
				"down": {"uv": [2.5, 8.5, 0.75, 7.5], "texture": "#texture"}
			}
		},
		{
			"from": [10.25, 2.75, 6.75],
			"to": [13.25, 4.75, 9.25],
			"rotation": {"angle": 0, "axis": "y", "origin": [0, -0.25, 0]},
			"faces": {
				"north": {"uv": [0.75, 10, 2.5, 10.25], "texture": "#texture"},
				"east": {"uv": [7.5, 10, 8.5, 10.25], "texture": "#texture"},
				"south": {"uv": [13.5, 10, 15.25, 10.25], "texture": "#texture"},
				"west": {"uv": [7.5, 10, 8.5, 10.25], "texture": "#texture"},
				"up": {"uv": [13.5, 7.5, 15.25, 8.5], "texture": "#texture"},
				"down": {"uv": [2.5, 8.5, 0.75, 7.5], "texture": "#texture"}
			}
		},
		{
			"from": [10.25, 7.25, 6.75],
			"to": [13.25, 9.25, 9.25],
			"rotation": {"angle": 0, "axis": "y", "origin": [0, -0.25, 0]},
			"faces": {
				"north": {"uv": [0.75, 10, 2.5, 10.25], "texture": "#texture"},
				"east": {"uv": [7.5, 10, 8.5, 10.25], "texture": "#texture"},
				"south": {"uv": [13.5, 10, 15.25, 10.25], "texture": "#texture"},
				"west": {"uv": [7.5, 10, 8.5, 10.25], "texture": "#texture"},
				"up": {"uv": [13.5, 7.5, 15.25, 8.5], "texture": "#texture"},
				"down": {"uv": [2.5, 8.5, 0.75, 7.5], "texture": "#texture"}
			}
		},
		{
			"from": [10.25, 7.25, 9.25],
			"to": [13.25, 8.5, 10.5],
			"rotation": {"angle": 0, "axis": "y", "origin": [0, -0.25, 0]},
			"faces": {
				"north": {"uv": [0.75, 10, 2.5, 10.25], "texture": "#texture"},
				"east": {"uv": [7.5, 10, 8.5, 10.25], "texture": "#texture"},
				"south": {"uv": [13.5, 10, 15.25, 10.25], "texture": "#texture"},
				"west": {"uv": [7.5, 10, 8.5, 10.25], "texture": "#texture"},
				"up": {"uv": [13.5, 7.5, 15.25, 8.5], "texture": "#texture"},
				"down": {"uv": [2.5, 8.5, 0.75, 7.5], "texture": "#texture"}
			}
		},
		{
			"from": [10.25, 7.25, 10.5],
			"to": [13.25, 8, 11],
			"rotation": {"angle": 0, "axis": "y", "origin": [0, -0.25, 0]},
			"faces": {
				"north": {"uv": [0.75, 10, 2.5, 10.25], "texture": "#texture"},
				"east": {"uv": [7.5, 10, 8.5, 10.25], "texture": "#texture"},
				"south": {"uv": [13.5, 10, 15.25, 10.25], "texture": "#texture"},
				"west": {"uv": [7.5, 10, 8.5, 10.25], "texture": "#texture"},
				"up": {"uv": [13.5, 7.5, 15.25, 8.5], "texture": "#texture"},
				"down": {"uv": [2.5, 8.5, 0.75, 7.5], "texture": "#texture"}
			}
		},
		{
			"from": [10.25, 8.5, 9.25],
			"to": [13.25, 9, 10],
			"rotation": {"angle": 0, "axis": "y", "origin": [0, -0.25, 0]},
			"faces": {
				"north": {"uv": [0.75, 10, 2.5, 10.25], "texture": "#texture"},
				"east": {"uv": [7.5, 10, 8.5, 10.25], "texture": "#texture"},
				"south": {"uv": [13.5, 10, 15.25, 10.25], "texture": "#texture"},
				"west": {"uv": [7.5, 10, 8.5, 10.25], "texture": "#texture"},
				"up": {"uv": [13.5, 7.5, 15.25, 8.5], "texture": "#texture"},
				"down": {"uv": [2.5, 8.5, 0.75, 7.5], "texture": "#texture"}
			}
		},
		{
			"from": [10.25, 7.25, 5],
			"to": [13.25, 8, 5.5],
			"rotation": {"angle": 0, "axis": "y", "origin": [0, -0.25, 0]},
			"faces": {
				"north": {"uv": [0.75, 10, 2.5, 10.25], "texture": "#texture"},
				"east": {"uv": [7.5, 10, 8.5, 10.25], "texture": "#texture"},
				"south": {"uv": [13.5, 10, 15.25, 10.25], "texture": "#texture"},
				"west": {"uv": [7.5, 10, 8.5, 10.25], "texture": "#texture"},
				"up": {"uv": [13.5, 7.5, 15.25, 8.5], "texture": "#texture"},
				"down": {"uv": [2.5, 8.5, 0.75, 7.5], "texture": "#texture"}
			}
		},
		{
			"from": [10.25, 4, 10.5],
			"to": [13.25, 4.75, 11],
			"rotation": {"angle": 0, "axis": "y", "origin": [0, -0.25, 0]},
			"faces": {
				"north": {"uv": [0.75, 10, 2.5, 10.25], "texture": "#texture"},
				"east": {"uv": [7.5, 10, 8.5, 10.25], "texture": "#texture"},
				"south": {"uv": [13.5, 10, 15.25, 10.25], "texture": "#texture"},
				"west": {"uv": [7.5, 10, 8.5, 10.25], "texture": "#texture"},
				"up": {"uv": [13.5, 7.5, 15.25, 8.5], "texture": "#texture"},
				"down": {"uv": [2.5, 8.5, 0.75, 7.5], "texture": "#texture"}
			}
		},
		{
			"from": [10.25, 4, 5],
			"to": [13.25, 4.75, 5.5],
			"rotation": {"angle": 0, "axis": "y", "origin": [0, -0.25, 0]},
			"faces": {
				"north": {"uv": [0.75, 10, 2.5, 10.25], "texture": "#texture"},
				"east": {"uv": [7.5, 10, 8.5, 10.25], "texture": "#texture"},
				"south": {"uv": [13.5, 10, 15.25, 10.25], "texture": "#texture"},
				"west": {"uv": [7.5, 10, 8.5, 10.25], "texture": "#texture"},
				"up": {"uv": [13.5, 7.5, 15.25, 8.5], "texture": "#texture"},
				"down": {"uv": [2.5, 8.5, 0.75, 7.5], "texture": "#texture"}
			}
		},
		{
			"from": [10.25, 3, 9.25],
			"to": [13.25, 3.5, 10],
			"rotation": {"angle": 0, "axis": "y", "origin": [0, -0.25, 0]},
			"faces": {
				"north": {"uv": [0.75, 10, 2.5, 10.25], "texture": "#texture"},
				"east": {"uv": [7.5, 10, 8.5, 10.25], "texture": "#texture"},
				"south": {"uv": [13.5, 10, 15.25, 10.25], "texture": "#texture"},
				"west": {"uv": [7.5, 10, 8.5, 10.25], "texture": "#texture"},
				"up": {"uv": [13.5, 7.5, 15.25, 8.5], "texture": "#texture"},
				"down": {"uv": [2.5, 8.5, 0.75, 7.5], "texture": "#texture"}
			}
		},
		{
			"from": [10.25, 3, 6],
			"to": [13.25, 3.5, 6.75],
			"rotation": {"angle": 0, "axis": "y", "origin": [0, -0.25, 0]},
			"faces": {
				"north": {"uv": [0.75, 10, 2.5, 10.25], "texture": "#texture"},
				"east": {"uv": [7.5, 10, 8.5, 10.25], "texture": "#texture"},
				"south": {"uv": [13.5, 10, 15.25, 10.25], "texture": "#texture"},
				"west": {"uv": [7.5, 10, 8.5, 10.25], "texture": "#texture"},
				"up": {"uv": [13.5, 7.5, 15.25, 8.5], "texture": "#texture"},
				"down": {"uv": [2.5, 8.5, 0.75, 7.5], "texture": "#texture"}
			}
		},
		{
			"from": [10.25, 3.5, 9.25],
			"to": [13.25, 4.75, 10.5],
			"rotation": {"angle": 0, "axis": "y", "origin": [0, -0.25, 0]},
			"faces": {
				"north": {"uv": [0.75, 10, 2.5, 10.25], "texture": "#texture"},
				"east": {"uv": [7.5, 10, 8.5, 10.25], "texture": "#texture"},
				"south": {"uv": [13.5, 10, 15.25, 10.25], "texture": "#texture"},
				"west": {"uv": [7.5, 10, 8.5, 10.25], "texture": "#texture"},
				"up": {"uv": [13.5, 7.5, 15.25, 8.5], "texture": "#texture"},
				"down": {"uv": [2.5, 8.5, 0.75, 7.5], "texture": "#texture"}
			}
		},
		{
			"from": [10.25, 3.5, 5.5],
			"to": [13.25, 4.75, 6.75],
			"rotation": {"angle": 0, "axis": "y", "origin": [0, -0.25, 0]},
			"faces": {
				"north": {"uv": [0.75, 10, 2.5, 10.25], "texture": "#texture"},
				"east": {"uv": [7.5, 10, 8.5, 10.25], "texture": "#texture"},
				"south": {"uv": [13.5, 10, 15.25, 10.25], "texture": "#texture"},
				"west": {"uv": [7.5, 10, 8.5, 10.25], "texture": "#texture"},
				"up": {"uv": [13.5, 7.5, 15.25, 8.5], "texture": "#texture"},
				"down": {"uv": [2.5, 8.5, 0.75, 7.5], "texture": "#texture"}
			}
		},
		{
			"from": [10.25, 7.25, 5.5],
			"to": [13.25, 8.5, 6.75],
			"rotation": {"angle": 0, "axis": "y", "origin": [0, -0.25, 0]},
			"faces": {
				"north": {"uv": [0.75, 10, 2.5, 10.25], "texture": "#texture"},
				"east": {"uv": [7.5, 10, 8.5, 10.25], "texture": "#texture"},
				"south": {"uv": [13.5, 10, 15.25, 10.25], "texture": "#texture"},
				"west": {"uv": [7.5, 10, 8.5, 10.25], "texture": "#texture"},
				"up": {"uv": [13.5, 7.5, 15.25, 8.5], "texture": "#texture"},
				"down": {"uv": [2.5, 8.5, 0.75, 7.5], "texture": "#texture"}
			}
		},
		{
			"from": [16.425, -3.1, 7.5],
			"to": [18.225, -0.625, 8.5],
			"rotation": {"angle": 22.5, "axis": "z", "origin": [-0.2, 0.25, 0]},
			"faces": {
				"north": {"uv": [0.75, 10, 2.5, 10.25], "texture": "#texture"},
				"east": {"uv": [7.5, 10, 8.5, 10.25], "texture": "#texture"},
				"south": {"uv": [13.5, 10, 15.25, 10.25], "texture": "#texture"},
				"west": {"uv": [7.5, 10, 8.5, 10.25], "texture": "#texture"},
				"up": {"uv": [13.5, 7.5, 15.25, 8.5], "texture": "#texture"},
				"down": {"uv": [2.5, 8.5, 0.75, 7.5], "texture": "#texture"}
			}
		},
		{
			"from": [15.5, 5.8, 7.5],
			"to": [17.15, 7, 8.5],
			"rotation": {"angle": 0, "axis": "y", "origin": [0, -0.25, 0]},
			"faces": {
				"north": {"uv": [0.75, 10, 2.5, 10.25], "texture": "#texture"},
				"east": {"uv": [7.5, 10, 8.5, 10.25], "texture": "#texture"},
				"south": {"uv": [13.5, 10, 15.25, 10.25], "texture": "#texture"},
				"west": {"uv": [7.5, 10, 8.5, 10.25], "texture": "#texture"},
				"up": {"uv": [13.5, 7.5, 15.25, 8.5], "texture": "#texture"},
				"down": {"uv": [2.5, 8.5, 0.75, 7.5], "texture": "#texture"}
			}
		},
		{
			"from": [13.25, 7, 7.25],
			"to": [17.15, 7.25, 8.75],
			"rotation": {"angle": 0, "axis": "y", "origin": [0, -0.25, 0]},
			"faces": {
				"north": {"uv": [0.75, 10, 2.5, 10.25], "texture": "#texture"},
				"east": {"uv": [7.5, 10, 8.5, 10.25], "texture": "#texture"},
				"south": {"uv": [13.5, 10, 15.25, 10.25], "texture": "#texture"},
				"west": {"uv": [7.5, 10, 8.5, 10.25], "texture": "#texture"},
				"up": {"uv": [13.5, 7.5, 15.25, 8.5], "texture": "#texture"},
				"down": {"uv": [2.5, 8.5, 0.75, 7.5], "texture": "#texture"}
			}
		},
		{
			"from": [14.95, 6.2, 7.75],
			"to": [15.2, 7.45, 8.25],
			"rotation": {"angle": -22.5, "axis": "z", "origin": [14.5, 7.25, 7.75]},
			"faces": {
				"north": {"uv": [0, 9, 0.5, 10.25], "texture": "#texture"},
				"east": {"uv": [0, 9, 0.5, 10.25], "texture": "#texture"},
				"south": {"uv": [0, 9, 0.5, 10.25], "texture": "#texture"},
				"west": {"uv": [0, 9, 0.5, 10.25], "texture": "#texture"},
				"down": {"uv": [0.5, 9.25, 0, 8.75], "texture": "#texture"}
			}
		},
		{
			"from": [15.25, 5.75, 7.5],
			"to": [15.5, 6, 8.5],
			"rotation": {"angle": 0, "axis": "y", "origin": [0, -0.25, 0]},
			"faces": {
				"north": {"uv": [0, 9, 0.75, 9.25], "texture": "#texture"},
				"east": {"uv": [0, 9, 1, 9.25], "texture": "#texture"},
				"south": {"uv": [0, 9, 0.75, 9.25], "texture": "#texture"},
				"west": {"uv": [0, 9, 1, 9.25], "texture": "#texture"},
				"up": {"uv": [0, 8.5, 0.75, 9.5], "texture": "#texture"},
				"down": {"uv": [0.75, 9.5, 0, 8.5], "texture": "#texture"}
			}
		},
		{
			"from": [13.25, 5.75, 7.5],
			"to": [13.5, 7, 8.5],
			"rotation": {"angle": 0, "axis": "y", "origin": [0, -0.25, 0]},
			"faces": {
				"north": {"uv": [0, 9, 0.75, 9.25], "texture": "#texture"},
				"east": {"uv": [0, 9, 1, 9.25], "texture": "#texture"},
				"south": {"uv": [0, 9, 0.75, 9.25], "texture": "#texture"},
				"west": {"uv": [0, 9, 1, 9.25], "texture": "#texture"},
				"up": {"uv": [0, 8.5, 0.75, 9.5], "texture": "#texture"},
				"down": {"uv": [0.75, 9.5, 0, 8.5], "texture": "#texture"}
			}
		},
		{
			"from": [16.2, 3.25, 7.5],
			"to": [18.1, 4.2, 8.5],
			"rotation": {"angle": 0, "axis": "y", "origin": [-0.2, 0.25, 0]},
			"faces": {
				"north": {"uv": [0.75, 10, 2.5, 10.25], "texture": "#texture"},
				"east": {"uv": [7.5, 10, 8.5, 10.25], "texture": "#texture"},
				"south": {"uv": [13.5, 10, 15.25, 10.25], "texture": "#texture"},
				"west": {"uv": [7.5, 10, 8.5, 10.25], "texture": "#texture"},
				"up": {"uv": [13.5, 7.5, 15.25, 8.5], "texture": "#texture"},
				"down": {"uv": [2.5, 8.5, 0.75, 7.5], "texture": "#texture"}
			}
		},
		{
			"from": [13.5, 9.5, 7.25],
			"to": [17.5, 9.75, 8.75],
			"faces": {
				"north": {"uv": [1, 6.5, 1.75, 9], "texture": "#texture"},
				"east": {"uv": [7.25, 6.5, 8.75, 9], "texture": "#texture", "cullface": "east"},
				"south": {"uv": [14.25, 6.5, 15, 9], "texture": "#texture"},
				"west": {"uv": [7.25, 6.5, 8.75, 9], "texture": "#texture"},
				"up": {"uv": [15.25, 7.25, 16, 8.75], "texture": "#texture"},
				"down": {"uv": [1.75, 8.75, 1, 7.25], "texture": "#texture"}
			}
		},
		{
			"from": [10.25, 9.5, 7.25],
			"to": [13.5, 10, 8.75],
			"faces": {
				"north": {"uv": [1, 6.5, 1.75, 9], "texture": "#texture"},
				"east": {"uv": [7.25, 6.5, 8.75, 9], "texture": "#texture", "cullface": "east"},
				"south": {"uv": [14.25, 6.5, 15, 9], "texture": "#texture"},
				"west": {"uv": [7.25, 6.5, 8.75, 9], "texture": "#texture"},
				"up": {"uv": [15.25, 7.25, 16, 8.75], "texture": "#texture"},
				"down": {"uv": [1.75, 8.75, 1, 7.25], "texture": "#texture"}
			}
		},
		{
			"from": [10.25, 9.25, 7.25],
			"to": [17.75, 9.5, 8.75],
			"faces": {
				"north": {"uv": [1, 6.5, 1.75, 9], "texture": "#texture"},
				"east": {"uv": [7.25, 6.5, 8.75, 9], "texture": "#texture", "cullface": "east"},
				"south": {"uv": [14.25, 6.5, 15, 9], "texture": "#texture"},
				"west": {"uv": [7.25, 6.5, 8.75, 9], "texture": "#texture"},
				"up": {"uv": [15.25, 7.25, 16, 8.75], "texture": "#texture"},
				"down": {"uv": [1.75, 8.75, 1, 7.25], "texture": "#texture"}
			}
		},
		{
			"from": [17.15, 7, 7.5],
			"to": [17.4, 7.25, 8.5],
			"rotation": {"angle": 0, "axis": "y", "origin": [0, -0.25, 0]},
			"faces": {
				"north": {"uv": [0, 9, 0.75, 9.25], "texture": "#texture"},
				"east": {"uv": [0, 9, 1, 9.25], "texture": "#texture"},
				"south": {"uv": [0, 9, 0.75, 9.25], "texture": "#texture"},
				"west": {"uv": [0, 9, 1, 9.25], "texture": "#texture"},
				"up": {"uv": [0, 8.5, 0.75, 9.5], "texture": "#texture"},
				"down": {"uv": [0.75, 9.5, 0, 8.5], "texture": "#texture"}
			}
		},
		{
			"from": [4.5, 3.8, 7.75],
			"to": [6.15, 7.5, 8.25],
			"rotation": {"angle": 0, "axis": "y", "origin": [-11.75, 0.5, 0]},
			"faces": {
				"north": {"uv": [0.75, 10, 2.5, 10.25], "texture": "#texture"},
				"east": {"uv": [7.5, 10, 8.5, 10.25], "texture": "#texture"},
				"south": {"uv": [13.5, 10, 15.25, 10.25], "texture": "#texture"},
				"west": {"uv": [7.5, 10, 8.5, 10.25], "texture": "#texture"},
				"up": {"uv": [13.5, 7.5, 15.25, 8.5], "texture": "#texture"},
				"down": {"uv": [2.5, 8.5, 0.75, 7.5], "texture": "#texture"}
			}
		},
		{
			"from": [10.25, 8.5, 6],
			"to": [13.25, 9, 6.75],
			"rotation": {"angle": 0, "axis": "y", "origin": [0, -0.25, 0]},
			"faces": {
				"north": {"uv": [0.75, 10, 2.5, 10.25], "texture": "#texture"},
				"east": {"uv": [7.5, 10, 8.5, 10.25], "texture": "#texture"},
				"south": {"uv": [13.5, 10, 15.25, 10.25], "texture": "#texture"},
				"west": {"uv": [7.5, 10, 8.5, 10.25], "texture": "#texture"},
				"up": {"uv": [13.5, 7.5, 15.25, 8.5], "texture": "#texture"},
				"down": {"uv": [2.5, 8.5, 0.75, 7.5], "texture": "#texture"}
			}
		},
		{
			"from": [9.4, 5.8, 7.75],
			"to": [10.4, 6.25, 8.25],
			"rotation": {"angle": 0, "axis": "y", "origin": [-11.75, 0.5, 0]},
			"faces": {
				"north": {"uv": [0.75, 10, 2.5, 10.25], "texture": "#texture"},
				"east": {"uv": [7.5, 10, 8.5, 10.25], "texture": "#texture"},
				"south": {"uv": [13.5, 10, 15.25, 10.25], "texture": "#texture"},
				"west": {"uv": [7.5, 10, 8.5, 10.25], "texture": "#texture"},
				"up": {"uv": [13.5, 7.5, 15.25, 8.5], "texture": "#texture"},
				"down": {"uv": [2.5, 8.5, 0.75, 7.5], "texture": "#texture"}
			}
		},
		{
			"from": [9.575, -2.5, 9.075],
			"to": [9.975, -0.05, 10.075],
			"rotation": {"angle": -45, "axis": "x", "origin": [-11.75, 0.5, 0]},
			"faces": {
				"north": {"uv": [0.75, 10, 2.5, 10.25], "texture": "#texture"},
				"east": {"uv": [7.5, 10, 8.5, 10.25], "texture": "#texture"},
				"south": {"uv": [13.5, 10, 15.25, 10.25], "texture": "#texture"},
				"west": {"uv": [7.5, 10, 8.5, 10.25], "texture": "#texture"},
				"up": {"uv": [13.5, 7.5, 15.25, 8.5], "texture": "#texture"},
				"down": {"uv": [2.5, 8.5, 0.75, 7.5], "texture": "#texture"}
			}
		},
		{
			"from": [10.5, 7.85, 6.75],
			"to": [15.75, 8.1, 7.5],
			"rotation": {"angle": 0, "axis": "y", "origin": [0, -0.25, 0]},
			"faces": {
				"north": {"uv": [0.75, 10, 2.5, 10.25], "texture": "#texture"},
				"east": {"uv": [7.5, 10, 8.5, 10.25], "texture": "#texture"},
				"south": {"uv": [13.5, 10, 15.25, 10.25], "texture": "#texture"},
				"west": {"uv": [7.5, 10, 8.5, 10.25], "texture": "#texture"},
				"up": {"uv": [13.5, 7.5, 15.25, 8.5], "texture": "#texture"},
				"down": {"uv": [2.5, 8.5, 0.75, 7.5], "texture": "#texture"}
			}
		},
		{
			"from": [1.575, 8.35, 6.075],
			"to": [1.9, 8.6, 7.5],
			"rotation": {"angle": 0, "axis": "y", "origin": [0, -0.25, 0]},
			"faces": {
				"north": {"uv": [0.75, 10, 2.5, 10.25], "texture": "#texture"},
				"east": {"uv": [7.5, 10, 8.5, 10.25], "texture": "#texture"},
				"south": {"uv": [13.5, 10, 15.25, 10.25], "texture": "#texture"},
				"west": {"uv": [7.5, 10, 8.5, 10.25], "texture": "#texture"},
				"up": {"uv": [13.5, 7.5, 15.25, 8.5], "texture": "#texture"},
				"down": {"uv": [2.5, 8.5, 0.75, 7.5], "texture": "#texture"}
			}
		},
		{
			"from": [10.5, 8.6, 6.75],
			"to": [15.75, 8.85, 7.5],
			"rotation": {"angle": 0, "axis": "y", "origin": [0, -0.25, 0]},
			"faces": {
				"north": {"uv": [0.75, 10, 2.5, 10.25], "texture": "#texture"},
				"east": {"uv": [7.5, 10, 8.5, 10.25], "texture": "#texture"},
				"south": {"uv": [13.5, 10, 15.25, 10.25], "texture": "#texture"},
				"west": {"uv": [7.5, 10, 8.5, 10.25], "texture": "#texture"},
				"up": {"uv": [13.5, 7.5, 15.25, 8.5], "texture": "#texture"},
				"down": {"uv": [2.5, 8.5, 0.75, 7.5], "texture": "#texture"}
			}
		},
		{
			"from": [18, 7.5, 8.75],
			"to": [19.25, 9, 9],
			"faces": {
				"north": {"uv": [10.3, 4.1, 10.95, 4.8], "texture": "#texture"},
				"east": {"uv": [10.15, 4.1, 10.85, 5], "texture": "#texture", "cullface": "east"},
				"south": {"uv": [10.25, 4.1, 10.8, 4.9], "texture": "#texture"},
				"west": {"uv": [10.15, 4.1, 10.95, 4.9], "texture": "#texture"},
				"up": {"uv": [10.25, 4.1, 10.8, 4.8], "texture": "#texture"},
				"down": {"uv": [10.85, 4.8, 10.2, 4.1], "texture": "#texture"}
			}
		},
		{
			"from": [16.25, 9.25, 8.75],
			"to": [17.75, 9.5, 9],
			"faces": {
				"north": {"uv": [10.3, 4.1, 10.95, 4.8], "texture": "#texture"},
				"east": {"uv": [10.15, 4.1, 10.85, 5], "texture": "#texture", "cullface": "east"},
				"south": {"uv": [10.25, 4.1, 10.8, 4.9], "texture": "#texture"},
				"west": {"uv": [10.15, 4.1, 10.95, 4.9], "texture": "#texture"},
				"up": {"uv": [10.25, 4.1, 10.8, 4.8], "texture": "#texture"},
				"down": {"uv": [10.85, 4.8, 10.2, 4.1], "texture": "#texture"}
			}
		},
		{
			"from": [16.25, 9.5, 8.75],
			"to": [17.5, 9.75, 9],
			"faces": {
				"north": {"uv": [10.3, 4.1, 10.95, 4.8], "texture": "#texture"},
				"east": {"uv": [10.15, 4.1, 10.85, 5], "texture": "#texture", "cullface": "east"},
				"south": {"uv": [10.25, 4.1, 10.8, 4.9], "texture": "#texture"},
				"west": {"uv": [10.15, 4.1, 10.95, 4.9], "texture": "#texture"},
				"up": {"uv": [10.25, 4.1, 10.8, 4.8], "texture": "#texture"},
				"down": {"uv": [10.85, 4.8, 10.2, 4.1], "texture": "#texture"}
			}
		},
		{
			"from": [16.25, 9.5, 7],
			"to": [17.5, 9.75, 7.25],
			"faces": {
				"north": {"uv": [10.3, 4.1, 10.95, 4.8], "texture": "#texture"},
				"east": {"uv": [10.15, 4.1, 10.85, 5], "texture": "#texture", "cullface": "east"},
				"south": {"uv": [10.25, 4.1, 10.8, 4.9], "texture": "#texture"},
				"west": {"uv": [10.15, 4.1, 10.95, 4.9], "texture": "#texture"},
				"up": {"uv": [10.25, 4.1, 10.8, 4.8], "texture": "#texture"},
				"down": {"uv": [10.85, 4.8, 10.2, 4.1], "texture": "#texture"}
			}
		},
		{
			"from": [16.25, 9.25, 7],
			"to": [17.75, 9.5, 7.25],
			"faces": {
				"north": {"uv": [10.3, 4.1, 10.95, 4.8], "texture": "#texture"},
				"east": {"uv": [10.15, 4.1, 10.85, 5], "texture": "#texture", "cullface": "east"},
				"south": {"uv": [10.25, 4.1, 10.8, 4.9], "texture": "#texture"},
				"west": {"uv": [10.15, 4.1, 10.95, 4.9], "texture": "#texture"},
				"up": {"uv": [10.25, 4.1, 10.8, 4.8], "texture": "#texture"},
				"down": {"uv": [10.85, 4.8, 10.2, 4.1], "texture": "#texture"}
			}
		},
		{
			"from": [16.75, 7.75, 8.75],
			"to": [18, 8, 9],
			"faces": {
				"north": {"uv": [10.3, 4.1, 10.95, 4.8], "texture": "#texture"},
				"east": {"uv": [10.15, 4.1, 10.85, 5], "texture": "#texture", "cullface": "east"},
				"south": {"uv": [10.25, 4.1, 10.8, 4.9], "texture": "#texture"},
				"west": {"uv": [10.15, 4.1, 10.95, 4.9], "texture": "#texture"},
				"up": {"uv": [10.25, 4.1, 10.8, 4.8], "texture": "#texture"},
				"down": {"uv": [10.85, 4.8, 10.2, 4.1], "texture": "#texture"}
			}
		},
		{
			"from": [19.25, 7.25, 8.75],
			"to": [20.5, 8.5, 9],
			"faces": {
				"north": {"uv": [10.3, 4.1, 10.95, 4.8], "texture": "#texture"},
				"east": {"uv": [10.15, 4.1, 10.85, 5], "texture": "#texture", "cullface": "east"},
				"south": {"uv": [10.25, 4.1, 10.8, 4.9], "texture": "#texture"},
				"west": {"uv": [10.15, 4.1, 10.95, 4.9], "texture": "#texture"},
				"up": {"uv": [10.25, 4.1, 10.8, 4.8], "texture": "#texture"},
				"down": {"uv": [10.85, 4.8, 10.2, 4.1], "texture": "#texture"}
			}
		},
		{
			"from": [20.5, 7, 8.75],
			"to": [26, 8, 9],
			"faces": {
				"north": {"uv": [10.3, 4.1, 10.95, 4.8], "texture": "#texture"},
				"east": {"uv": [10.15, 4.1, 10.85, 5], "texture": "#texture", "cullface": "east"},
				"south": {"uv": [10.25, 4.1, 10.8, 4.9], "texture": "#texture"},
				"west": {"uv": [10.15, 4.1, 10.95, 4.9], "texture": "#texture"},
				"up": {"uv": [10.25, 4.1, 10.8, 4.8], "texture": "#texture"},
				"down": {"uv": [10.85, 4.8, 10.2, 4.1], "texture": "#texture"}
			}
		},
		{
			"from": [20.5, 7, 7],
			"to": [26, 8, 7.25],
			"faces": {
				"north": {"uv": [10.3, 4.1, 10.95, 4.8], "texture": "#texture"},
				"east": {"uv": [10.15, 4.1, 10.85, 5], "texture": "#texture", "cullface": "east"},
				"south": {"uv": [10.25, 4.1, 10.8, 4.9], "texture": "#texture"},
				"west": {"uv": [10.15, 4.1, 10.95, 4.9], "texture": "#texture"},
				"up": {"uv": [10.25, 4.1, 10.8, 4.8], "texture": "#texture"},
				"down": {"uv": [10.85, 4.8, 10.2, 4.1], "texture": "#texture"}
			}
		},
		{
			"from": [19.25, 7.25, 7],
			"to": [20.5, 8.5, 7.25],
			"faces": {
				"north": {"uv": [10.3, 4.1, 10.95, 4.8], "texture": "#texture"},
				"east": {"uv": [10.15, 4.1, 10.85, 5], "texture": "#texture", "cullface": "east"},
				"south": {"uv": [10.25, 4.1, 10.8, 4.9], "texture": "#texture"},
				"west": {"uv": [10.15, 4.1, 10.95, 4.9], "texture": "#texture"},
				"up": {"uv": [10.25, 4.1, 10.8, 4.8], "texture": "#texture"},
				"down": {"uv": [10.85, 4.8, 10.2, 4.1], "texture": "#texture"}
			}
		},
		{
			"from": [18, 7.5, 7],
			"to": [19.25, 9, 7.25],
			"faces": {
				"north": {"uv": [10.3, 4.1, 10.95, 4.8], "texture": "#texture"},
				"east": {"uv": [10.15, 4.1, 10.85, 5], "texture": "#texture", "cullface": "east"},
				"south": {"uv": [10.25, 4.1, 10.8, 4.9], "texture": "#texture"},
				"west": {"uv": [10.15, 4.1, 10.95, 4.9], "texture": "#texture"},
				"up": {"uv": [10.25, 4.1, 10.8, 4.8], "texture": "#texture"},
				"down": {"uv": [10.85, 4.8, 10.2, 4.1], "texture": "#texture"}
			}
		},
		{
			"from": [16.25, 8.25, 8.75],
			"to": [18, 9.25, 9],
			"faces": {
				"north": {"uv": [10.3, 4.1, 10.95, 4.8], "texture": "#texture"},
				"east": {"uv": [10.15, 4.1, 10.85, 5], "texture": "#texture", "cullface": "east"},
				"south": {"uv": [10.25, 4.1, 10.8, 4.9], "texture": "#texture"},
				"west": {"uv": [10.15, 4.1, 10.95, 4.9], "texture": "#texture"},
				"up": {"uv": [10.25, 4.1, 10.8, 4.8], "texture": "#texture"},
				"down": {"uv": [10.85, 4.8, 10.2, 4.1], "texture": "#texture"}
			}
		},
		{
			"from": [16.25, 8.25, 7],
			"to": [18, 9.25, 7.25],
			"faces": {
				"north": {"uv": [10.3, 4.1, 10.95, 4.8], "texture": "#texture"},
				"east": {"uv": [10.15, 4.1, 10.85, 5], "texture": "#texture", "cullface": "east"},
				"south": {"uv": [10.25, 4.1, 10.8, 4.9], "texture": "#texture"},
				"west": {"uv": [10.15, 4.1, 10.95, 4.9], "texture": "#texture"},
				"up": {"uv": [10.25, 4.1, 10.8, 4.8], "texture": "#texture"},
				"down": {"uv": [10.85, 4.8, 10.2, 4.1], "texture": "#texture"}
			}
		},
		{
			"from": [17, 8.7, 6.925],
			"to": [17.25, 9.1, 9.075],
			"faces": {
				"north": {"uv": [1, 6.5, 1.75, 9], "texture": "#texture"},
				"east": {"uv": [7.25, 6.5, 8.75, 9], "texture": "#texture", "cullface": "east"},
				"south": {"uv": [14.25, 6.5, 15, 9], "texture": "#texture"},
				"west": {"uv": [7.25, 6.5, 8.75, 9], "texture": "#texture"},
				"up": {"uv": [15.25, 7.25, 16, 8.75], "texture": "#texture"},
				"down": {"uv": [1.75, 8.75, 1, 7.25], "texture": "#texture"}
			}
		},
		{
			"from": [16.925, 8.75, 6.925],
			"to": [17.325, 9.05, 9.075],
			"faces": {
				"north": {"uv": [1, 6.5, 1.75, 9], "texture": "#texture"},
				"east": {"uv": [7.25, 6.5, 8.75, 9], "texture": "#texture", "cullface": "east"},
				"south": {"uv": [14.25, 6.5, 15, 9], "texture": "#texture"},
				"west": {"uv": [7.25, 6.5, 8.75, 9], "texture": "#texture"},
				"up": {"uv": [15.25, 7.25, 16, 8.75], "texture": "#texture"},
				"down": {"uv": [1.75, 8.75, 1, 7.25], "texture": "#texture"}
			}
		},
		{
			"from": [16.5, 8, 8.75],
			"to": [18, 8.25, 9],
			"faces": {
				"north": {"uv": [10.3, 4.1, 10.95, 4.8], "texture": "#texture"},
				"east": {"uv": [10.15, 4.1, 10.85, 5], "texture": "#texture", "cullface": "east"},
				"south": {"uv": [10.25, 4.1, 10.8, 4.9], "texture": "#texture"},
				"west": {"uv": [10.15, 4.1, 10.95, 4.9], "texture": "#texture"},
				"up": {"uv": [10.25, 4.1, 10.8, 4.8], "texture": "#texture"},
				"down": {"uv": [10.85, 4.8, 10.2, 4.1], "texture": "#texture"}
			}
		},
		{
			"from": [16.5, 8, 7],
			"to": [18, 8.25, 7.25],
			"faces": {
				"north": {"uv": [10.3, 4.1, 10.95, 4.8], "texture": "#texture"},
				"east": {"uv": [10.15, 4.1, 10.85, 5], "texture": "#texture", "cullface": "east"},
				"south": {"uv": [10.25, 4.1, 10.8, 4.9], "texture": "#texture"},
				"west": {"uv": [10.15, 4.1, 10.95, 4.9], "texture": "#texture"},
				"up": {"uv": [10.25, 4.1, 10.8, 4.8], "texture": "#texture"},
				"down": {"uv": [10.85, 4.8, 10.2, 4.1], "texture": "#texture"}
			}
		},
		{
			"from": [16.75, 7.75, 7],
			"to": [18, 8, 7.25],
			"faces": {
				"north": {"uv": [10.3, 4.1, 10.95, 4.8], "texture": "#texture"},
				"east": {"uv": [10.15, 4.1, 10.85, 5], "texture": "#texture", "cullface": "east"},
				"south": {"uv": [10.25, 4.1, 10.8, 4.9], "texture": "#texture"},
				"west": {"uv": [10.15, 4.1, 10.95, 4.9], "texture": "#texture"},
				"up": {"uv": [10.25, 4.1, 10.8, 4.8], "texture": "#texture"},
				"down": {"uv": [10.85, 4.8, 10.2, 4.1], "texture": "#texture"}
			}
		},
		{
			"from": [1.5, 8.6, 6.825],
			"to": [10.25, 8.85, 7.575],
			"rotation": {"angle": 0, "axis": "y", "origin": [0, -0.25, 0]},
			"faces": {
				"north": {"uv": [0.75, 10, 2.5, 10.25], "texture": "#texture"},
				"east": {"uv": [7.5, 10, 8.5, 10.25], "texture": "#texture"},
				"south": {"uv": [13.5, 10, 15.25, 10.25], "texture": "#texture"},
				"west": {"uv": [7.5, 10, 8.5, 10.25], "texture": "#texture"},
				"up": {"uv": [13.5, 7.5, 15.25, 8.5], "texture": "#texture"},
				"down": {"uv": [2.5, 8.5, 0.75, 7.5], "texture": "#texture"}
			}
		},
		{
			"from": [1.5, 8.1, 6.825],
			"to": [10.25, 8.35, 7.575],
			"rotation": {"angle": 0, "axis": "y", "origin": [0, -0.25, 0]},
			"faces": {
				"north": {"uv": [0.75, 10, 2.5, 10.25], "texture": "#texture"},
				"east": {"uv": [7.5, 10, 8.5, 10.25], "texture": "#texture"},
				"south": {"uv": [13.5, 10, 15.25, 10.25], "texture": "#texture"},
				"west": {"uv": [7.5, 10, 8.5, 10.25], "texture": "#texture"},
				"up": {"uv": [13.5, 7.5, 15.25, 8.5], "texture": "#texture"},
				"down": {"uv": [2.5, 8.5, 0.75, 7.5], "texture": "#texture"}
			}
		},
		{
			"from": [15.75, 7.85, 7],
			"to": [16, 8.85, 7.5],
			"rotation": {"angle": 0, "axis": "y", "origin": [0, -0.25, 0]},
			"faces": {
				"north": {"uv": [0.75, 10, 2.5, 10.25], "texture": "#texture"},
				"east": {"uv": [7.5, 10, 8.5, 10.25], "texture": "#texture"},
				"south": {"uv": [13.5, 10, 15.25, 10.25], "texture": "#texture"},
				"west": {"uv": [7.5, 10, 8.5, 10.25], "texture": "#texture"},
				"up": {"uv": [13.5, 7.5, 15.25, 8.5], "texture": "#texture"},
				"down": {"uv": [2.5, 8.5, 0.75, 7.5], "texture": "#texture"}
			}
		},
		{
			"from": [1.25, 8.1, 6.825],
			"to": [1.5, 8.85, 7.5],
			"rotation": {"angle": 0, "axis": "y", "origin": [0, -0.25, 0]},
			"faces": {
				"north": {"uv": [0.75, 10, 2.5, 10.25], "texture": "#texture"},
				"east": {"uv": [7.5, 10, 8.5, 10.25], "texture": "#texture"},
				"south": {"uv": [13.5, 10, 15.25, 10.25], "texture": "#texture"},
				"west": {"uv": [7.5, 10, 8.5, 10.25], "texture": "#texture"},
				"up": {"uv": [13.5, 7.5, 15.25, 8.5], "texture": "#texture"},
				"down": {"uv": [2.5, 8.5, 0.75, 7.5], "texture": "#texture"}
			}
		},
		{
			"from": [4.75, 3.8, 7.5],
			"to": [5.9, 7.5, 8.5],
			"rotation": {"angle": 0, "axis": "y", "origin": [-11.75, 0.5, 0]},
			"faces": {
				"north": {"uv": [0.75, 10, 2.5, 10.25], "texture": "#texture"},
				"east": {"uv": [7.5, 10, 8.5, 10.25], "texture": "#texture"},
				"south": {"uv": [13.5, 10, 15.25, 10.25], "texture": "#texture"},
				"west": {"uv": [7.5, 10, 8.5, 10.25], "texture": "#texture"},
				"up": {"uv": [13.5, 7.5, 15.25, 8.5], "texture": "#texture"},
				"down": {"uv": [2.5, 8.5, 0.75, 7.5], "texture": "#texture"}
			}
		},
		{
			"from": [25.75, 4.75, 7.125],
			"to": [26.25, 5, 8.875],
			"faces": {
				"north": {"uv": [10.2, 4.1, 10.95, 4.7], "texture": "#texture"},
				"east": {"uv": [10.3, 4.1, 10.8, 4.9], "texture": "#texture", "cullface": "east"},
				"south": {"uv": [10.1, 4.1, 10.85, 5], "texture": "#texture"},
				"west": {"uv": [10.3, 4.1, 10.8, 5], "texture": "#texture"},
				"up": {"uv": [10.25, 4.1, 10.8, 4.9], "texture": "#texture"},
				"down": {"uv": [10.2, 4.9, 10.7, 4.1], "texture": "#texture"}
			}
		},
		{
			"from": [25.5, 5, 6.95],
			"to": [26.25, 8.5, 9.05],
			"faces": {
				"north": {"uv": [10.2, 4.1, 10.95, 4.8], "texture": "#texture"},
				"east": {"uv": [10.3, 4.1, 10.9, 4.8], "texture": "#texture", "cullface": "east"},
				"south": {"uv": [10.2, 4.1, 10.95, 4.9], "texture": "#texture"},
				"west": {"uv": [10.3, 4.1, 10.8, 4.9], "texture": "#texture"},
				"up": {"uv": [10.25, 4.1, 11, 4.8], "texture": "#texture"},
				"down": {"uv": [10.2, 4.8, 11, 4.1], "texture": "#texture"}
			}
		},
		{
			"from": [25.75, 8.5, 7.125],
			"to": [26.25, 8.75, 8.875],
			"faces": {
				"north": {"uv": [10.1, 4.1, 10.6, 4.35], "texture": "#texture"},
				"east": {"uv": [10.6, 4.1, 10.1, 4.35], "texture": "#texture"},
				"south": {"uv": [10.35, 4.1, 10.85, 4.35], "texture": "#texture"},
				"west": {"uv": [10.6, 4.1, 10.1, 4.35], "texture": "#texture"},
				"up": {"uv": [10.1, 4.1, 10.6, 4.6], "texture": "#texture"}
			}
		},
		{
			"from": [0.325, 7.975, 8.275],
			"to": [10.275, 9.025, 8.775],
			"faces": {
				"north": {"uv": [0, 0, 9.95, 1.05], "texture": "#texture"},
				"east": {"uv": [0, 0, 0.5, 1.05], "texture": "#texture"},
				"south": {"uv": [0, 0, 9.95, 1.05], "texture": "#texture"},
				"west": {"uv": [0, 0, 0.5, 1.05], "texture": "#texture"},
				"up": {"uv": [0, 0, 9.95, 0.5], "texture": "#texture"},
				"down": {"uv": [0, 0, 9.95, 0.5], "texture": "#texture"}
			}
		},
		{
			"from": [7.2, 5.225, 7.85],
			"to": [7.9, 5.925, 8.15],
			"rotation": {"angle": 45, "axis": "z", "origin": [0, 0, 0]},
			"faces": {
				"north": {"uv": [0, 0, 0.7, 0.7], "texture": "#texture"},
				"east": {"uv": [0, 0, 0.3, 0.7], "texture": "#texture"},
				"south": {"uv": [0, 0, 0.7, 0.7], "texture": "#texture"},
				"west": {"uv": [0, 0, 0.3, 0.7], "texture": "#texture"},
				"up": {"uv": [0, 0, 0.7, 0.3], "texture": "#texture"},
				"down": {"uv": [0, 0, 0.7, 0.3], "texture": "#texture"}
			}
		},
		{
			"from": [4.325, 7.5, 7.5],
			"to": [6.325, 7.75, 8.5],
			"faces": {
				"north": {"uv": [0, 0, 2, 0.25], "texture": "#texture"},
				"east": {"uv": [0, 0, 1, 0.25], "texture": "#texture"},
				"south": {"uv": [0, 0, 2, 0.25], "texture": "#texture"},
				"west": {"uv": [0, 0, 1, 0.25], "texture": "#texture"},
				"up": {"uv": [0, 0, 2, 1], "texture": "#texture"},
				"down": {"uv": [0, 0, 2, 1], "texture": "#texture"}
			}
		},
		{
			"from": [0.325, 8.775, 7.475],
			"to": [10.275, 9.275, 8.525],
			"faces": {
				"north": {"uv": [0, 0, 9.95, 0.5], "texture": "#texture"},
				"east": {"uv": [0, 0, 1.05, 0.5], "texture": "#texture"},
				"south": {"uv": [0, 0, 9.95, 0.5], "texture": "#texture"},
				"west": {"uv": [0, 0, 1.05, 0.5], "texture": "#texture"},
				"up": {"uv": [0, 0, 9.95, 1.05], "texture": "#texture"},
				"down": {"uv": [0, 0, 9.95, 1.05], "texture": "#texture"}
			}
		},
		{
			"from": [0.325, 7.725, 7.475],
			"to": [10.275, 8.225, 8.525],
			"faces": {
				"north": {"uv": [0, 0, 9.95, 0.5], "texture": "#texture"},
				"east": {"uv": [0, 0, 1.05, 0.5], "texture": "#texture"},
				"south": {"uv": [0, 0, 9.95, 0.5], "texture": "#texture"},
				"west": {"uv": [0, 0, 1.05, 0.5], "texture": "#texture"},
				"up": {"uv": [0, 0, 9.95, 1.05], "texture": "#texture"},
				"down": {"uv": [0, 0, 9.95, 1.05], "texture": "#texture"}
			}
		},
		{
			"from": [-4.5, 7.925, 7.675],
			"to": [3.7, 8.175, 8.325],
			"faces": {
				"north": {"uv": [0, 0, 8.2, 0.25], "texture": "#texture"},
				"east": {"uv": [0, 0, 0.65, 0.25], "texture": "#texture"},
				"south": {"uv": [0, 0, 8.2, 0.25], "texture": "#texture"},
				"west": {"uv": [0, 0, 0.65, 0.25], "texture": "#texture"},
				"up": {"uv": [0, 0, 8.2, 0.65], "texture": "#texture"},
				"down": {"uv": [0, 0, 8.2, 0.65], "texture": "#texture"}
			}
		},
		{
			"from": [-4.5, 8.825, 7.675],
			"to": [3.7, 9.075, 8.325],
			"faces": {
				"north": {"uv": [0, 0, 8.2, 0.25], "texture": "#texture"},
				"east": {"uv": [0, 0, 0.65, 0.25], "texture": "#texture"},
				"south": {"uv": [0, 0, 8.2, 0.25], "texture": "#texture"},
				"west": {"uv": [0, 0, 0.65, 0.25], "texture": "#texture"},
				"up": {"uv": [0, 0, 8.2, 0.65], "texture": "#texture"},
				"down": {"uv": [0, 0, 8.2, 0.65], "texture": "#texture"}
			}
		},
		{
			"from": [-4.5, 8.175, 8.325],
			"to": [4.325, 8.825, 8.575],
			"faces": {
				"north": {"uv": [0, 0, 8.825, 0.65], "texture": "#texture"},
				"east": {"uv": [0, 0, 0.25, 0.65], "texture": "#texture"},
				"south": {"uv": [0, 0, 8.825, 0.65], "texture": "#texture"},
				"west": {"uv": [0, 0, 0.25, 0.65], "texture": "#texture"},
				"up": {"uv": [0, 0, 8.825, 0.25], "texture": "#texture"},
				"down": {"uv": [0, 0, 8.825, 0.25], "texture": "#texture"}
			}
		},
		{
			"from": [-4.5, 8.175, 7.425],
			"to": [4.325, 8.825, 7.675],
			"faces": {
				"north": {"uv": [0, 0, 8.825, 0.65], "texture": "#texture"},
				"east": {"uv": [0, 0, 0.25, 0.65], "texture": "#texture"},
				"south": {"uv": [0, 0, 8.825, 0.65], "texture": "#texture"},
				"west": {"uv": [0, 0, 0.25, 0.65], "texture": "#texture"},
				"up": {"uv": [0, 0, 8.825, 0.25], "texture": "#texture"},
				"down": {"uv": [0, 0, 8.825, 0.25], "texture": "#texture"}
			}
		},
		{
			"from": [0.325, 7.975, 7.225],
			"to": [10.275, 9.025, 7.725],
			"faces": {
				"north": {"uv": [0, 0, 9.95, 1.05], "texture": "#texture"},
				"east": {"uv": [0, 0, 0.5, 1.05], "texture": "#texture"},
				"south": {"uv": [0, 0, 9.95, 1.05], "texture": "#texture"},
				"west": {"uv": [0, 0, 0.5, 1.05], "texture": "#texture"},
				"up": {"uv": [0, 0, 9.95, 0.5], "texture": "#texture"},
				"down": {"uv": [0, 0, 9.95, 0.5], "texture": "#texture"}
			}
		}
	],
	"gui_light": "front",
	"display": {
		"thirdperson_righthand": {
			"rotation": [0, -90, -66],
			"translation": [0, 6.25, -0.5],
			"scale": [0.88, 0.87, 0.87]
		},
		"thirdperson_lefthand": {
			"rotation": [0, 90, 0],
			"translation": [0, 0.75, -5.75],
			"scale": [0.88, 0.87, 0.87]
		},
		"firstperson_righthand": {
			"rotation": [0, -90, 0],
			"translation": [0, 3, -6.25],
			"scale": [0.95, 0.94, 0.94]
		},
		"firstperson_lefthand": {
			"rotation": [0, 90, 0],
			"translation": [0, 3, -6.25],
			"scale": [0.95, 0.94, 0.94]
		},
		"ground": {
			"translation": [-3.25, 1.75, 0],
			"scale": [0.98, 0.97, 0.97]
		},
		"gui": {
			"rotation": [0, 0, -45],
			"translation": [-1.25, 1.75, 0],
			"scale": [0.65, 0.64, 0.9]
		},
		"head": {
			"rotation": [0, -93, 7],
			"translation": [0, 10.25, 0]
		},
		"fixed": {
			"rotation": [0, 180, -45],
			"translation": [1.75, 2.5, -1.25],
			"scale": [0.99, 0.98, 0.98]
		}
	},
	"groups": [
		{
			"name": "Striker",
			"origin": [8, 8, 8],
			"color": 0,
			"children": [
				{
					"name": "streetsweeper",
					"origin": [8, 8, 8],
					"color": 0,
					"children": [
						0,
						1,
						2,
						3,
						4,
						5,
						6,
						7,
						8,
						9,
						10,
						11,
						12,
						13,
						14,
						15,
						16,
						17,
						18,
						19,
						20,
						21,
						22,
						23,
						24,
						25,
						26,
						27,
						28,
						29,
						30,
						31,
						32,
						33,
						34,
						35,
						36,
						37,
						38,
						39,
						40,
						41,
						42,
						43,
						44,
						45,
						46,
						47,
						48,
						49,
						50,
						51,
						52,
						53,
						54,
						55,
						56,
						57,
						58,
						59,
						60,
						61,
						62,
						63,
						64,
						65,
						66,
						67,
						68,
						69
					]
				}
			]
		}
	]
}