{
	"providers": [
    {
      "type": "ttf",
      "file": "minecraft:font.ttf",
      "shift": [0, 0.5],
      "size": 9.0,
      "oversample": 20.0,
      "skip": ""
  },

		{
            "type": "bitmap",
            "file": "font/tags/general/ranks/ranks.png",
            "ascent": 7,
            "height": 7,
            "chars": [
                "",
                "",
                "",
                "",
                "",
                "",
                "",
                "",
                "",
                "",
                "",
                "",
                "",
                "",
                "",
				""
            ]
        },

		{"type": "bitmap","file": "font/tags/general/logos/logo.png","ascent": 50, "height": 70, "chars": [""]},
        {"type": "bitmap","file": "font/tags/general/logos/endernation-community.png","ascent":15,"height":27,"chars":[""]},
        {"type": "bitmap","file": "font/tags/general/logos/endoflife.png","ascent":15,"height":27,"chars":[""]},
        {"type": "bitmap","file": "font/tags/general/logos/enderguns.png","ascent":15,"height":27,"chars":[""]},


		{"type": "bitmap","file": "font/tags/general/ranks/ehackerlogo.png","ascent":7,"height":8,"chars":[""]},
		{"type": "bitmap","file": "font/tags/general/ranks/eherologo.png","ascent":7,"height":8,"chars":[""]},
		{"type": "bitmap","file": "font/tags/general/ranks/ekinglogo.png","ascent":7,"height":8,"chars":[""]},


        {"type": "bitmap","file": "font/tags/general/en/scoreboard/coins.png","ascent": 7, "height": 8, "chars": [""]},
        {"type": "bitmap","file": "font/tags/general/en/scoreboard/deaths.png","ascent": 7, "height": 8, "chars": [""]},
        {"type": "bitmap","file": "font/tags/general/en/scoreboard/kills.png","ascent": 7, "height": 8, "chars": [""]},
        {"type": "bitmap","file": "font/tags/general/de/scoreboard/eliminerungen.png","ascent": 7, "height": 8, "chars": [""]},
        {"type": "bitmap","file": "font/tags/general/en/scoreboard/next-map.png","ascent": 7, "height": 8, "chars": [""]},
        {"type": "bitmap","file": "font/tags/general/en/scoreboard/pings.png","ascent": 7, "height": 8, "chars": [""]},
        {"type": "bitmap","file": "font/tags/general/en/scoreboard/rank.png","ascent": 7, "height": 8, "chars": [""]},
        {"type": "bitmap","file": "font/tags/general/de/scoreboard/spielzeit.png","ascent": 7, "height": 8, "chars": [""]},
        {"type": "bitmap","file": "font/tags/general/en/scoreboard/playtime.png","ascent": 7, "height": 8, "chars": [""]},
        {"type": "bitmap","file": "font/tags/general/en/scoreboard/farmer.png","ascent":7,"height":8,"chars":[""]},
        {"type": "bitmap","file": "font/tags/general/de/scoreboard/bauer.png","ascent":7,"height":8,"chars":[""]},
        {"type": "bitmap","file": "font/tags/general/intl/scoreboard/kd.png","ascent": 7, "height": 8, "chars": [""]},




        {"type": "bitmap","file": "font/tags/lobby/de/hotbar/inventar.png","ascent":15,"height":27,"chars":[""]},
        {"type": "bitmap","file": "font/tags/lobby/en/hotbar/inventory.png","ascent":15,"height":27,"chars":[""]},
        {"type": "bitmap","file": "font/tags/lobby/de/hotbar/profil.png","ascent":15,"height":27,"chars":[""]},
        {"type": "bitmap","file": "font/tags/lobby/en/hotbar/profile.png","ascent":15,"height":27,"chars":[""]},
        {"type": "bitmap","file": "font/tags/lobby/en/hotbar/lobby-switcher.png","ascent":15,"height":27,"chars":[""]},
        {"type": "bitmap","file": "font/tags/lobby/en/hotbar/player-all.png","ascent":15,"height":27,"chars":[""]},
        {"type": "bitmap","file": "font/tags/lobby/en/hotbar/player-none.png","ascent":15,"height":27,"chars":[""]},
        {"type": "bitmap","file": "font/tags/lobby/en/hotbar/player-vips-visible.png","ascent":15,"height":27,"chars":[""]},
        {"type": "bitmap","file": "font/tags/lobby/en/hotbar/player-team-visible.png","ascent":15,"height":27,"chars":[""]},
        {"type": "bitmap","file": "font/tags/lobby/intl/hotbar/navigator.png","ascent":15,"height":27,"chars":[""]},

        {"type": "bitmap","file":"font/tags/lobby/en/hotbar/uc/trampoline.png","ascent":15,"height":27,"chars":[""]},
        {"type": "bitmap","file":"font/tags/lobby/de/hotbar/uc/trampolin.png","ascent":15,"height":27,"chars":[""]},
        {"type": "bitmap","file":"font/tags/lobby/en/hotbar/uc/snowball.png","ascent":15,"height":27,"chars":[""]},
        {"type": "bitmap","file":"font/tags/lobby/de/hotbar/uc/schneeball.png","ascent":15,"height":27,"chars":[""]},
        {"type": "bitmap","file":"font/tags/lobby/en/hotbar/uc/partypopper.png","ascent":15,"height":27,"chars":[""]},
        {"type": "bitmap","file":"font/tags/lobby/de/hotbar/uc/konfettikanone.png","ascent":15,"height":27,"chars":[""]},
        {"type": "bitmap","file":"font/tags/lobby/en/hotbar/uc/freezecannon.png","ascent":15,"height":27,"chars":[""]},
        {"type": "bitmap","file":"font/tags/lobby/de/hotbar/uc/frostkanone.png","ascent":15,"height":27,"chars":[""]},
        {"type": "bitmap","file":"font/tags/lobby/en/hotbar/uc/christmastree.png","ascent":15,"height":27,"chars":[""]},
        {"type": "bitmap","file":"font/tags/lobby/de/hotbar/uc/weihnachtsbaum.png","ascent":15,"height":27,"chars":[""]},

		{"type": "bitmap","file": "gui/navnew.png","ascent":19,"height":256,"chars":[""]},



		{"type": "bitmap","file": "font/tags/general/space.png","ascent": -32768,"height": -3,"chars": [""]},
		{"type": "bitmap","file": "font/tags/general/space_split.png","ascent": 1,"height": 100,"chars": [""]},
		

		
		
		{"type": "bitmap","file": "font/enderguns/flashbang.png","ascent": 1000,"height": 32768,"chars": [""]}


          
	
	]
}