{
	"credit": "by w11shes",
	"textures": {
		"0": "block/propeller_plane",
		"1": "block/propeller",
		"particle": "block/propeller_plane"
	},
	"elements": [
		{
			"from": [6, 7, 12],
			"to": [10, 10, 15],
			"rotation": {"angle": 0, "axis": "y", "origin": [0, 4, 0]},
			"faces": {
				"north": {"uv": [0, 0, 1, 0.75], "texture": "#0"},
				"east": {"uv": [4.25, 13.75, 3.5, 14.5], "texture": "#0"},
				"south": {"uv": [0, 0, 0, 0], "texture": "#0"},
				"west": {"uv": [3.5, 13.75, 4.25, 14.5], "texture": "#0"},
				"up": {"uv": [4, 8.25, 5, 9], "texture": "#0"},
				"down": {"uv": [0, 0, 0, 0], "texture": "#0"}
			}
		},
		{
			"from": [6, 6, -4],
			"to": [10, 10, -2],
			"rotation": {"angle": 0, "axis": "y", "origin": [0, 4, 0]},
			"faces": {
				"north": {"uv": [0, 12.75, 1, 13.75], "texture": "#0", "tintindex": 0},
				"east": {"uv": [1.5, 12.75, 1, 13.75], "texture": "#0", "tintindex": 0},
				"south": {"uv": [0, 0, 1, 1], "texture": "#0", "tintindex": 0},
				"west": {"uv": [1, 12.75, 1.5, 13.75], "texture": "#0", "tintindex": 0},
				"up": {"uv": [2, 12.75, 2.5, 13.75], "rotation": 90, "texture": "#0", "tintindex": 0},
				"down": {"uv": [1.5, 12.75, 2, 13.75], "rotation": 90, "texture": "#0", "tintindex": 0}
			}
		},
		{
			"from": [6, 4, 12],
			"to": [10, 10, 22],
			"rotation": {"angle": 0, "axis": "y", "origin": [0, 4, 0]},
			"faces": {
				"north": {"uv": [0, 0, 1, 1.5], "texture": "#0", "tintindex": 0},
				"east": {"uv": [6, 14.5, 3.5, 16], "texture": "#0", "tintindex": 0},
				"south": {"uv": [5, 11.5, 6, 13], "texture": "#0", "tintindex": 0},
				"west": {"uv": [3.5, 14.5, 6, 16], "texture": "#0", "tintindex": 0},
				"up": {"uv": [4, 9, 5, 11.5], "texture": "#0", "tintindex": 0},
				"down": {"uv": [5, 9, 6, 11.5], "texture": "#0", "tintindex": 0}
			}
		},
		{
			"from": [-8, 12, 2],
			"to": [24, 13, 12],
			"rotation": {"angle": 0, "axis": "y", "origin": [0, 4, 0]},
			"faces": {
				"north": {"uv": [16, 13.75, 8, 13.5], "texture": "#0"},
				"east": {"uv": [13.5, 10, 16, 10.25], "texture": "#0"},
				"south": {"uv": [8, 13, 16, 13.25], "texture": "#0"},
				"west": {"uv": [16, 10, 13.5, 10.25], "texture": "#0"},
				"up": {"uv": [8, 13.5, 16, 16], "texture": "#0"},
				"down": {"uv": [8, 16, 16, 13.5], "texture": "#0"}
			}
		},
		{
			"from": [4, 7, -2],
			"to": [12, 12, 12],
			"rotation": {"angle": 0, "axis": "y", "origin": [0, 4, 0]},
			"faces": {
				"north": {"uv": [14, 7.75, 16, 9], "texture": "#0"},
				"east": {"uv": [3.5, 13.75, 0, 15], "texture": "#0"},
				"south": {"uv": [8.5, 7.75, 10.5, 9], "texture": "#0"},
				"west": {"uv": [0, 13.75, 3.5, 15], "texture": "#0"},
				"up": {"uv": [10.5, 8, 14, 10], "rotation": 90, "texture": "#0"},
				"down": {"uv": [6, 8, 8, 11.5], "texture": "#0"}
			}
		},
		{
			"from": [7.5, 9, 17.8],
			"to": [8.5, 15, 23.8],
			"rotation": {"angle": 22.5, "axis": "x", "origin": [8, 13, 18.8]},
			"faces": {
				"north": {"uv": [4.25, 13, 4.5, 14.5], "texture": "#0", "tintindex": 0},
				"east": {"uv": [6, 13, 4.25, 14.5], "texture": "#0", "tintindex": 0},
				"south": {"uv": [7.5, 12.75, 7.75, 14.25], "texture": "#0", "tintindex": 0},
				"west": {"uv": [4.25, 13, 6, 14.5], "texture": "#0", "tintindex": 0},
				"up": {"uv": [4.25, 13, 6, 13.25], "rotation": 90, "texture": "#0", "tintindex": 0},
				"down": {"uv": [0, 0, 0.5, 1.75], "texture": "#0", "tintindex": 0}
			}
		},
		{
			"from": [0, 6, 16],
			"to": [6, 7, 22],
			"rotation": {"angle": 0, "axis": "y", "origin": [0, 4, 0]},
			"faces": {
				"north": {"uv": [6, 13.75, 7.5, 14], "texture": "#0", "tintindex": 0},
				"east": {"uv": [0, 0, 1.5, 0.25], "texture": "#0", "tintindex": 0},
				"south": {"uv": [6, 13.25, 7.5, 13.5], "texture": "#0", "tintindex": 0},
				"west": {"uv": [7.5, 14.25, 7.75, 15.75], "rotation": 90, "texture": "#0", "tintindex": 0},
				"up": {"uv": [6, 14.25, 7.5, 15.75], "texture": "#0", "tintindex": 0},
				"down": {"uv": [6, 11.5, 7.5, 13], "texture": "#0", "tintindex": 0}
			}
		},
		{
			"from": [10, 6, 16],
			"to": [16, 7, 22],
			"rotation": {"angle": 0, "axis": "y", "origin": [0, 4, 0]},
			"faces": {
				"north": {"uv": [7.5, 13.75, 6, 14], "texture": "#0", "tintindex": 0},
				"east": {"uv": [7.5, 15.75, 7.75, 14.25], "rotation": 90, "texture": "#0", "tintindex": 0},
				"south": {"uv": [7.5, 13.25, 6, 13.5], "texture": "#0", "tintindex": 0},
				"west": {"uv": [7.5, 14.25, 7.75, 15.75], "rotation": 90, "texture": "#0", "tintindex": 0},
				"up": {"uv": [7.5, 14.25, 6, 15.75], "texture": "#0", "tintindex": 0},
				"down": {"uv": [7.5, 11.5, 6, 13], "texture": "#0", "tintindex": 0}
			}
		},
		{
			"from": [4, 4, -2],
			"to": [12, 8, 12],
			"rotation": {"angle": 0, "axis": "y", "origin": [0, 4, 0]},
			"faces": {
				"north": {"uv": [14, 9, 16, 10], "texture": "#0", "tintindex": 0},
				"east": {"uv": [3.5, 15, 0, 16], "texture": "#0", "tintindex": 0},
				"south": {"uv": [8.5, 9, 10.5, 10], "texture": "#0", "tintindex": 0},
				"west": {"uv": [0, 15, 3.5, 16], "texture": "#0", "tintindex": 0},
				"up": {"uv": [10.5, 8, 14, 10], "rotation": 90, "texture": "#0", "tintindex": 0},
				"down": {"uv": [6, 8, 8, 11.5], "texture": "#0", "tintindex": 0}
			}
		},
		{
			"from": [6.75, -0.25, -1.75],
			"to": [9.25, 3.25, 1.75],
			"rotation": {"angle": 0, "axis": "y", "origin": [0, 4, 0]},
			"faces": {
				"north": {"uv": [14.25, 6.75, 15, 7.75], "texture": "#0"},
				"east": {"uv": [15, 6.75, 16, 7.75], "texture": "#0"},
				"south": {"uv": [14.25, 6.75, 15, 7.75], "texture": "#0"},
				"west": {"uv": [15, 6.75, 16, 7.75], "texture": "#0"},
				"up": {"uv": [12.75, 6.75, 13.5, 7.75], "texture": "#0"},
				"down": {"uv": [13.5, 6.75, 14.25, 7.75], "texture": "#0"}
			}
		},
		{
			"from": [1.25, 0, 7.5],
			"to": [3.25, 3, 10.5],
			"rotation": {"angle": 0, "axis": "y", "origin": [-0.25, 4, -0.5]},
			"faces": {
				"north": {"uv": [15.25, 6, 15.75, 6.75], "texture": "#0"},
				"east": {"uv": [15.25, 6, 16, 6.75], "texture": "#0"},
				"south": {"uv": [15.25, 6, 15.75, 6.75], "texture": "#0"},
				"west": {"uv": [15.25, 6, 16, 6.75], "texture": "#0"},
				"up": {"uv": [15.25, 6, 15.75, 6.75], "texture": "#0"},
				"down": {"uv": [15.25, 6, 15.75, 6.75], "texture": "#0"}
			}
		},
		{
			"from": [12.5, -0.25, 7.25],
			"to": [15, 3.25, 10.75],
			"rotation": {"angle": 0, "axis": "y", "origin": [0.25, 4, -0.5]},
			"faces": {
				"north": {"uv": [14.25, 6.75, 15, 7.75], "texture": "#0"},
				"east": {"uv": [15, 6.75, 16, 7.75], "texture": "#0"},
				"south": {"uv": [14.25, 6.75, 15, 7.75], "texture": "#0"},
				"west": {"uv": [15, 6.75, 16, 7.75], "texture": "#0"},
				"up": {"uv": [12.75, 6.75, 13.5, 7.75], "texture": "#0"},
				"down": {"uv": [13.5, 6.75, 14.25, 7.75], "texture": "#0"}
			}
		},
		{
			"from": [7.5, 3, -0.5],
			"to": [8.5, 4, 0.5],
			"rotation": {"angle": 0, "axis": "y", "origin": [0, 4, 0]},
			"faces": {
				"north": {"uv": [15.75, 5.5, 16, 5.75], "texture": "#0"},
				"east": {"uv": [15.75, 5.5, 16, 5.75], "texture": "#0"},
				"south": {"uv": [15.75, 5.5, 16, 5.75], "texture": "#0"},
				"west": {"uv": [15.75, 5.5, 16, 5.75], "texture": "#0"}
			}
		},
		{
			"from": [2.01537, 2.59776, 8.5],
			"to": [7.01537, 3.59776, 9.5],
			"rotation": {"angle": 45, "axis": "z", "origin": [5.01537, 2.84776, 9]},
			"faces": {
				"north": {"uv": [15.75, 4.75, 16, 6], "rotation": 270, "texture": "#0"},
				"south": {"uv": [15.75, 4.75, 16, 6], "rotation": 90, "texture": "#0"},
				"up": {"uv": [15.75, 4.75, 16, 6], "rotation": 90, "texture": "#0"},
				"down": {"uv": [15.75, 4.75, 16, 6], "rotation": 90, "texture": "#0"}
			}
		},
		{
			"from": [10.73463, -0.15224, 8.5],
			"to": [11.73463, 4.84776, 9.5],
			"rotation": {"angle": 45, "axis": "z", "origin": [10.98463, 2.84776, 9]},
			"faces": {
				"north": {"uv": [15.75, 4.75, 16, 6], "texture": "#0"},
				"east": {"uv": [15.75, 4.75, 16, 6], "texture": "#0"},
				"south": {"uv": [15.75, 4.75, 16, 6], "texture": "#0"},
				"west": {"uv": [15.75, 4.75, 16, 6], "texture": "#0"}
			}
		},
		{
			"from": [12.75, 0, 7.5],
			"to": [14.75, 3, 10.5],
			"rotation": {"angle": 0, "axis": "y", "origin": [0.25, 4, -0.5]},
			"faces": {
				"north": {"uv": [15.25, 6, 15.75, 6.75], "texture": "#0"},
				"east": {"uv": [15.25, 6, 16, 6.75], "texture": "#0"},
				"south": {"uv": [15.25, 6, 15.75, 6.75], "texture": "#0"},
				"west": {"uv": [15.25, 6, 16, 6.75], "texture": "#0"},
				"up": {"uv": [15.25, 6, 15.75, 6.75], "texture": "#0"},
				"down": {"uv": [15.25, 6, 15.75, 6.75], "texture": "#0"}
			}
		},
		{
			"from": [1, -0.25, 7.25],
			"to": [3.5, 3.25, 10.75],
			"rotation": {"angle": 0, "axis": "y", "origin": [-0.25, 4, -0.5]},
			"faces": {
				"north": {"uv": [14.25, 6.75, 15, 7.75], "texture": "#0"},
				"east": {"uv": [15, 6.75, 16, 7.75], "texture": "#0"},
				"south": {"uv": [14.25, 6.75, 15, 7.75], "texture": "#0"},
				"west": {"uv": [15, 6.75, 16, 7.75], "texture": "#0"},
				"up": {"uv": [12.75, 6.75, 13.5, 7.75], "texture": "#0"},
				"down": {"uv": [13.5, 6.75, 14.25, 7.75], "texture": "#0"}
			}
		},
		{
			"from": [7, 0, -1.5],
			"to": [9, 3, 1.5],
			"rotation": {"angle": 0, "axis": "y", "origin": [0, 4, 0]},
			"faces": {
				"north": {"uv": [15.25, 6, 15.75, 6.75], "texture": "#0"},
				"east": {"uv": [15.25, 6, 16, 6.75], "texture": "#0"},
				"south": {"uv": [15.25, 6, 15.75, 6.75], "texture": "#0"},
				"west": {"uv": [15.25, 6, 16, 6.75], "texture": "#0"},
				"up": {"uv": [15.25, 6, 15.75, 6.75], "texture": "#0"},
				"down": {"uv": [15.25, 6, 15.75, 6.75], "texture": "#0"}
			}
		},
		{
			"from": [-8, 4, 4],
			"to": [4, 6, 6],
			"rotation": {"angle": -45, "axis": "z", "origin": [4, 4, 3]},
			"faces": {
				"north": {"uv": [16, 0, 12.9, 0.5], "texture": "#0"},
				"south": {"uv": [12.9, 0, 16, 0.5], "texture": "#0"},
				"up": {"uv": [12.9, 0.5, 16, 1], "texture": "#0"},
				"down": {"uv": [12.9, 1, 16, 1.5], "texture": "#0"}
			}
		},
		{
			"from": [12, 4, 4],
			"to": [24, 6, 6],
			"rotation": {"angle": 45, "axis": "z", "origin": [12, 4, 3]},
			"faces": {
				"north": {"uv": [12.9, 0, 16, 0.5], "texture": "#0"},
				"south": {"uv": [16, 0, 12.9, 0.5], "texture": "#0"},
				"up": {"uv": [16, 0.5, 12.9, 1], "texture": "#0"},
				"down": {"uv": [16, 1, 12.9, 1.5], "texture": "#0"}
			}
		},
		{
			"from": [6, 10, -3],
			"to": [10, 16, -2.95],
			"faces": {
				"north": {"uv": [0, 0, 4, 6], "texture": "#1"},
				"south": {"uv": [4, 0, 0, 6], "texture": "#1"}
			}
		},
		{
			"from": [6, 0, -3],
			"to": [10, 6, -2.95],
			"rotation": {"angle": 0, "axis": "y", "origin": [0, 16, 0]},
			"faces": {
				"north": {"uv": [4, 6, 0, 0], "texture": "#1"},
				"south": {"uv": [0, 6, 4, 0], "texture": "#1"}
			}
		},
		{
			"from": [6, 10, -3],
			"to": [10, 16, -2.95],
			"rotation": {"angle": 45, "axis": "z", "origin": [8, 8, -2.975]},
			"faces": {
				"north": {"uv": [4, 0, 8, 6], "texture": "#1"},
				"south": {"uv": [8, 0, 4, 6], "texture": "#1"}
			}
		},
		{
			"from": [6, 0, -3],
			"to": [10, 6, -2.95],
			"rotation": {"angle": 45, "axis": "z", "origin": [8, 8, -2.975]},
			"faces": {
				"north": {"uv": [8, 6, 4, 0], "texture": "#1"},
				"south": {"uv": [4, 6, 8, 0], "texture": "#1"}
			}
		},
		{
			"from": [0, 6, -3],
			"to": [6, 10, -2.95],
			"rotation": {"angle": 0, "axis": "z", "origin": [8, 8, -2.975]},
			"faces": {
				"north": {"uv": [8, 0, 12, 6], "rotation": 90, "texture": "#1"},
				"south": {"uv": [12, 0, 8, 6], "rotation": 270, "texture": "#1"}
			}
		},
		{
			"from": [10, 6, -3],
			"to": [16, 10, -2.95],
			"rotation": {"angle": 0, "axis": "z", "origin": [8, 8, -2.975]},
			"faces": {
				"north": {"uv": [12, 6, 8, 0], "rotation": 90, "texture": "#1"},
				"south": {"uv": [8, 6, 12, 0], "rotation": 270, "texture": "#1"}
			}
		},
		{
			"from": [0, 6, -3],
			"to": [6, 10, -2.95],
			"rotation": {"angle": 45, "axis": "z", "origin": [8, 8, -2.975]},
			"faces": {
				"north": {"uv": [12, 0, 16, 6], "rotation": 90, "texture": "#1"},
				"south": {"uv": [16, 0, 12, 6], "rotation": 270, "texture": "#1"}
			}
		},
		{
			"from": [10, 6, -3],
			"to": [16, 10, -2.95],
			"rotation": {"angle": 45, "axis": "z", "origin": [8, 8, -2.975]},
			"faces": {
				"north": {"uv": [16, 6, 12, 0], "rotation": 90, "texture": "#1"},
				"south": {"uv": [12, 6, 16, 0], "rotation": 270, "texture": "#1"}
			}
		}
	],
	"display": {
		"thirdperson_righthand": {
			"rotation": [40, 135, 0],
			"translation": [0, 3.25, 1.5],
			"scale": [0.5, 0.5, 0.5]
		},
		"thirdperson_lefthand": {
			"rotation": [40, 135, 0],
			"translation": [0, 3.25, 1.5],
			"scale": [0.5, 0.5, 0.5]
		},
		"firstperson_righthand": {
			"rotation": [0, 115, 0],
			"translation": [0, 3.5, 0],
			"scale": [0.4, 0.4, 0.4]
		},
		"firstperson_lefthand": {
			"rotation": [0, 115, 0],
			"translation": [0, 3.5, 0],
			"scale": [0.4, 0.4, 0.4]
		},
		"ground": {
			"translation": [0, 3, 0],
			"scale": [0.2, 0.2, 0.2]
		},
		"gui": {
			"rotation": [30, -135, 0],
			"scale": [0.50976, 0.50976, 0.50976]
		},
		"head": {
			"translation": [0, -39.25, 2.5],
			"scale": [1.5, 1.5, 1.5]
		},
		"fixed": {
			"translation": [0, 1.25, 0]
		}
	},
	"groups": [
		{
			"name": "propeller_plane",
			"origin": [8, 8, 8],
			"color": 0,
			"children": [
				0,
				1,
				2,
				3,
				4,
				5,
				6,
				7,
				8,
				9,
				10,
				11,
				12,
				13,
				14,
				15,
				16,
				17,
				18,
				19,
				{
					"name": "propeller",
					"origin": [0, 16, 0],
					"color": 0,
					"children": [
						{
							"name": "propeller_1",
							"origin": [0, 16, 0],
							"color": 0,
							"children": [20, 21]
						},
						{
							"name": "propeller_2",
							"origin": [0, 16, 0],
							"color": 0,
							"children": [22, 23]
						},
						{
							"name": "propeller_3",
							"origin": [0, 16, 0],
							"color": 0,
							"children": [24, 25]
						},
						{
							"name": "propeller_4",
							"origin": [0, 16, 0],
							"color": 0,
							"children": [26, 27]
						}
					]
				}
			]
		}
	]
}